flightPositionId,flightId,timestamp,icao,callsign,type,registration,altitude,prevAltitude,nextAltitude,secondsPrev,secondsNext,impliedVerticalRatePrev,impliedVerticalRateNext,verticalRate,groundSpeed,lat,lon
4427397,116824,2026-09-27T08:12:56.047Z,471F31,WZZ488R,A21N,HA-LVD,66300,,66300,19.359,21.361,,0,20416,,49.43568342823093,18.741413838154585
4427457,116824,2026-09-27T08:13:17.408Z,471F31,WZZ488R,A21N,HA-LVD,66300,66300,35025,21.361,10.056,0,-186605.01193317422,16320,,49.47106312897245,18.776970940667297
4426536,116854,2026-09-27T08:08:16.836Z,4CA88C,RYR31ZH,B738,EI-ENA,99900,3900,93400,22.805,22.006,252576.18943214207,-17722.439334726892,8128,77,49.18425479177701,17.513146651418538
4426602,116854,2026-09-27T08:08:38.842Z,4CA88C,RYR31ZH,B738,EI-ENA,93400,99900,87000,22.006,21.575,-17722.439334726892,-17798.377752027813,8128,81,49.20973205566406,17.571575458233156
4426670,116854,2026-09-27T08:09:00.417Z,4CA88C,RYR31ZH,B738,EI-ENA,87000,93400,,21.575,21.955,-17798.377752027813,,8128,546,49.23426818847656,17.628126878004878
4426810,116854,2026-09-27T08:09:41.940Z,4CA88C,RYR31ZH,B738,EI-ENA,74200,,,19.568,23.803,,,4032,326,49.28050231933594,17.734328049879878
4427276,116854,2026-09-27T08:11:55.564Z,4CA88C,RYR31ZH,B738,EI-ENA,93000,3100,,2.977,35.685,1811891.1656029562,,-12224,318,49.42286682128906,18.065678523136967
4427399,116854,2026-09-27T08:12:54.928Z,4CA88C,RYR31ZH,B738,EI-ENA,67000,,53425,23.679,23.236,,-35053.3654673782,-4032,807,49.481689453125,18.20304469058385
4427462,116854,2026-09-27T08:13:18.164Z,4CA88C,RYR31ZH,B738,EI-ENA,53425,67000,20900,23.236,13.218,-35053.3654673782,-147639.5823876532,28608,556,49.503936767578125,18.255735698499166
4426727,116877,2026-09-27T08:09:22.673Z,4D242D,WMT223,A321,9H-WAY,66200,,,22.092,21.623,,,16320,148,48.46966552734375,20.123150165264406
4426935,116877,2026-09-27T08:10:26.626Z,4D242D,WMT223,A321,9H-WAY,66375,,66375,21.792,20.285,,0,16320,916,48.41949462890625,20.32130994294812
4427000,116877,2026-09-27T08:10:46.911Z,4D242D,WMT223,A321,9H-WAY,66375,66375,,20.285,21.818,0,,12224,660,48.40352721133474,20.38397538034542
4426639,116884,2026-09-27T08:08:54.628Z,469E45,SEH760,A20N,SX-GRE,85500,,,15.486,24.355,,,24512,552,49.14580264333951,15.704160991467916
4426779,116884,2026-09-27T08:09:40.341Z,469E45,SEH760,A20N,SX-GRE,73000,,,21.358,24.135,,,20416,552,49.1986083984375,15.599107008713872
4426454,116895,2026-09-27T08:07:50.482Z,4D206B,WMT5310,A21N,9H-WMA,80200,35975,,16.231,27.252,163483.45758117182,,-8128,,48.578704833984375,15.730097844050533
4427446,116895,2026-09-27T08:13:19.341Z,4D206B,WMT5310,A21N,9H-WMA,80600,,36025,21.737,19.144,,-139704.34600919348,-8128,,48.953521728515625,15.004155085636967
4427910,116895,2026-09-27T08:15:46.714Z,4D206B,WMT5310,A21N,9H-WMA,80600,,,21.461,22.175,,,-8128,,49.11497497558594,14.670058030348628
4427071,116906,2026-09-27T08:11:09.657Z,4D2020,WZZ81,A319,9H-AEJ,62700,,,21.053,21.194,,,24512,,49.41431595107256,16.946917082134064
4427886,116906,2026-09-27T08:15:46.985Z,4D2020,WZZ81,A319,9H-AEJ,62625,,62625,21.054,11.551,,0,16320,,49.928009033203125,17.28611996299344
4427951,116906,2026-09-27T08:15:58.536Z,4D2020,WZZ81,A319,9H-AEJ,62625,62625,62625,11.551,0,0,,16320,,49.94956970214844,17.300503379420206
4428013,116906,2026-09-27T08:15:58.536Z,4D2020,WZZ81,A319,9H-AEJ,62625,62625,,0,,,,16320,,49.94956970214844,17.300503379420206
4426466,116908,2026-09-27T08:07:54.307Z,3C66E1,DLH1CW,A320,D-AIWA,91800,30875,,19.472,21.928,187731.10106820049,,28608,179,48.426544189453125,17.785527155949467
4426596,116908,2026-09-27T08:08:38.678Z,3C66E1,DLH1CW,A320,D-AIWA,79975,,,22.443,22.31,,,24512,930,48.369218212063025,17.897668135793538
4427207,116908,2026-09-27T08:11:51.768Z,3C66E1,DLH1CW,A320,D-AIWA,91800,,80775,22.095,12.312,,-53728.070175438595,-28608,455,48.132293701171875,18.314071655273438
4427270,116908,2026-09-27T08:12:04.080Z,3C66E1,DLH1CW,A320,D-AIWA,80775,91800,,12.312,,-53728.070175438595,,-24512,457,48.11760336665784,27.569134051983156
4426589,116909,2026-09-27T08:08:39.363Z,4BB87A,PGT28RL,A20N,TC-NCZ,94775,,94675,22.582,21.598,,-277.8035003241041,28608,,47.907606221861755,27.397648737980717
4426658,116909,2026-09-27T08:09:00.961Z,4BB87A,PGT28RL,A20N,TC-NCZ,94675,94775,94775,21.598,20.456,-277.8035003241041,293.31247555729374,28608,,47.86463928222656,18.199813842773438
4426728,116909,2026-09-27T08:09:21.417Z,4BB87A,PGT28RL,A20N,TC-NCZ,94775,94675,,20.456,22.907,293.31247555729374,,28608,,47.82381219378972,27.461594801682622
4426867,116909,2026-09-27T08:10:04.861Z,4BB87A,PGT28RL,A20N,TC-NCZ,98275,,98275,20.537,22.091,,0,28608,433,47.740264892578125,18.304733276367188
4426936,116909,2026-09-27T08:10:26.952Z,4BB87A,PGT28RL,A20N,TC-NCZ,98275,98275,,22.091,21.57,0,,28608,945,47.698883056640625,18.345245361328125
4427067,116909,2026-09-27T08:11:10.258Z,4BB87A,PGT28RL,A20N,TC-NCZ,98275,,98375,21.736,20.975,,286.0548271752086,28608,434,47.61698913574219,18.422149658203125
4427135,116909,2026-09-27T08:11:31.233Z,4BB87A,PGT28RL,A20N,TC-NCZ,98375,98275,98275,20.975,18.784,286.0548271752086,-319.4207836456559,28608,178,47.5770853333554,27.68949068509619
4427201,116909,2026-09-27T08:11:50.017Z,4BB87A,PGT28RL,A20N,TC-NCZ,98275,98375,98275,18.784,15.622,-319.4207836456559,0,28608,178,47.541412353515625,18.491294860839844
4427265,116909,2026-09-27T08:12:05.639Z,4BB87A,PGT28RL,A20N,TC-NCZ,98275,98275,,15.622,27.308,0,,28608,178,47.5118408203125,18.518348693847656
4426431,116910,2026-09-27T08:07:56.329Z,400A25,BAW862U,A320,G-EUUP,62375,28900,,23.746,18.104,84582.66655436705,,20416,425,48.26833951271186,18.086459511204794
4426561,116911,2026-09-27T08:08:39.311Z,4D2450,NVD8432,A320,9H-MLX,80200,,80300,21.631,21.27,,282.08744710860367,4032,,49.111541748046875,21.19142972506006
4426629,116911,2026-09-27T08:09:00.581Z,4D2450,NVD8432,A320,9H-MLX,80300,80200,80200,21.27,22.119,282.08744710860367,-271.26000271260006,4032,,49.151621673066735,21.20693809107729
4426699,116911,2026-09-27T08:09:22.700Z,4D2450,NVD8432,A320,9H-MLX,80200,80300,,22.119,21.296,-271.26000271260006,,4032,,49.19343566894531,21.223191481370122
4427366,116911,2026-09-27T08:12:56.513Z,4D2450,NVD8432,A320,9H-MLX,80625,,,20.044,21.299,,,-24512,,49.598236083984375,21.382285670230203
4426444,116912,2026-09-27T08:07:55.072Z,452144,ELY2522,A320,LZ-EAI,66275,35000,66375,20.823,14.613,90116.69788214954,410.5933073290906,-4032,179,47.794830322265625,17.908676147460938
4426509,116912,2026-09-27T08:08:09.685Z,452144,ELY2522,A320,LZ-EAI,66375,66275,66375,14.613,26.456,410.5933073290906,0,-4032,179,47.76659949351165,17.93454683743994
4426575,116912,2026-09-27T08:08:36.141Z,452144,ELY2522,A320,LZ-EAI,66375,66375,66275,26.456,24.82,0,-241.74053182917,-4032,179,47.715531688625525,17.981379582331783
4426643,116912,2026-09-27T08:09:00.961Z,452144,ELY2522,A320,LZ-EAI,66275,66375,66275,24.82,18.022,-241.74053182917,0,-4032,947,47.66725158691406,18.025405883789062
4426713,116912,2026-09-27T08:09:18.983Z,452144,ELY2522,A320,LZ-EAI,66275,66275,,18.022,25.313,0,,-4032,947,47.63236999511719,18.05712890625
4427403,116916,2026-09-27T08:12:48.208Z,48CB15,TVP7403,B738,SP-TVZ,93500,,,11.63,0,,,4032,307,49.82616359904661,18.11430235166813
4426574,116917,2026-09-27T08:08:39.228Z,49D26C,TVS4UW,B738,OK-TVR,54200,,,21.331,21.814,,,-12224,,48.91181945800781,17.160292405348628
4426671,116922,2026-09-27T08:09:00.906Z,885178,THA920,B77W,HS-TKX,79975,,75075,35.249,17.258,,-17035.57770309422,-16320,,47.970591399629235,15.236065204326906
4426740,116922,2026-09-27T08:09:18.164Z,885178,THA920,B77W,HS-TKX,75075,79975,72775,17.258,0,-17035.57770309422,,-12224,,47.98365783691406,15.184959411621094
4426811,116922,2026-09-27T08:09:18.164Z,885178,THA920,B77W,HS-TKX,72775,75075,66775,0,32.003,,-11248.945411367684,-16320,,47.98365783691406,15.184959411621094
4426881,116922,2026-09-27T08:09:50.167Z,885178,THA920,B77W,HS-TKX,66775,72775,62600,32.003,18.023,-11248.945411367684,-13898.90695222771,-12224,,48.00778663764565,15.090425931490358
4426948,116922,2026-09-27T08:10:08.190Z,885178,THA920,B77W,HS-TKX,62600,66775,,18.023,38.589,-13898.90695222771,,-12224,,48.02147299556409,15.03662109375
4427593,116923,2026-09-27T08:13:59.724Z,4D242F,WMT893,A320,9H-WBA,98375,37000,98375,21.04,22.149,175023.76425855517,0,20416,656,48.65919210143008,28.232911762438334
4427653,116923,2026-09-27T08:14:21.873Z,4D242F,WMT893,A320,9H-WBA,98375,98375,,22.149,21.352,0,,20416,656,48.64517987784693,28.303455553556773
4427973,116923,2026-09-27T08:16:08.971Z,4D242F,WMT893,A320,9H-WBA,94775,,94775,21.657,21.35,,0,20416,912,48.5768411927304,19.16897422388979
4428033,116923,2026-09-27T08:16:30.321Z,4D242F,WMT893,A320,9H-WBA,94775,94775,94775,21.35,21.382,0,0,20416,656,48.56310828257415,19.236337762129892
4428095,116923,2026-09-27T08:16:51.703Z,4D242F,WMT893,A320,9H-WBA,94775,94775,94775,21.382,21.465,0,0,20416,656,48.54932882018008,19.303773578844584
4428157,116923,2026-09-27T08:17:13.168Z,4D242F,WMT893,A320,9H-WBA,94775,94775,,21.465,20.317,0,,20416,656,48.53545625331038,19.37135395250823
4428337,116923,2026-09-27T08:18:16.436Z,4D242F,WMT893,A320,9H-WBA,98200,,,20.29,22.063,,,16320,656,48.494293212890625,19.570453350360594
4428584,116923,2026-09-27T08:19:43.191Z,4D242F,WMT893,A320,9H-WBA,98200,,98200,21.978,21.625,,0,16320,145,48.43721008300781,19.842787522536128
4428651,116923,2026-09-27T08:20:04.816Z,4D242F,WMT893,A320,9H-WBA,98200,98200,98200,21.625,21.299,0,0,16320,145,48.42292785644531,19.910466120793217
4428712,116923,2026-09-27T08:20:26.115Z,4D242F,WMT893,A320,9H-WBA,98200,98200,,21.299,21.573,0,,16320,913,48.40882873535156,19.97701791616589
4429157,116923,2026-09-27T08:22:55.238Z,4D242F,WMT893,A320,9H-WBA,94600,,94775,20.227,6.854,,1531.9521447330026,12224,141,48.31260681152344,20.441964956430297
4429225,116923,2026-09-27T08:23:02.092Z,4D242F,WMT893,A320,9H-WBA,94775,94600,94600,6.854,36.621,1531.9521447330026,-286.720734005079,12224,141,48.30893306408898,20.46362625925167
4429290,116923,2026-09-27T08:23:38.713Z,4D242F,WMT893,A320,9H-WBA,94600,94775,94600,36.621,21.952,-286.720734005079,0,12224,142,48.289031982421875,20.57901235727161
4429358,116923,2026-09-27T08:24:00.665Z,4D242F,WMT893,A320,9H-WBA,94600,94600,,21.952,21.084,0,,12224,398,48.276947021484375,20.64809945913464
4429667,116923,2026-09-27T08:25:44.626Z,4D242F,WMT893,A320,9H-WBA,98375,37000,98375,22.143,4.065,166305.3786749763,0,12224,654,48.21908724510063,20.976369757401244
4429723,116923,2026-09-27T08:25:48.691Z,4D242F,WMT893,A320,9H-WBA,98375,98375,,4.065,,0,,12224,654,48.21675963320974,20.989307604338023
4426803,116927,2026-09-27T08:09:34.657Z,4BC8CE,PGT90KU,A21N,TC-RFN,68775,,61800,12.776,30.015,,-13943.028485757122,28608,,48.67218017578125,18.01880685906667
4426873,116927,2026-09-27T08:10:04.672Z,4BC8CE,PGT90KU,A21N,TC-RFN,61800,68775,,30.015,21.434,-13943.028485757122,,28608,,48.710723876953125,17.957716721754878
4428776,116927,2026-09-27T08:20:47.663Z,4BC8CE,PGT90KU,A21N,TC-RFN,98200,,,22.008,21.6,,,20416,,49.28187561035156,16.377305250901372
4428958,116927,2026-09-27T08:21:50.930Z,4BC8CE,PGT90KU,A21N,TC-RFN,79100,,,20.367,22.306,,,16320,,49.33047537076271,16.212856895045206
4427312,116929,2026-09-27T08:12:36.688Z,48C88D,SPTEN,C150,SP-TEN,99100,,94300,22.068,21.353,,-13487.566149955508,-24512,918,48.857783947960804,16.742368999280416
4427375,116929,2026-09-27T08:12:58.041Z,48C88D,SPTEN,C150,SP-TEN,94300,99100,,21.353,21.519,-13487.566149955508,,-20416,918,48.84014064982786,16.726467734888956
4427685,116929,2026-09-27T08:14:43.225Z,48C88D,SPTEN,C150,SP-TEN,79175,,73800,21.817,21.326,,-15122.385820125668,-16320,159,48.752948308395126,16.647973311574788
4427750,116929,2026-09-27T08:15:04.551Z,48C88D,SPTEN,C150,SP-TEN,73800,79175,,21.326,20.574,-15122.385820125668,,-16320,156,48.73521423339844,16.632033128004878
4428004,116929,2026-09-27T08:16:28.550Z,48C88D,SPTEN,C150,SP-TEN,55400,,,19.797,23.131,,,-12224,662,48.66522216796875,16.5692138671875
4429144,116929,2026-09-27T08:22:54.358Z,48C88D,SPTEN,C150,SP-TEN,100375,3400,,33.035,23.272,176131.3758135311,,-4032,660,48.363492286811436,16.30067524157073
4429281,116929,2026-09-27T08:23:32.075Z,48C88D,SPTEN,C150,SP-TEN,94375,,94375,14.445,0,,,-4032,659,48.335979914261124,16.275233218544372
4429345,116929,2026-09-27T08:23:32.075Z,48C88D,SPTEN,C150,SP-TEN,94375,94375,,0,,,,-4032,659,48.335979914261124,16.275233218544372
4426538,116930,2026-09-27T08:08:05.615Z,49D365,TVS4KM,B738,OK-TSF,101000,,,11.502,0,,,28608,318,48.34117126464844,14.646888146033689
4426672,116930,2026-09-27T08:08:05.615Z,49D365,TVS4KM,B738,OK-TSF,86600,,75400,0,75.338,,-8919.80142823011,20416,318,48.34117126464844,14.646888146033689
4426741,116930,2026-09-27T08:09:20.953Z,49D365,TVS4KM,B738,OK-TSF,75400,86600,,75.338,23.099,-8919.80142823011,,20416,319,48.486785888671875,14.590195875901372
4426950,116930,2026-09-27T08:10:24.960Z,49D365,TVS4KM,B738,OK-TSF,54375,,54375,21.221,0,,,12224,100,48.60863637115995,14.542067678351145
4427017,116930,2026-09-27T08:10:24.960Z,49D365,TVS4KM,B738,OK-TSF,54375,54375,54375,0,0,,,12224,100,48.60863637115995,14.542067678351145
4427080,116930,2026-09-27T08:10:24.960Z,49D365,TVS4KM,B738,OK-TSF,54375,54375,,0,,,,12224,100,48.60863637115995,14.542067678351145
4429065,116936,2026-09-27T08:22:24.877Z,3C66B9,OCN34D,A320,D-AIUY,80775,,,18.682,8.736,,,-20416,,48.300320900092686,13.902258622018962
4426786,116938,2026-09-27T08:09:43.204Z,48C2B6,RYR9412,B38M,SP-RZX,81800,,61400,21.023,22.368,,-54721.03004291846,8128,369,49.2213134765625,19.659682053786128
4426856,116938,2026-09-27T08:10:05.572Z,48C2B6,RYR9412,B38M,SP-RZX,61400,81800,,22.368,21.135,-54721.03004291846,,8128,617,49.26402282714844,19.642498309795656
4427189,116938,2026-09-27T08:11:53.267Z,48C2B6,RYR9412,B38M,SP-RZX,93100,,93100,22.251,12.263,,0,-4032,42,49.47497351694915,19.684011098500832
4427253,116938,2026-09-27T08:12:05.530Z,48C2B6,RYR9412,B38M,SP-RZX,93100,93100,73100,12.263,27.009,0,-44429.63456625569,-8128,826,49.49317544193591,19.710883063238953
4427317,116938,2026-09-27T08:12:32.539Z,48C2B6,RYR9412,B38M,SP-RZX,73100,93100,,27.009,24.821,-44429.63456625569,,-4032,334,49.53190690380031,19.77205018739437
4426460,116939,2026-09-27T08:07:55.700Z,48C2B8,RYR5VK,B38M,SP-RZV,79400,36000,,20.919,22.334,124480.13767388498,,28608,917,48.876617431640625,16.654710036057622
4427554,116939,2026-09-27T08:14:00.279Z,48C2B8,RYR5VK,B38M,SP-RZV,85400,30475,79575,21.616,21.528,152456.51369356032,-16234.671125975476,16320,681,48.48774719238281,17.74545522836536
4427614,116939,2026-09-27T08:14:21.807Z,48C2B8,RYR5VK,B38M,SP-RZV,79575,85400,,21.528,21.257,-16234.671125975476,,16320,426,48.457341598252114,17.795610929790314
4428123,116939,2026-09-27T08:17:13.032Z,48C2B8,RYR5VK,B38M,SP-RZV,86775,,75175,22.667,20.753,,-33537.31990555582,-20416,684,48.22127520027807,18.179771021792703
4428183,116939,2026-09-27T08:17:33.785Z,48C2B8,RYR5VK,B38M,SP-RZV,75175,86775,66200,20.753,22.008,-33537.31990555582,-24468.37513631407,-16320,685,48.19399558891684,18.223788612767294
4428243,116939,2026-09-27T08:17:55.793Z,48C2B8,RYR5VK,B38M,SP-RZV,66200,75175,59800,22.008,12.099,-24468.37513631407,-31738.160178527152,-12224,938,48.16534423828125,18.269911545973628
4428307,116939,2026-09-27T08:18:07.892Z,48C2B8,RYR5VK,B38M,SP-RZV,59800,66200,53800,12.099,0,-31738.160178527152,,-12224,200,48.14973449707031,18.29498291015625
4428370,116939,2026-09-27T08:18:07.892Z,48C2B8,RYR5VK,B38M,SP-RZV,53800,59800,,0,,,,-8128,683,48.14973449707031,18.29498291015625
4426455,116940,2026-09-27T08:07:55.727Z,4D2479,WMT1DZ,A320,9H-WBY,98200,37025,,20.926,20.099,175403.80388034027,,28608,913,49.01994323730469,16.968242938701906
4426723,116940,2026-09-27T08:09:17.239Z,4D2479,WMT1DZ,A320,9H-WBY,94600,,94600,17.641,19.443,,0,28608,913,48.96556091308594,17.23001333383411
4426793,116940,2026-09-27T08:09:36.682Z,4D2479,WMT1DZ,A320,9H-WBY,94600,94600,,19.443,27.63,0,,28608,913,48.95256042480469,17.29248046875
4428246,116940,2026-09-27T08:17:56.010Z,4D2479,WMT1DZ,A320,9H-WBY,91975,,,21.518,21.302,,,24512,665,48.60584323689089,28.357375295538645
4428373,116940,2026-09-27T08:18:38.909Z,4D2479,WMT1DZ,A320,9H-WBY,73800,,,21.597,21.627,,,24512,665,48.57536315917969,19.01888333834131
4428753,116940,2026-09-27T08:20:47.826Z,4D2479,WMT1DZ,A320,9H-WBY,61175,,55000,22.093,20.891,,-17734.909769757312,20416,408,48.48350395590572,19.417829011615936
4428816,116940,2026-09-27T08:21:08.717Z,4D2479,WMT1DZ,A320,9H-WBY,55000,61175,,20.891,21.054,-17734.909769757312,,20416,661,48.46861267089844,19.481928898738033
4426450,116941,2026-09-27T08:07:55.564Z,48418B,KLM93R,B739,PH-BXP,59800,35325,,20.611,22.552,71248.36252486536,,28608,688,48.90673828125,17.058035043569703
4427594,116941,2026-09-27T08:13:59.755Z,48418B,KLM93R,B739,PH-BXP,93800,31300,,22.762,22.052,164748.26465161232,,20416,696,48.346435546875,17.963914137620122
4427907,116941,2026-09-27T08:15:47.368Z,48418B,KLM93R,B739,PH-BXP,98600,,81175,21.08,10.599,,-98641.38126238325,-28608,709,48.18379211425781,18.227797288161128
4427967,116941,2026-09-27T08:15:57.967Z,48418B,KLM93R,B739,PH-BXP,81175,98600,67975,10.599,27.139,-98641.38126238325,-29183.094439736175,-20416,703,48.16813659667969,18.2537841796875
4428034,116941,2026-09-27T08:16:25.106Z,48418B,KLM93R,B739,PH-BXP,67975,81175,67975,27.139,0,-29183.094439736175,,-20416,250,48.1284965903072,27.550612229567378
4428096,116941,2026-09-27T08:16:25.106Z,48418B,KLM93R,B739,PH-BXP,67975,67975,,0,,,,-20416,250,48.1284965903072,27.550612229567378
4426691,116942,2026-09-27T08:09:04.265Z,4D2492,WZZ911,A321,9H-WDL,66375,,,9.173,0,,,-8128,534,47.599663168697035,15.595444899338872
4427663,116942,2026-09-27T08:14:14.361Z,4D2492,WZZ911,A321,9H-WDL,62675,,62775,25.581,24.412,,245.78076355890548,-4032,790,47.86546325683594,16.431976318359375
4427726,116942,2026-09-27T08:14:38.773Z,4D2492,WZZ911,A321,9H-WDL,62775,62675,62675,24.412,24.825,245.78076355890548,-241.6918429003021,-4032,790,47.88609908798993,16.498154860276372
4427791,116942,2026-09-27T08:15:03.598Z,4D2492,WZZ911,A321,9H-WDL,62675,62775,62775,24.825,21.98,-241.6918429003021,272.975432211101,-4032,21,47.90702819824219,16.565460205078125
4427855,116942,2026-09-27T08:15:25.578Z,4D2492,WZZ911,A321,9H-WDL,62775,62675,62775,21.98,16.006,272.975432211101,0,-4032,21,47.92557538565943,16.625131460336547
4427915,116942,2026-09-27T08:15:41.584Z,4D2492,WZZ911,A321,9H-WDL,62775,62775,62775,16.006,27.305,0,0,-4032,277,47.93902898238877,16.668654221754878
4427977,116942,2026-09-27T08:16:08.889Z,4D2492,WZZ911,A321,9H-WDL,62775,62775,,27.305,21.214,0,,-4032,277,47.96202578787076,16.743023212139406
4428344,116942,2026-09-27T08:18:17.531Z,4D2492,WZZ911,A321,9H-WDL,66200,,66200,21.385,21.078,,0,28608,797,48.076629638671875,17.08930206298828
4428408,116942,2026-09-27T08:18:38.609Z,4D2492,WZZ911,A321,9H-WDL,66200,66200,66375,21.078,21.74,0,482.9806807727692,28608,32,48.10176086425781,17.139427185058594
4428468,116942,2026-09-27T08:19:00.349Z,4D2492,WZZ911,A321,9H-WDL,66375,66200,,21.74,21.459,482.9806807727692,,28608,35,48.130125918630824,17.187758225661128
4429425,116942,2026-09-27T08:24:22.101Z,4D2492,WZZ911,A321,9H-WDL,62775,,,22.031,19.428,,,20416,291,48.56082722292108,17.8897897820724
4429841,116942,2026-09-27T08:26:48.821Z,4D2492,WZZ911,A321,9H-WDL,62600,,,21.355,21.875,,,16320,546,48.75526428222656,18.212937575120122
4430585,116942,2026-09-27T08:31:06.053Z,4D2492,WZZ911,A321,9H-WDL,66200,,66200,21.466,19.798,,0,8128,803,49.09588623046875,18.788945124699467
4430651,116942,2026-09-27T08:31:25.851Z,4D2492,WZZ911,A321,9H-WDL,66200,66200,,19.798,22.527,0,,8128,802,49.1220703125,18.833665114182622
4431195,116942,2026-09-27T08:34:18.703Z,4D2492,WZZ911,A321,9H-WDL,62700,,62700,22.392,21.214,,0,4032,546,49.34970144498146,19.226869281969584
4431261,116942,2026-09-27T08:34:39.917Z,4D2492,WZZ911,A321,9H-WDL,62700,62700,,21.214,21.964,0,,4032,41,49.38117075774629,19.267923455489267
4431404,116942,2026-09-27T08:35:23.493Z,4D2492,WZZ911,A321,9H-WDL,62600,,,21.612,20.571,,,4032,41,49.4564208984375,19.320469906455628
4431611,116942,2026-09-27T08:36:27.563Z,4D2492,WZZ911,A321,9H-WDL,62625,,62700,22.746,18.348,,245.25833878351867,4032,41,49.566925048828125,19.402072304173544
4431678,116942,2026-09-27T08:36:45.911Z,4D2492,WZZ911,A321,9H-WDL,62700,62625,62700,18.348,10.257,245.25833878351867,0,4032,41,49.598942126257946,29.15504249366552
4431743,116942,2026-09-27T08:36:56.168Z,4D2492,WZZ911,A321,9H-WDL,62700,62700,,10.257,34.335,0,,4032,41,49.615933693061436,29.167364996832703
4431871,116942,2026-09-27T08:37:35.046Z,4D2492,WZZ911,A321,9H-WDL,66300,,,4.543,0,,,-28608,41,49.68478445279396,19.487519135346247
4426533,116943,2026-09-27T08:08:15.493Z,4D24B1,WZZ3RX,A321,9H-WDF,80600,,,19.055,23.595,,,,302,49.46708679199219,20.93632748252469
4426742,116943,2026-09-27T08:09:21.908Z,4D24B1,WZZ3RX,A321,9H-WDF,80700,,,38.609,20.918,,,-28608,558,49.58423161910752,20.869717984586146
4427374,116948,2026-09-27T08:12:55.562Z,4D22B0,RYR5SC,A320,9H-LOU,80600,,80700,19.721,23.04,,260.4166666666667,-4032,47,48.9093017578125,15.598332331730717
4427436,116948,2026-09-27T08:13:18.602Z,4D22B0,RYR5SC,A320,9H-LOU,80700,80600,36025,23.04,18.388,260.4166666666667,-145774.41809876004,28608,46,48.95009703555349,15.575360749897186
4426598,116952,2026-09-27T08:08:38.132Z,345618,LAV2728,B738,EC-MUB,55100,47900,,21.324,22.449,20258.863252673043,,28608,,49.30384749073093,17.352688438013956
4426735,116952,2026-09-27T08:09:22.781Z,345618,LAV2728,B738,EC-MUB,68700,,74700,22.2,19.16,,18789.144050104383,28608,,49.25203485003972,17.23913895456417
4426806,116952,2026-09-27T08:09:41.941Z,345618,LAV2728,B738,EC-MUB,74700,68700,,19.16,22.866,18789.144050104383,,28608,,49.22982943260063,17.190640098170206
4428032,116953,2026-09-27T08:16:30.267Z,407D00,WUK2082,A21N,G-WUKR,66375,,,21.843,20.809,,,-4032,926,47.671632928363344,17.00592041015625
4426442,116955,2026-09-27T08:07:51.474Z,4075E0,EZY76EZ,A21N,G-UZMB,66275,35000,66275,16.952,25.198,110694.90325625295,0,-12224,162,47.931976318359375,15.056144714355469
4426507,116955,2026-09-27T08:08:16.672Z,4075E0,EZY76EZ,A21N,G-UZMB,66275,66275,,25.198,22.47,0,,-12224,162,47.898834228515625,15.125083923339844
4429331,116958,2026-09-27T08:23:34.207Z,4CA251,RYR66EF,B738,EI-DCR,55575,,,4.941,37.247,,,-4032,,48.33109192929025,15.256901791221253
4429459,116958,2026-09-27T08:24:30.570Z,4CA251,RYR66EF,B738,EI-DCR,73800,,36000,19.116,19.96,,-113627.25450901804,-4032,,48.26243591308594,15.115990271935061
4426481,116959,2026-09-27T08:07:56.193Z,471DA8,WZZ3835,A21N,HA-LGA,66200,35000,66200,35.189,21.568,53198.44269516042,0,12224,178,49.25532531738281,18.442875788761967
4426545,116959,2026-09-27T08:08:17.761Z,471DA8,WZZ3835,A21N,HA-LGA,66200,66200,,21.568,21.523,0,,16320,178,49.21467590332031,18.48477877103369
4427756,116959,2026-09-27T08:15:04.441Z,471DA8,WZZ3835,A21N,HA-LGA,62775,,,21.488,21.409,,,20416,689,48.454362255031775,19.25288953279187
4428197,116959,2026-09-27T08:17:33.485Z,471DA8,WZZ3835,A21N,HA-LGA,62775,,62775,20.399,21.678,,0,20416,177,48.17830748477224,19.52487343236021
4428257,116959,2026-09-27T08:17:55.163Z,471DA8,WZZ3835,A21N,HA-LGA,62775,62775,62600,21.678,22.149,0,-474.062034403359,20416,177,48.138319112486755,19.56418550931494
4428322,116959,2026-09-27T08:18:17.312Z,471DA8,WZZ3835,A21N,HA-LGA,62600,62775,62600,22.149,20.944,-474.062034403359,0,20416,945,48.09727478027344,19.604347229003906
4428383,116959,2026-09-27T08:18:38.256Z,471DA8,WZZ3835,A21N,HA-LGA,62600,62600,62600,20.944,21.845,0,0,20416,945,48.05845642089844,19.642112731933594
4428445,116959,2026-09-27T08:19:00.101Z,471DA8,WZZ3835,A21N,HA-LGA,62600,62600,,21.845,21.843,0,,20416,945,48.0179443359375,19.68152618408203
4428635,116959,2026-09-27T08:20:04.925Z,471DA8,WZZ3835,A21N,HA-LGA,66375,,66375,27.14,21.136,,0,20416,945,47.89713196835275,19.798419658954344
4428699,116959,2026-09-27T08:20:26.061Z,471DA8,WZZ3835,A21N,HA-LGA,66375,66375,66375,21.136,20.836,0,0,20416,945,47.85770222292108,19.836378831129878
4428762,116959,2026-09-27T08:20:46.897Z,471DA8,WZZ3835,A21N,HA-LGA,66375,66375,66275,20.836,22.176,0,-270.5627705627706,20416,945,47.81887765658104,19.873774601863033
4428823,116959,2026-09-27T08:21:09.073Z,471DA8,WZZ3835,A21N,HA-LGA,66275,66375,66275,22.176,20.152,-270.5627705627706,0,20416,945,47.77757263183594,19.913543701171875
4428884,116959,2026-09-27T08:21:29.225Z,471DA8,WZZ3835,A21N,HA-LGA,66275,66275,66275,20.152,16.056,0,0,20416,689,47.739990234375,19.949661254882812
4428945,116959,2026-09-27T08:21:45.281Z,471DA8,WZZ3835,A21N,HA-LGA,66275,66275,66275,16.056,24.871,0,0,20416,433,47.71014404296875,19.978225708007812
4429010,116959,2026-09-27T08:22:10.152Z,471DA8,WZZ3835,A21N,HA-LGA,66275,66275,66375,24.871,9.098,0,659.4856012310397,20416,433,47.663909912109375,20.022445678710938
4429085,116959,2026-09-27T08:22:19.250Z,471DA8,WZZ3835,A21N,HA-LGA,66375,66275,,9.098,0,659.4856012310397,,20416,433,47.646913690082094,20.038639948918217
4429215,116959,2026-09-27T08:23:07.417Z,471DA8,WZZ3835,A21N,HA-LGA,66375,,,48.167,27.966,,,20416,177,47.55767305018538,20.123854417067378
4429348,116959,2026-09-27T08:23:52.610Z,471DA8,WZZ3835,A21N,HA-LGA,62675,,62675,17.227,20.983,,0,20416,433,47.47412109375,20.203033447265625
4429413,116959,2026-09-27T08:24:13.593Z,471DA8,WZZ3835,A21N,HA-LGA,62675,62675,62775,20.983,0,0,,20416,177,47.43626403808594,20.238739013671875
4429473,116959,2026-09-27T08:24:13.593Z,471DA8,WZZ3835,A21N,HA-LGA,62775,62675,62775,0,0,,,20416,177,47.43626403808594,20.238739013671875
4429537,116959,2026-09-27T08:24:13.593Z,471DA8,WZZ3835,A21N,HA-LGA,62775,62775,34975,0,25.504,,-65401.505646173144,20416,177,47.43626403808594,20.238739013671875
4426429,116964,2026-09-27T08:07:56.193Z,502D0F,AUA313,BCS3,YL-AAS,99800,17350,9000,21.386,21.08,231319.55484896663,-258444.02277039847,28608,,48.19853210449219,15.722703200120122
4426905,116964,2026-09-27T08:09:46.453Z,502D0F,AUA313,BCS3,YL-AAS,54600,48600,,0,161.66,,,-12224,,48.25767517089844,15.45684814453125
4428121,116964,2026-09-27T08:17:03.174Z,502D0F,AUA313,BCS3,YL-AAS,79975,47175,,102.63,22.088,19175.6796258404,,16320,,48.50529040320445,14.304994281969584
4426651,116966,2026-09-27T08:09:01.097Z,408228,BAW898,A21N,G-TNEI,66200,,,21.786,20.184,,,,149,49.06269836425781,15.742140549879878
4427681,116966,2026-09-27T08:14:42.709Z,408228,BAW898,A21N,G-TNEI,66200,,,21.737,21.65,,,28608,150,48.774078369140625,16.83626615084131
4428557,116966,2026-09-27T08:19:42.889Z,408228,BAW898,A21N,G-TNEI,66200,,66375,20.944,21.247,,494.1874146938391,24512,167,48.489532470703125,17.765948955829344
4428628,116966,2026-09-27T08:20:04.136Z,408228,BAW898,A21N,G-TNEI,66375,66200,,21.247,21.438,494.1874146938391,,24512,682,48.4559915833554,17.819029155530416
4428751,116966,2026-09-27T08:20:47.634Z,408228,BAW898,A21N,G-TNEI,66200,,,22.06,21.248,,,24512,938,48.38648986816406,17.92581411508411
4429207,116966,2026-09-27T08:23:17.766Z,408228,BAW898,A21N,G-TNEI,62775,,,21.326,19.333,,,24512,682,48.14609333620233,27.52047025240381
4426456,116967,2026-09-27T08:07:56.138Z,4D2426,WZZ2CE,A21N,9H-WBR,66300,35025,66300,21.339,21.759,87937.57908055674,0,12224,680,49.50481350139036,19.994671795819272
4426520,116967,2026-09-27T08:08:17.897Z,4D2426,WZZ2CE,A21N,9H-WBR,66300,66300,,21.759,21.74,0,,12224,168,49.47190106925318,20.05220155458187
4426998,116967,2026-09-27T08:10:48.768Z,4D2426,WZZ2CE,A21N,9H-WBR,66300,,,21.405,20.725,,,12224,424,49.24156059653072,20.452784488075622
4427388,116967,2026-09-27T08:12:56.623Z,4D2426,WZZ2CE,A21N,9H-WBR,66300,,66300,21.657,6.003,,0,12224,936,49.044318764896715,20.79039724249583
4427450,116967,2026-09-27T08:13:02.626Z,4D2426,WZZ2CE,A21N,9H-WBR,66300,66300,35000,6.003,32.19,0,-58341.09972041007,12224,680,49.03509521484375,20.806203988882203
4426482,116970,2026-09-27T08:07:51.082Z,48ADA3,LOT4JD,E195,SP-LND,54700,34175,,16.639,5.961,74012.86134984074,,-12224,,49.40048993644068,21.718019184313334
4426634,116973,2026-09-27T08:08:58.667Z,48C233,RYR69UA,B738,SP-RSU,61800,,,20.231,23.377,,,16320,,49.431976318359375,19.1766357421875
4427576,116973,2026-09-27T08:14:00.379Z,48C233,RYR69UA,B738,SP-RSU,98600,30150,4600,21.691,20.018,189341.20141994377,-281746.4282146068,-24512,,49.04365539550781,18.475905198317378
4428016,116973,2026-09-27T08:16:30.570Z,48C233,RYR69UA,B738,SP-RSU,55900,48700,62700,22.037,21.327,19603.39429141898,19130.679420452943,8128,,48.868537514896715,18.0904348273026
4428078,116973,2026-09-27T08:16:51.897Z,48C233,RYR69UA,B738,SP-RSU,62700,55900,,21.327,15.347,19130.679420452943,,8128,,48.83883718716896,18.040273565994994
4428700,116973,2026-09-27T08:20:25.684Z,48C233,RYR69UA,B738,SP-RSU,66375,,72775,20.84,22.142,,17342.606810586218,16320,,48.541880462129235,17.544370952405416
4428764,116973,2026-09-27T08:20:47.826Z,48C233,RYR69UA,B738,SP-RSU,72775,66375,79575,22.142,20.946,17342.606810586218,19478.6594099112,12224,,48.51096977621822,17.493342349403747
4428825,116973,2026-09-27T08:21:08.772Z,48C233,RYR69UA,B738,SP-RSU,79575,72775,,20.946,20.55,19478.6594099112,,16320,,48.48178152310646,17.445204885382395
4429149,116973,2026-09-27T08:22:55.678Z,48C233,RYR69UA,B738,SP-RSU,92375,,,21.466,21.515,,,20416,,48.31275034759004,17.224177310341247
4427214,116974,2026-09-27T08:11:52.939Z,471D6B,WZZ47,A21N,HA-LDR,85900,,79800,21.488,21.927,,-16691.749897386784,-4032,157,49.072063898636124,15.889916670949788
4427277,116974,2026-09-27T08:12:14.866Z,471D6B,WZZ47,A21N,HA-LDR,79800,85900,73900,21.927,21.822,-16691.749897386784,-16222.161121803685,-4032,662,49.05560302734375,15.959050105168217
4427339,116974,2026-09-27T08:12:36.688Z,471D6B,WZZ47,A21N,HA-LDR,73900,79800,67900,21.822,21.463,-16222.161121803685,-16773.051297581886,-4032,160,49.039151466498936,16.027968557257395
4427402,116974,2026-09-27T08:12:58.151Z,471D6B,WZZ47,A21N,HA-LDR,67900,73900,66300,21.463,21.541,-16773.051297581886,-4456.617612924191,-4032,663,49.022904735500525,16.096054880242605
4427463,116974,2026-09-27T08:13:19.692Z,471D6B,WZZ47,A21N,HA-LDR,66300,67900,35000,21.541,19.152,-4456.617612924191,-98057.64411027568,28608,403,49.00651834778866,16.164574874074788
4428007,116974,2026-09-27T08:16:26.747Z,471D6B,WZZ47,A21N,HA-LDR,60600,,,17.776,25.204,,,28608,667,48.86311340332031,16.75478421724756
4429799,116974,2026-09-27T08:26:07.860Z,471D6B,WZZ47,A21N,HA-LDR,87000,,,5.13,,,,-20416,949,48.12812805175781,18.32025146484375
4427890,116976,2026-09-27T08:15:47.068Z,3C458F,BOX625,B77L,D-AALO,72775,,62375,26.298,21.465,,-29070.58001397624,-4032,,47.62265997417902,16.504986102764406
4427952,116976,2026-09-27T08:16:08.533Z,3C458F,BOX625,B77L,D-AALO,62375,72775,,21.465,20.098,-29070.58001397624,,-4032,,47.63955843650688,16.443364070011967
4426552,116977,2026-09-27T08:08:07.551Z,440C8C,AUA693L,A321,OE-LBA,61475,,,0,0,,,-16320,410,47.86322021484375,17.906822204589844
4426690,116977,2026-09-27T08:08:07.551Z,440C8C,AUA693L,A321,OE-LBA,74675,,,0,,,,-24512,671,47.86322021484375,17.906822204589844
4426551,116978,2026-09-27T08:08:29.114Z,48E95E,LOT6347,B38M,SP-LYG,93900,,,20.309,21.855,,,-28608,191,49.63655633441472,20.031268145586978
4427995,116979,2026-09-27T08:16:23.635Z,408011,EZY19AL,A20N,G-UZLT,98275,,,95.277,20.889,,,-12224,415,47.418731689453125,15.791267395019531
4426618,116980,2026-09-27T08:08:30.931Z,407B55,WUK1GD,A21N,G-WUKN,62775,,,2.908,36.367,,,-8128,937,48.7496337890625,14.777878981370122
4426964,116980,2026-09-27T08:10:39.156Z,407B55,WUK1GD,A21N,G-WUKN,66375,,66200,25.341,20.675,,-507.85973397823454,-8128,681,48.54769949185646,15.098322818153747
4427030,116980,2026-09-27T08:10:59.831Z,407B55,WUK1GD,A21N,G-WUKN,66200,66375,,20.675,22.555,-507.85973397823454,,-8128,425,48.51507568359375,15.149583082932622
4427474,116980,2026-09-27T08:13:23.301Z,407B55,WUK1GD,A21N,G-WUKN,66375,,35025,13.33,14.786,,-127214.93304477209,-8128,937,48.28868284063824,15.50416645250823
4428101,116980,2026-09-27T08:16:51.212Z,407B55,WUK1GD,A21N,G-WUKN,62775,,62675,20.642,22.039,,-272.24465719860245,-8128,937,47.96072232521186,16.00862943209131
4428163,116980,2026-09-27T08:17:13.251Z,407B55,WUK1GD,A21N,G-WUKN,62675,62775,,22.039,20.317,-272.24465719860245,,-8128,681,47.92588806152344,16.061668395996094
4428838,116980,2026-09-27T08:21:06.721Z,407B55,WUK1GD,A21N,G-WUKN,62675,,,21.353,22.258,,,-8128,170,47.55583190917969,16.618194580078125
4429092,116980,2026-09-27T08:22:34.703Z,407B55,WUK1GD,A21N,G-WUKN,66375,,,21.788,21.605,,,-8128,170,47.41550251588983,16.82619535006006
4429227,116980,2026-09-27T08:23:17.411Z,407B55,WUK1GD,A21N,G-WUKN,66275,,66375,21.103,19.692,,304.69226081657524,-8128,682,47.34727478027344,16.926429748535156
4429291,116980,2026-09-27T08:23:37.103Z,407B55,WUK1GD,A21N,G-WUKN,66375,66275,,19.692,19.712,304.69226081657524,,-8128,682,47.31588072695974,16.97267972506006
4426614,116982,2026-09-27T08:08:45.588Z,48C12D,RYR68MB,B738,SP-RKN,61975,,74375,,0,,,28608,,48.1462795451536,18.61978384164661
4426685,116982,2026-09-27T08:08:45.588Z,48C12D,RYR68MB,B738,SP-RKN,74375,61975,81175,0,0,,,28608,,48.1462795451536,18.61978384164661
4426754,116982,2026-09-27T08:08:45.588Z,48C12D,RYR68MB,B738,SP-RKN,81175,74375,,0,0,,,-8128,,48.1462795451536,18.61978384164661
4426893,116982,2026-09-27T08:08:45.588Z,48C12D,RYR68MB,B738,SP-RKN,99175,,5175,0,103.792,,-54339.44812702328,-12224,,48.1462795451536,18.61978384164661
4427347,116982,2026-09-27T08:12:42.886Z,48C12D,RYR68MB,B738,SP-RKN,60775,,,21.736,21.132,,,-28608,,48.46320718021716,18.117394698293538
4427471,116982,2026-09-27T08:13:25.512Z,48C12D,RYR68MB,B738,SP-RKN,79400,,29875,21.494,12.667,,-234585.93194915922,4032,,48.5218505859375,18.02328256460339
4427559,116982,2026-09-27T08:13:59.533Z,48C12D,RYR68MB,B738,SP-RKN,94200,29875,,21.354,20.043,180738.97162124192,,8128,,48.5679931640625,17.94891357421875
4428001,116982,2026-09-27T08:16:28.849Z,48C12D,RYR68MB,B738,SP-RKN,53400,,60375,28.524,20.435,,20479.56936628334,20416,,48.76451110839844,17.629887507511967
4428064,116982,2026-09-27T08:16:49.284Z,48C12D,RYR68MB,B738,SP-RKN,60375,53400,66600,20.435,18.478,20479.56936628334,20213.226539668794,16320,,48.79051596431409,17.587448923211355
4428128,116982,2026-09-27T08:17:07.762Z,48C12D,RYR68MB,B738,SP-RKN,66600,60375,,18.478,21.681,20213.226539668794,,20416,,48.814453125,17.54819429837744
4426680,116984,2026-09-27T08:09:00.663Z,440184,AUA2R,B789,OE-LPM,75400,,67575,,16.366,,-28687.52291335696,-24512,441,48.700469970703125,14.981126051682622
4426750,116984,2026-09-27T08:09:17.029Z,440184,AUA2R,B789,OE-LPM,67575,75400,,16.366,26.668,-28687.52291335696,,-24512,686,48.682142354674255,15.027779027035422
4427220,116984,2026-09-27T08:11:42.046Z,440184,AUA2R,B789,OE-LPM,75000,,62375,11.823,0,,,28608,191,48.52986145019531,15.424522986778811
4427283,116984,2026-09-27T08:11:42.046Z,440184,AUA2R,B789,OE-LPM,62375,75000,55000,0,52.069,,-8498.338742822025,24512,413,48.52986145019531,15.424522986778811
4427345,116984,2026-09-27T08:12:34.115Z,440184,AUA2R,B789,OE-LPM,55000,62375,41000,52.069,21.798,-8498.338742822025,-38535.64547206166,24512,681,48.48280334472656,15.547626201923094
4427655,116984,2026-09-27T08:14:09.308Z,440184,AUA2R,B789,OE-LPM,94600,,,10.29,33.51,,,4032,219,48.40690612792969,15.744675856370122
4427788,116984,2026-09-27T08:15:04.878Z,440184,AUA2R,B789,OE-LPM,68200,,55400,22.06,19.554,,-39275.85148818656,-28608,209,48.36785888671875,15.846017690805297
4427846,116984,2026-09-27T08:15:24.432Z,440184,AUA2R,B789,OE-LPM,55400,68200,,19.554,21.106,-39275.85148818656,,-20416,209,48.35462951660156,15.880103478064939
4428575,116985,2026-09-27T08:19:38.305Z,452172,EAF9745,A320,LZ-EAK,91975,,86775,16.443,14.39,,-21681.723419040998,-8128,312,48.473821090439614,14.752614874588744
4428643,116985,2026-09-27T08:19:52.695Z,452172,EAF9745,A320,LZ-EAK,86775,91975,86775,14.39,0,-21681.723419040998,,-4032,312,48.501286910752114,14.738231458161977
4428706,116985,2026-09-27T08:19:52.695Z,452172,EAF9745,A320,LZ-EAK,86775,86775,73175,0,53.3,,-15309.568480300188,-4032,312,48.501286910752114,14.738231458161977
4428788,116985,2026-09-27T08:20:45.995Z,452172,EAF9745,A320,LZ-EAK,73175,86775,69175,53.3,5.05,-15309.568480300188,-47524.75247524752,-4032,315,48.602491475768005,14.685106779399689
4428849,116985,2026-09-27T08:20:51.045Z,452172,EAF9745,A320,LZ-EAK,69175,73175,69175,5.05,0,-47524.75247524752,,-4032,571,48.61180192333156,14.68019184313323
4428908,116985,2026-09-27T08:20:51.045Z,452172,EAF9745,A320,LZ-EAK,69175,69175,,0,,,,-4032,571,48.61180192333156,14.68019184313323
4427227,116986,2026-09-27T08:12:05.530Z,3CCD6D,QAJ9,LJ35,D-CFCF,99400,,15175,22.419,21.928,,-230458.77417001096,28608,,48.354766845703125,16.39871450570911
4427599,116986,2026-09-27T08:13:58.937Z,3CCD6D,QAJ9,LJ35,D-CFCF,61800,21400,73400,21.375,22.87,113403.50877192982,30432.88150415391,-20416,,48.45721435546875,16.155325082632203
4427659,116986,2026-09-27T08:14:21.807Z,3CCD6D,QAJ9,LJ35,D-CFCF,73400,61800,,22.87,19.073,30432.88150415391,,-24512,,48.47882080078125,16.10391470102161
4427787,116986,2026-09-27T08:15:04.823Z,3CCD6D,QAJ9,LJ35,D-CFCF,93975,,,23.943,21.081,,,-28608,,48.519768149165785,16.0056345086349
4428282,116986,2026-09-27T08:17:56.174Z,3CCD6D,QAJ9,LJ35,D-CFCF,67175,,,21.463,18.751,,,24512,,48.681816489009535,15.61374061986021
4428406,116986,2026-09-27T08:18:39.033Z,3CCD6D,QAJ9,LJ35,D-CFCF,79575,,81400,24.108,15.85,,6908.517350157729,28608,,48.723341085143005,15.512623034025523
4428466,116986,2026-09-27T08:18:54.883Z,3CCD6D,QAJ9,LJ35,D-CFCF,81400,79575,,15.85,27.203,6908.517350157729,,28608,,48.738922119140625,15.474524864783689
4428589,116986,2026-09-27T08:19:40.899Z,3CCD6D,QAJ9,LJ35,D-CFCF,93800,,100375,18.813,23.292,,16937.145801133436,-4032,,48.783966064453125,15.364098182091311
4428654,116986,2026-09-27T08:20:04.191Z,3CCD6D,QAJ9,LJ35,D-CFCF,100375,93800,,23.292,14.336,16937.145801133436,,-4032,,48.80727476992849,15.307207609477814
4429332,116986,2026-09-27T08:23:52.391Z,3CCD6D,QAJ9,LJ35,D-CFCF,55000,48300,,26.019,22.911,15450.247895768478,,-16320,,49.06105041503906,14.781329815204344
4429463,116986,2026-09-27T08:24:37.584Z,3CCD6D,QAJ9,LJ35,D-CFCF,68300,,,22.282,21.739,,,-16320,,49.110795360500525,14.678168045847087
4426895,116987,2026-09-27T08:10:13.624Z,4D2100,WMT1UV,A21N,9H-WMS,80275,,80275,,0,,,-4032,,47.2152099609375,17.788238525390625
4426963,116987,2026-09-27T08:10:13.624Z,4D2100,WMT1UV,A21N,9H-WMS,80275,80275,80675,0,273.395,,87.78507287989905,-4032,,47.2152099609375,17.788238525390625
4427733,116987,2026-09-27T08:14:47.019Z,4D2100,WMT1UV,A21N,9H-WMS,80675,80275,80750,273.395,9.024,87.78507287989905,498.6702127659575,-8128,,47.1767578125,16.990081787109375
4427799,116987,2026-09-27T08:14:56.043Z,4D2100,WMT1UV,A21N,9H-WMS,80750,80675,,9.024,35.38,498.6702127659575,,-8128,,47.17538607322563,16.964299128605717
4426969,116988,2026-09-27T08:10:40.606Z,4BB268,THY9TE,A21N,TC-LSH,66200,,,,0,,,-8128,666,48.5797119140625,14.197505070613033
4430095,116988,2026-09-27T08:28:14.181Z,4BB268,THY9TE,A21N,TC-LSH,66275,,66275,23.129,21.904,,0,-4032,157,47.46382141113281,17.222923278808594
4430154,116988,2026-09-27T08:28:36.085Z,4BB268,THY9TE,A21N,TC-LSH,66275,66275,66375,21.904,20.48,0,292.96875,-4032,157,47.43955993652344,17.28417205810547
4430216,116988,2026-09-27T08:28:56.565Z,4BB268,THY9TE,A21N,TC-LSH,66375,66275,,20.48,22.552,292.96875,,-4032,412,47.41689908302436,17.341848520132203
4428377,116989,2026-09-27T08:18:36.363Z,4BB86D,PGT558Q,A20N,TC-NCM,98275,,,22.3,24.091,,,-20416,,47.5283203125,14.250022888183594
4428564,116989,2026-09-27T08:19:40.080Z,4BB86D,PGT558Q,A20N,TC-NCM,85975,,,18.518,8.298,,,-20416,,47.58108882580773,14.079402043269283
4427032,116990,2026-09-27T08:10:59.745Z,406B13,TOM80J,B788,G-TUIF,56375,,,,7.045,,,-12224,162,48.5015196719412,13.811476858038645
4427228,116990,2026-09-27T08:11:33.933Z,406B13,TOM80J,B788,G-TUIF,56375,,,0,53.197,,,-12224,162,48.45641055349576,13.910064697265625
4427607,116990,2026-09-27T08:13:55.386Z,406B13,TOM80J,B788,G-TUIF,56200,40975,56375,19.58,6.089,46654.74974463739,1724.4210872064377,-12224,931,48.2684326171875,14.317087026742797
4427665,116990,2026-09-27T08:14:01.475Z,406B13,TOM80J,B788,G-TUIF,56375,56200,,6.089,30.144,1724.4210872064377,,-12224,675,48.2603325278072,14.334556178042703
4427978,116990,2026-09-27T08:16:08.505Z,406B13,TOM80J,B788,G-TUIF,56375,,,20.917,21.925,,,-12224,419,48.09092893438824,14.695974496694703
4428108,116990,2026-09-27T08:16:48.318Z,406B13,TOM80J,B788,G-TUIF,56375,,,17.888,24.551,,,-12224,675,48.03748696537341,14.809006911057622
4428285,116990,2026-09-27T08:17:55.491Z,406B13,TOM80J,B788,G-TUIF,56375,,,20.808,20.179,,,-12224,931,47.94708251953125,14.999154897836547
4428530,116990,2026-09-27T08:19:21.317Z,406B13,TOM80J,B788,G-TUIF,56375,,,22.252,19.582,,,-12224,163,47.83126055184057,15.240854116586547
4428657,116990,2026-09-27T08:20:01.157Z,406B13,TOM80J,B788,G-TUIF,56375,,56275,20.258,20.317,,-295.31919082541714,-8128,420,47.77712029925847,15.353252704326906
4428718,116990,2026-09-27T08:20:21.474Z,406B13,TOM80J,B788,G-TUIF,56275,56375,56375,20.317,24.084,-295.31919082541714,249.1280518186348,-12224,420,47.74932861328125,15.4105224609375
4428782,116990,2026-09-27T08:20:45.558Z,406B13,TOM80J,B788,G-TUIF,56375,56275,56375,24.084,22.368,249.1280518186348,0,-12224,676,47.71632307666843,15.478609525240358
4428842,116990,2026-09-27T08:21:07.926Z,406B13,TOM80J,B788,G-TUIF,56375,56375,,22.368,21.463,0,,-12224,676,47.68559859970868,15.541921762319703
4428962,116990,2026-09-27T08:21:40.912Z,406B13,TOM80J,B788,G-TUIF,56375,,,11.523,27.019,,,-8128,676,47.64016361559852,15.635164701021608
4429168,116990,2026-09-27T08:22:45.958Z,406B13,TOM80J,B788,G-TUIF,56375,,56275,12.671,0,,,-8128,932,47.550224692134535,15.818622295673094
4429230,116990,2026-09-27T08:22:45.958Z,406B13,TOM80J,B788,G-TUIF,56275,56375,56375,0,51.524,,116.45058613461687,-8128,932,47.550224692134535,15.818622295673094
4429296,116990,2026-09-27T08:23:37.482Z,406B13,TOM80J,B788,G-TUIF,56375,56275,,51.524,19.687,116.45058613461687,,-8128,676,47.47848769365731,15.96405029296875
4429426,116990,2026-09-27T08:24:21.801Z,406B13,TOM80J,B788,G-TUIF,56275,,,24.632,22.094,,,-8128,676,47.41680908203125,16.088653564453125
4429551,116990,2026-09-27T08:25:04.347Z,406B13,TOM80J,B788,G-TUIF,56375,,40975,20.452,15.625,,-59135.99999999999,-8128,421,47.357498427568856,16.207932692307622
4429766,116990,2026-09-27T08:26:05.760Z,406B13,TOM80J,B788,G-TUIF,56350,,56350,36.59,18.323,,0,-8128,165,47.27165610103284,16.37941800631006
4429825,116990,2026-09-27T08:26:24.083Z,406B13,TOM80J,B788,G-TUIF,56350,56350,56350,18.323,8.845,0,0,-8128,164,47.24595926575741,16.43068753756006
4429882,116990,2026-09-27T08:26:32.928Z,406B13,TOM80J,B788,G-TUIF,56350,56350,,8.845,32.663,0,,-8128,164,47.23366947497352,16.455195500300533
4430001,116990,2026-09-27T08:27:16.513Z,406B13,TOM80J,B788,G-TUIF,56350,,,10.922,34.258,,,-8128,421,47.1726860434322,16.57625638521631
4430119,116990,2026-09-27T08:28:13.280Z,406B13,TOM80J,B788,G-TUIF,56350,,56350,22.509,20.48,,0,-8128,165,47.09322137347722,16.732952411358156
4430180,116990,2026-09-27T08:28:33.760Z,406B13,TOM80J,B788,G-TUIF,56350,56350,56350,20.48,19.607,0,0,-8128,933,47.06468485169491,16.789010854867797
4430244,116990,2026-09-27T08:28:53.367Z,406B13,TOM80J,B788,G-TUIF,56350,56350,56350,19.607,0,0,,-8128,677,47.03726558362023,16.84274526742786
4430307,116990,2026-09-27T08:28:53.367Z,406B13,TOM80J,B788,G-TUIF,56350,56350,56350,0,0,,,-8128,932,47.03726558362023,16.84274526742786
4430370,116990,2026-09-27T08:28:53.367Z,406B13,TOM80J,B788,G-TUIF,56350,56350,56275,0,0,,,-8128,932,47.03726558362023,16.84274526742786
4430438,116990,2026-09-27T08:28:53.367Z,406B13,TOM80J,B788,G-TUIF,56275,56350,,0,,,,-8128,677,47.03726558362023,16.84274526742786
4429279,116993,2026-09-27T08:23:32.539Z,48E97A,LOT6557,B38M,SP-LYK,80775,,,15.21,28.208,,,16320,699,48.152005470405186,1.1568744365986277
4429471,116993,2026-09-27T08:24:42.881Z,48E97A,LOT6557,B38M,SP-LYK,93875,,36975,21.187,7.348,,-464616.22210125206,16320,699,47.994873046875,19.65728759765625
4429536,116993,2026-09-27T08:24:50.805Z,48E97A,LOT6557,B38M,SP-LYK,94775,36975,,0.576,107.912,6020833.333333334,,16320,699,47.978412175582626,19.66123140775244
4427657,116994,2026-09-27T08:14:21.807Z,4400F8,AUA202,A20N,OE-LXF,81175,,,22.957,18.144,,,24512,680,48.56497037208686,15.336191277754892
4428039,116994,2026-09-27T08:16:30.246Z,4400F8,AUA202,A20N,OE-LXF,93975,,85575,22.15,20.283,,-24848.395207809495,-24512,671,48.45529329978813,15.622341758326456
4428100,116994,2026-09-27T08:16:50.529Z,4400F8,AUA202,A20N,OE-LXF,85575,93975,79575,20.283,20.943,-24848.395207809495,-17189.514396218307,-20416,919,48.43960519564354,15.663034539473642
4428160,116994,2026-09-27T08:17:11.472Z,4400F8,AUA202,A20N,OE-LXF,79575,85575,,20.943,23.184,-17189.514396218307,,-16320,916,48.4243360616393,15.702859978926767
4428280,116994,2026-09-27T08:17:56.037Z,4400F8,AUA202,A20N,OE-LXF,62775,,,21.381,21.194,,,-16320,161,48.393797793630824,15.7818603515625
4427643,116995,2026-09-27T08:14:21.519Z,4BB843,PGT52X,A20N,TC-NBC,80775,,80775,28.129,18.756,,0,24512,,48.3385402873411,18.355841385690837
4427707,116995,2026-09-27T08:14:40.275Z,4BB843,PGT52X,A20N,TC-NBC,80775,80775,,18.756,23.896,0,,24512,,48.36190951072563,18.316811009457297
4428209,116995,2026-09-27T08:17:32.196Z,4BB843,PGT52X,A20N,TC-NBC,80200,,,20.86,23.683,,,24512,,48.57476806640625,17.95870267427881
4428394,116995,2026-09-27T08:18:38.937Z,4BB843,PGT52X,A20N,TC-NBC,80775,,,27.581,21.572,,,24512,,48.657050698490465,17.81895687705594
4428831,116995,2026-09-27T08:20:51.564Z,4BB843,PGT52X,A20N,TC-NBC,80600,,80700,4.3,29.739,,201.75527085645112,24512,,48.82859802246094,17.55636361929089
4428891,116995,2026-09-27T08:21:21.303Z,4BB843,PGT52X,A20N,TC-NBC,80700,80600,,29.739,28.381,201.75527085645112,,24512,,48.87114444021451,17.502160323293538
4429155,116995,2026-09-27T08:22:26.502Z,4BB843,PGT52X,A20N,TC-NBC,80300,,80200,0,49.904,,-120.23084321898043,24512,,48.961967856197035,17.385069194592916
4429223,116995,2026-09-27T08:23:16.406Z,4BB843,PGT52X,A20N,TC-NBC,80200,80300,,49.904,20.721,-120.23084321898043,,24512,,49.0206298828125,17.276986929086547
4430618,116995,2026-09-27T08:31:06.000Z,4BB843,PGT52X,A20N,TC-NBC,80625,,80625,21.522,21.078,,0,24512,,49.55506896972656,16.239455373663645
4430677,116995,2026-09-27T08:31:27.078Z,4BB843,PGT52X,A20N,TC-NBC,80625,80625,80700,21.078,21.628,0,208.06362123173665,24512,,49.579010009765625,16.19196841591281
4430745,116995,2026-09-27T08:31:48.706Z,4BB843,PGT52X,A20N,TC-NBC,80700,80625,80700,21.628,20.369,208.06362123173665,0,24512,,49.6035507978019,16.143295700485623
4430809,116995,2026-09-27T08:32:09.075Z,4BB843,PGT52X,A20N,TC-NBC,80700,80700,80625,20.369,20.835,0,-215.9827213822894,28608,,49.62668725999735,16.09734612542229
4430871,116995,2026-09-27T08:32:29.910Z,4BB843,PGT52X,A20N,TC-NBC,80625,80700,80625,20.835,22.614,-215.9827213822894,0,28608,,49.650238037109375,16.05037488435437
4430940,116995,2026-09-27T08:32:52.524Z,4BB843,PGT52X,A20N,TC-NBC,80625,80625,80700,22.614,10.75,0,418.6046511627907,28608,,49.67578125,15.999346281352814
4431008,116995,2026-09-27T08:33:03.274Z,4BB843,PGT52X,A20N,TC-NBC,80700,80625,,10.75,0,418.6046511627907,,24512,,49.687298273636124,15.97627382020687
4427613,116996,2026-09-27T08:14:13.397Z,407E61,EZY46RQ,A320,G-EJCE,94675,37000,94675,42.482,0,81458.02928299045,,,165,47.14311218261719,12.906326293945312
4427675,116996,2026-09-27T08:14:13.397Z,407E61,EZY46RQ,A320,G-EJCE,94675,94675,,0,,,,,165,47.14311218261719,12.906326293945312
4428117,117001,2026-09-27T08:16:59.707Z,49D369,TVS6NR,B739,OK-TSI,75075,,,20.316,22.691,,,28608,,47.57368469238281,17.449447631835938
4428235,117001,2026-09-27T08:17:43.261Z,49D369,TVS6NR,B739,OK-TSI,67175,,,20.863,22.088,,,28608,,47.635927361957094,17.368610088641844
4428359,117001,2026-09-27T08:18:26.294Z,49D369,TVS6NR,B739,OK-TSI,56275,,,20.945,21.681,,,28608,,47.6978759765625,17.287948608398438
4429379,117001,2026-09-27T08:24:09.652Z,49D369,TVS6NR,B739,OK-TSI,94600,,91800,21.684,21.597,,-7778.858174746491,16320,306,48.241973876953125,16.727036696213872
4429443,117001,2026-09-27T08:24:31.249Z,49D369,TVS6NR,B739,OK-TSI,91800,94600,,21.597,21.6,-7778.858174746491,,16320,560,48.27809143066406,16.691753680889406
4430985,117001,2026-09-27T08:33:14.338Z,49D369,TVS6NR,B739,OK-TSI,81000,,74600,21.396,21.412,,-17933.86885858397,12224,42,49.16770935058594,15.890526404747561
4431058,117001,2026-09-27T08:33:35.750Z,49D369,TVS6NR,B739,OK-TSI,74600,81000,68200,21.412,21.845,-17933.86885858397,-17578.393224994277,8128,42,49.196868896484375,15.846581092247561
4431120,117001,2026-09-27T08:33:57.595Z,49D369,TVS6NR,B739,OK-TSI,68200,74600,,21.845,20.916,-17578.393224994277,,4032,42,49.22584533691406,15.802635779747561
4431332,117001,2026-09-27T08:34:54.092Z,49D369,TVS6NR,B739,OK-TSI,53900,,53900,13.738,0,,,4032,42,49.297795699814614,15.689633018092081
4431403,117001,2026-09-27T08:34:54.092Z,49D369,TVS6NR,B739,OK-TSI,53900,53900,,0,,,,4032,42,49.297795699814614,15.689633018092081
4427926,117003,2026-09-27T08:15:53.816Z,4CAECB,RYR67BD,B38M,EI-ILB,85575,,,78.129,0,,,-8128,,48.313681392346396,18.355841385690837
4428541,117003,2026-09-27T08:19:27.982Z,4CAECB,RYR67BD,B38M,EI-ILB,62600,,,21.656,20.779,,,4032,,48.58648681640625,17.919194148136967
4428667,117003,2026-09-27T08:20:09.816Z,4CAECB,RYR67BD,B38M,EI-ILB,79175,,85975,21.055,22.447,,18176.148260346596,4032,,48.64108328091896,17.830882825349477
4428733,117003,2026-09-27T08:20:32.263Z,4CAECB,RYR67BD,B38M,EI-ILB,85975,79175,,22.447,21.489,18176.148260346596,,8128,,48.67045774298199,17.783323589124166
4429502,117003,2026-09-27T08:24:48.643Z,4CAECB,RYR67BD,B38M,EI-ILB,60700,,,65.496,19.28,,,20416,,49.008752855203916,17.234440853721253
4429728,117003,2026-09-27T08:26:06.467Z,4CAECB,RYR67BD,B38M,EI-ILB,80300,,,21.787,20.814,,,24512,,49.08453989837129,17.04470985814146
4427858,117005,2026-09-27T08:15:25.904Z,49D63B,TVS38J,C700,OK-JRL,62300,,,22.498,21.246,,,-20416,228,49.46324235301906,19.472375818201044
4428473,117006,2026-09-27T08:18:42.477Z,501C5A,CTN413,BCS3,9A-CAU,86675,,81550,6.113,30.878,,-9958.54653798821,-20416,942,46.89990234375,13.177963256835938
4428534,117006,2026-09-27T08:19:13.355Z,501C5A,CTN413,BCS3,9A-CAU,81550,86675,81550,30.878,0,-9958.54653798821,,-20416,687,46.84868246822034,13.237907409667969
4428596,117006,2026-09-27T08:19:13.355Z,501C5A,CTN413,BCS3,9A-CAU,81550,81550,,0,,,,-20416,687,46.84868246822034,13.237907409667969
4427982,117007,2026-09-27T08:16:11.675Z,4ACA12,NSZ48U,B738,SE-RPR,54375,,,21.822,21.08,,,24512,,48.146558858580505,19.512986403245122
4428663,117007,2026-09-27T08:20:06.646Z,4ACA12,NSZ48U,B738,SE-RPR,54375,,,20.206,21.384,,,-24512,575,48.596858654992054,19.580166465357706
4428853,117007,2026-09-27T08:21:11.285Z,4ACA12,NSZ48U,B738,SE-RPR,81400,,93400,22.255,21.763,,33083.674125809855,-28608,575,48.73077392578125,19.59291898287256
4428911,117007,2026-09-27T08:21:33.048Z,4ACA12,NSZ48U,B738,SE-RPR,93400,81400,,21.763,21.872,33083.674125809855,,-28608,575,48.77490234375,19.59686279296875
4430440,117007,2026-09-27T08:30:00.053Z,4ACA12,NSZ48U,B738,SE-RPR,54625,,,24.167,7.043,,,-28608,83,49.73835754394531,19.427080656352814
4428290,117008,2026-09-27T08:17:56.996Z,40757F,EZY21UT,A20N,G-UZHP,98275,,98275,59.72,13.026,,0,-28608,421,47.07769775390625,13.459968566894531
4428352,117008,2026-09-27T08:18:10.022Z,40757F,EZY21UT,A20N,G-UZHP,98275,98275,,13.026,101.523,0,,-28608,165,47.059478759765625,13.490180969238281
4427929,117010,2026-09-27T08:15:57.912Z,47921C,NOZ5FD,B738,LN-NIO,99575,,5175,,19.277,,-293821.65274679667,-4032,567,48.31335552668167,28.135552657277913
4429192,117010,2026-09-27T08:23:07.663Z,47921C,NOZ5FD,B738,LN-NIO,66200,,,21.191,22.367,,,4032,88,49.096893310546875,18.24582613431494
4429325,117010,2026-09-27T08:23:51.301Z,47921C,NOZ5FD,B738,LN-NIO,73500,,75000,21.271,20.97,,4291.845493562232,4032,559,49.17266328456038,18.204851652446564
4429391,117010,2026-09-27T08:24:12.271Z,47921C,NOZ5FD,B738,LN-NIO,75000,73500,,20.97,22.395,4291.845493562232,,4032,303,49.20881652832031,18.185260479266844
4429522,117010,2026-09-27T08:24:55.557Z,47921C,NOZ5FD,B738,LN-NIO,80700,,80700,20.891,22.086,,0,4032,45,49.28248001357256,18.14269216437083
4429577,117010,2026-09-27T08:25:17.643Z,47921C,NOZ5FD,B738,LN-NIO,80700,80700,36000,22.086,5.074,0,-528577.0595191171,4032,556,49.31962869935116,18.119563052528747
4430047,117010,2026-09-27T08:27:53.155Z,47921C,NOZ5FD,B738,LN-NIO,80625,,,21.842,21.419,,,4032,556,49.580108642578125,17.957876105057494
4430797,117010,2026-09-27T08:32:04.469Z,47921C,NOZ5FD,B738,LN-NIO,80625,,,24.139,11.353,,,4032,812,50.000885009765625,17.69015663548521
4431953,117012,2026-09-27T08:38:13.869Z,4CAE61,RYR4162,B38M,EI-IJL,92700,,,22.094,20.244,,,24512,295,48.939948647709215,18.328014173005727
4432090,117012,2026-09-27T08:38:56.819Z,4CAE61,RYR4162,B38M,EI-IJL,80600,,,22.706,21.767,,,20416,800,48.989593505859375,18.44217153695911
4432222,117012,2026-09-27T08:39:38.602Z,4CAE61,RYR4162,B38M,EI-IJL,69000,,59900,20.016,22.88,,-23863.636363636364,20416,66,49.03825378417969,18.554851825420656
4432286,117012,2026-09-27T08:40:01.482Z,4CAE61,RYR4162,B38M,EI-IJL,59900,69000,,22.88,21.576,-23863.636363636364,,28608,213,49.06489485401218,28.090667724609375
4432602,117012,2026-09-27T08:41:48.771Z,4CAE61,RYR4162,B38M,EI-IJL,86600,,72600,21.955,21.384,,-39281.70594837262,12224,560,49.17741394042969,18.921767014723628
4432666,117012,2026-09-27T08:42:10.155Z,4CAE61,RYR4162,B38M,EI-IJL,72600,86600,,21.384,20.537,-39281.70594837262,,12224,562,49.19865417480469,18.98275522085339
4433200,117012,2026-09-27T08:45:01.915Z,4CAE61,RYR4162,B38M,EI-IJL,85900,,80300,21.794,21.405,,-15697.266993693062,-4032,539,49.365668862552965,19.455413818359375
4433264,117012,2026-09-27T08:45:23.320Z,4CAE61,RYR4162,B38M,EI-IJL,80300,85900,,21.405,20.208,-15697.266993693062,,-4032,540,49.38633805614406,19.511285079152913
4433464,117012,2026-09-27T08:46:27.557Z,4CAE61,RYR4162,B38M,EI-IJL,67900,,,21.798,19.246,,,-4032,57,49.44983530852754,19.68497611380917
4433604,117012,2026-09-27T08:47:09.289Z,4CAE61,RYR4162,B38M,EI-IJL,60300,,,22.486,11.153,,,28608,540,49.49117369570974,19.80018409522802
4428794,117014,2026-09-27T08:20:53.671Z,4402A3,AUA135P,A320,OE-LXE,56375,,,35.99,20.618,,,-20416,,48.04647154727224,15.369309645432622
4429112,117014,2026-09-27T08:22:33.805Z,4402A3,AUA135P,A320,OE-LXE,98375,,,14.799,20.474,,,4032,,48.05131298000529,15.071551983173094
4430273,117015,2026-09-27T08:29:18.953Z,471D63,WZZ3CR,A21N,HA-LDJ,62775,,,23.959,21.413,,,-20416,931,47.514612230203916,16.12123929537256
4431100,117015,2026-09-27T08:33:43.665Z,471D63,WZZ3CR,A21N,HA-LDJ,62675,,62750,91.065,0,,,-16320,931,47.15606689453125,16.782508850097656
4431165,117015,2026-09-27T08:33:43.665Z,471D63,WZZ3CR,A21N,HA-LDJ,62750,62675,62750,0,0,,,-16320,931,47.15606689453125,16.782508850097656
4431237,117015,2026-09-27T08:33:43.665Z,471D63,WZZ3CR,A21N,HA-LDJ,62750,62750,,0,,,,-16320,931,47.15606689453125,16.782508850097656
4428228,117016,2026-09-27T08:17:34.113Z,48C2B7,RYR8NQ,B38M,SP-RZY,56275,,53575,22.474,21.897,,-7398.273736128237,20416,,47.7315673828125,19.486793518066406
4428287,117016,2026-09-27T08:17:56.010Z,48C2B7,RYR8NQ,B38M,SP-RZY,53575,56275,48275,21.897,18.463,-7398.273736128237,-17223.636462113416,20416,,47.773209911281775,19.49087289663464
4429725,117016,2026-09-27T08:26:06.334Z,48C2B7,RYR8NQ,B38M,SP-RZY,72600,,,21.381,21.569,,,4032,,48.65501403808594,19.579538198617797
4430143,117016,2026-09-27T08:28:35.976Z,48C2B7,RYR8NQ,B38M,SP-RZY,93800,,,21.463,21.681,,,-12224,,48.90092468261719,19.589186448317378
4430336,117016,2026-09-27T08:29:40.255Z,48C2B7,RYR8NQ,B38M,SP-RZY,66300,,,21.739,21.544,,,-4032,,49.0032131389036,19.593393426192392
4430988,117016,2026-09-27T08:33:14.829Z,48C2B7,RYR8NQ,B38M,SP-RZY,72600,,61500,21.459,21.494,,-30985.391271982877,8128,,49.32719421386719,19.606792743389406
4431054,117016,2026-09-27T08:33:36.323Z,48C2B7,RYR8NQ,B38M,SP-RZY,61500,72600,53800,21.494,21.354,-30985.391271982877,-21635.29081202585,4032,,49.35831360897775,19.60813823499177
4431123,117016,2026-09-27T08:33:57.677Z,48C2B7,RYR8NQ,B38M,SP-RZY,53800,61500,,21.354,20.89,-21635.29081202585,,4032,559,49.38899230957031,19.606440617488033
4428412,117017,2026-09-27T08:18:38.554Z,440D71,AUA33V,A320,OE-LZP,66375,48600,,21.186,21.22,50339.84706881903,,16320,,48.27718443789724,16.416465357730203
4428533,117017,2026-09-27T08:19:21.507Z,440D71,AUA33V,A320,OE-LZP,94200,,,21.733,22.01,,,28608,,48.31988525390625,16.328993577223628
4428965,117017,2026-09-27T08:21:51.695Z,440D71,AUA33V,A320,OE-LZP,81575,,94200,22.061,21.44,,35331.15671641791,-24512,,48.47568317995233,16.007296913548544
4429028,117017,2026-09-27T08:22:13.135Z,440D71,AUA33V,A320,OE-LZP,94200,81575,3400,21.44,21.077,35331.15671641791,-258480.80846420268,-28608,,48.49896240234375,15.958838829627439
4429429,117017,2026-09-27T08:24:21.937Z,440D71,AUA33V,A320,OE-LZP,53400,42775,60600,23.347,19.881,27305.435387844263,21729.289271163423,20416,,48.642242431640625,15.658897986778811
4429490,117017,2026-09-27T08:24:41.818Z,440D71,AUA33V,A320,OE-LZP,60600,53400,68375,19.881,23.759,21729.289271163423,19634.664758617786,20416,,48.66490173339844,15.611220139723628
4429554,117017,2026-09-27T08:25:05.577Z,440D71,AUA33V,A320,OE-LZP,68375,60600,29250,23.759,15.894,19634.664758617786,-147697.2442431106,20416,,48.69210453356727,15.553677207545206
4429701,117017,2026-09-27T08:25:40.474Z,440D71,AUA33V,A320,OE-LZP,81000,29250,91975,19.003,24.413,163395.2533810451,26973.333879490438,28608,,48.73210144042969,15.469031700721189
4429758,117017,2026-09-27T08:26:04.887Z,440D71,AUA33V,A320,OE-LZP,91975,81000,99400,24.413,20.361,26973.333879490438,21880.06482982172,28608,,48.76035011420815,15.408975701583017
4429816,117017,2026-09-27T08:26:25.248Z,440D71,AUA33V,A320,OE-LZP,99400,91975,,20.361,16.093,21880.06482982172,,28608,,48.783782958984375,15.359097994290892
4430371,117017,2026-09-27T08:29:05.794Z,440D71,AUA33V,A320,OE-LZP,66600,,,0,0,,,-8128,,48.955078125,14.966631437602814
4430555,117017,2026-09-27T08:30:28.314Z,440D71,AUA33V,A320,OE-LZP,80700,,,6.388,,,,-12224,,49.01545637744968,14.745603862561666
4429366,117018,2026-09-27T08:24:00.119Z,4A2182,HLJ3EH,B738,YR-HLB,87175,,87000,21.596,21.63,,-485.4368932038835,4032,,48.35543874966896,19.969891999897186
4429431,117018,2026-09-27T08:24:21.749Z,4A2182,HLJ3EH,B738,YR-HLB,87000,87175,,21.63,22.037,-485.4368932038835,,4032,,48.38145446777344,19.92532583383411
4429702,117018,2026-09-27T08:25:43.861Z,4A2182,HLJ3EH,B738,YR-HLB,79175,29800,,21.231,21.846,139536.52677688285,,4032,,48.48238670219809,19.75211695620885
4429934,117018,2026-09-27T08:27:09.904Z,4A2182,HLJ3EH,B738,YR-HLB,54775,,48600,21.982,21.11,,-17550.923732828043,4032,,48.5899223715572,19.57698621247937
4430494,117018,2026-09-27T08:30:23.288Z,4A2182,HLJ3EH,B738,YR-HLB,94600,,,21.736,21.054,,,-16320,561,48.8455810546875,19.22353891225964
4430617,117018,2026-09-27T08:31:05.345Z,4A2182,HLJ3EH,B738,YR-HLB,73400,,61100,21.003,22.196,,-33249.23409623356,-8128,811,48.898040771484375,19.15029672475964
4430684,117018,2026-09-27T08:31:27.541Z,4A2182,HLJ3EH,B738,YR-HLB,61100,73400,,22.196,21.49,-33249.23409623356,,-4032,135,48.92523814055879,19.1121633429276
4431071,117018,2026-09-27T08:33:35.173Z,4A2182,HLJ3EH,B738,YR-HLB,101100,4700,98200,21.109,22.531,274006.3480032213,-7722.693178287693,16320,545,49.074903585143005,28.37522807874177
4431139,117018,2026-09-27T08:33:57.704Z,4A2182,HLJ3EH,B738,YR-HLB,98200,101100,92200,22.531,21.597,-7722.693178287693,-16668.981803028197,12224,294,49.10133361816406,18.864300067608156
4431210,117018,2026-09-27T08:34:19.301Z,4A2182,HLJ3EH,B738,YR-HLB,92200,98200,,21.597,20.616,-16668.981803028197,,12224,546,49.12669372558594,18.828383225661128
4431424,117018,2026-09-27T08:35:23.393Z,4A2182,HLJ3EH,B738,YR-HLB,74200,,67000,21.797,21.515,,-20079.014640948175,8128,294,49.20135498046875,18.722463754507203
4431493,117018,2026-09-27T08:35:44.908Z,4A2182,HLJ3EH,B738,YR-HLB,67000,74200,,21.515,21.493,-20079.014640948175,,12224,807,49.22611999511719,18.687321589543217
4428291,117019,2026-09-27T08:17:58.850Z,406440,EZY3485,A320,G-EZUF,72600,,,,21.002,,,-4032,423,48.7467041015625,14.580336350661128
4428415,117019,2026-09-27T08:18:24.101Z,406440,EZY3485,A320,G-EZUF,79175,,,4.249,39.357,,,-4032,681,48.71003723144531,14.641958383413453
4429305,117019,2026-09-27T08:23:39.937Z,406440,EZY3485,A320,G-EZUF,98200,,98375,19.791,21.848,,480.59318930794586,-8128,164,48.25140380859375,15.415438138521608
4429372,117019,2026-09-27T08:24:01.785Z,406440,EZY3485,A320,G-EZUF,98375,98200,98375,21.848,19.91,480.59318930794586,0,-8128,164,48.220763125662074,15.469906455592081
4429435,117019,2026-09-27T08:24:21.695Z,406440,EZY3485,A320,G-EZUF,98375,98375,,19.91,21.104,0,,-8128,164,48.193064544160485,15.519272653680105
4429998,117019,2026-09-27T08:27:30.767Z,406440,EZY3485,A320,G-EZUF,94675,,,20.862,22.665,,,-8128,677,47.929779052734375,15.983528137207031
4430240,117019,2026-09-27T08:28:54.486Z,406440,EZY3485,A320,G-EZUF,98375,,98275,19.138,21.935,,-273.5354456348302,-4032,165,47.81222068657309,16.18715726412256
4430306,117019,2026-09-27T08:29:16.421Z,406440,EZY3485,A320,G-EZUF,98275,98375,,21.935,21.756,-273.5354456348302,,-4032,165,47.781646728515625,16.240333557128906
4428355,117021,2026-09-27T08:18:22.444Z,4D2405,EWG36T,A320,9H-EUL,54775,,61575,,20.033,,20366.395447511604,24512,,47.40316617286811,13.164860652043217
4428417,117021,2026-09-27T08:18:42.477Z,4D2405,EWG36T,A320,9H-EUL,61575,54775,69075,20.033,24.121,20366.395447511604,18655.942954272214,28608,,47.37318653171345,13.125845102163453
4428479,117021,2026-09-27T08:19:06.598Z,4D2405,EWG36T,A320,9H-EUL,69075,61575,75175,24.121,13.711,18655.942954272214,26693.89541244256,24512,,47.3367919921875,13.078605651855469
4428543,117021,2026-09-27T08:19:20.309Z,4D2405,EWG36T,A320,9H-EUL,75175,69075,79875,13.711,0,26693.89541244256,,28608,,47.31611348814883,13.0517578125
4428605,117021,2026-09-27T08:19:20.309Z,4D2405,EWG36T,A320,9H-EUL,79875,75175,,0,,,,28608,,47.31611348814883,13.0517578125
4428744,117022,2026-09-27T08:20:38.215Z,3D673B,DFLIP,C208,D-FLIP,59900,,,21.192,20.999,,,-4032,911,48.96280579647775,17.397284256784587
4428992,117022,2026-09-27T08:22:03.911Z,3D673B,DFLIP,C208,D-FLIP,80600,,,21.033,21.429,,,-12224,911,48.9305419921875,17.435302734375
4429128,117022,2026-09-27T08:22:47.049Z,3D673B,DFLIP,C208,D-FLIP,92700,,,21.709,20.945,,,-12224,911,48.94162452827065,17.46551513671875
4430100,117022,2026-09-27T08:28:14.759Z,3D673B,DFLIP,C208,D-FLIP,61800,,66600,21.354,21.244,,13556.768970062136,-20416,401,49.02232360839844,17.4554443359375
4430159,117022,2026-09-27T08:28:36.003Z,3D673B,DFLIP,C208,D-FLIP,66600,61800,,21.244,21.518,13556.768970062136,,-24512,401,49.028778076171875,17.470022348257203
4430288,117022,2026-09-27T08:29:18.735Z,3D673B,DFLIP,C208,D-FLIP,73800,,79800,21.214,21.384,,16835.016835016835,-24512,401,49.05024719238281,17.48312143179089
4430351,117022,2026-09-27T08:29:40.119Z,3D673B,DFLIP,C208,D-FLIP,79800,73800,,21.384,21.46,16835.016835016835,,-24512,525,49.06109619140625,17.48312143179089
4430543,117022,2026-09-27T08:30:44.505Z,3D673B,DFLIP,C208,D-FLIP,91900,,,21.135,21.33,,,-20416,140,49.063544839115465,17.45048121402135
4430667,117022,2026-09-27T08:31:27.377Z,3D673B,DFLIP,C208,D-FLIP,87800,,,21.542,21.654,,,-24512,650,49.044342041015625,17.450092022235594
4430859,117022,2026-09-27T08:32:31.880Z,3D673B,DFLIP,C208,D-FLIP,62700,,,21.437,21.243,,,-20416,685,49.011732198424255,17.44657817639802
4428556,117023,2026-09-27T08:19:39.642Z,471D62,WZZ9JQ,A21N,HA-LDI,75400,,,23.262,21.024,,,16320,,48.139068603515625,16.69434356689453
4429069,117023,2026-09-27T08:22:30.118Z,471D62,WZZ9JQ,A21N,HA-LDI,68775,,79175,20.069,19.358,,32234.73499328443,-16320,,48.1230034262447,16.283146784855717
4429136,117023,2026-09-27T08:22:49.476Z,471D62,WZZ9JQ,A21N,HA-LDI,79175,68775,,19.358,24.961,32234.73499328443,,-20416,,48.12100168001854,16.234130859375
4429877,117023,2026-09-27T08:26:41.423Z,471D62,WZZ9JQ,A21N,HA-LDI,66375,,,13.766,28.209,,,20416,,48.09469966565148,15.615023099459108
4430061,117023,2026-09-27T08:27:49.828Z,471D62,WZZ9JQ,A21N,HA-LDI,86775,,93975,18.296,24.49,,17639.85300122499,28608,,48.086320262844275,15.422410231370122
4430114,117023,2026-09-27T08:28:14.318Z,471D62,WZZ9JQ,A21N,HA-LDI,93975,86775,,24.49,19.18,17639.85300122499,,28608,,48.083154710672666,15.352196326622561
4430815,117023,2026-09-27T08:32:10.030Z,471D62,WZZ9JQ,A21N,HA-LDI,56200,,,22.254,21.082,,,-12224,,48.04948425292969,14.655693054199219
4431610,117023,2026-09-27T08:36:24.108Z,471D62,WZZ9JQ,A21N,HA-LDI,66200,,66200,121.138,0,,,-20416,,48.007781982421875,13.894546508789062
4431673,117023,2026-09-27T08:36:24.108Z,471D62,WZZ9JQ,A21N,HA-LDI,66200,66200,66200,0,0,,,-20416,,48.007781982421875,13.894546508789062
4431736,117023,2026-09-27T08:36:24.108Z,471D62,WZZ9JQ,A21N,HA-LDI,66200,66200,66375,0,0,,,-20416,,48.007781982421875,13.894546508789062
4431805,117023,2026-09-27T08:36:24.108Z,471D62,WZZ9JQ,A21N,HA-LDI,66375,66200,,0,,,,-20416,,48.007781982421875,13.894546508789062
4428553,117027,2026-09-27T08:19:37.950Z,3C7087,HRN611,FA8X,D-ALDG,55075,,61175,,22.064,,16588.10732414793,8128,,47.37684631347656,18.48504638671875
4428622,117027,2026-09-27T08:20:00.014Z,3C7087,HRN611,FA8X,D-ALDG,61175,55075,67475,22.064,23.071,16588.10732414793,16384.205279355036,8128,,47.39688162076271,27.656813401442378
4428685,117027,2026-09-27T08:20:23.085Z,3C7087,HRN611,FA8X,D-ALDG,67475,61175,,23.071,12.888,16384.205279355036,,8128,,47.417633056640625,18.364883422851562
4428812,117027,2026-09-27T08:20:35.973Z,3C7087,HRN611,FA8X,D-ALDG,75475,,,0,46.556,,,4032,,47.429328530521715,27.561105581430297
4428976,117033,2026-09-27T08:21:53.826Z,4D2300,RYR4EV,B38M,9H-VUB,60375,,67475,20.778,22.555,,18887.164708490356,8128,,47.711807509600106,17.630239633413453
4429038,117033,2026-09-27T08:22:16.381Z,4D2300,RYR4EV,B38M,9H-VUB,67475,60375,,22.555,20.097,18887.164708490356,,12224,,47.72438049316406,17.576202392578125
4429174,117033,2026-09-27T08:22:59.284Z,4D2300,RYR4EV,B38M,9H-VUB,81175,,,22.806,21.162,,,16320,,47.74863032971398,17.471923828125
4429306,117033,2026-09-27T08:23:40.844Z,4D2300,RYR4EV,B38M,9H-VUB,93975,,100275,20.398,20.913,,18074.881652560605,20416,,47.77237197100106,17.369032639723628
4429373,117033,2026-09-27T08:24:01.757Z,4D2300,RYR4EV,B38M,9H-VUB,100275,93975,4275,20.913,23.079,18074.881652560605,-249577.53802157808,20416,,47.78448486328125,17.316650390625
4429988,117033,2026-09-27T08:27:30.029Z,4D2300,RYR4EV,B38M,9H-VUB,55575,,,19.879,21.488,,,28608,,47.99749859308792,16.859013484074467
4430105,117033,2026-09-27T08:28:14.376Z,4D2300,RYR4EV,B38M,9H-VUB,66200,,,22.859,21.736,,,-4032,,48.04833984375,16.76355743408203
4432016,117033,2026-09-27T08:38:34.113Z,4D2300,RYR4EV,B38M,9H-VUB,66375,,,19.18,23.063,,,-4032,,48.7505275920286,15.409698486328125
4432218,117033,2026-09-27T08:39:39.940Z,4D2300,RYR4EV,B38M,9H-VUB,75500,,,20.634,22.17,,,-4032,,48.824592202396715,15.26275634765625
4432407,117033,2026-09-27T08:40:40.534Z,4D2300,RYR4EV,B38M,9H-VUB,80700,,85500,17.339,25.666,,11221.070677160445,-4032,,48.893396409891416,15.12571635999177
4432471,117033,2026-09-27T08:41:06.200Z,4D2300,RYR4EV,B38M,9H-VUB,85500,80700,,25.666,20.48,11221.070677160445,,-8128,,48.92258466300318,15.066664846319895
4432664,117033,2026-09-27T08:42:10.484Z,4D2300,RYR4EV,B38M,9H-VUB,100600,,3500,21.441,7.863,,-740938.5730637162,-8128,,48.99421691894531,14.918940617488033
4428993,117034,2026-09-27T08:22:03.522Z,471D64,WZZ84,A21N,HA-LDK,61000,,,43.636,21.409,,,4032,,48.28564453125,18.40118408203125
4429196,117034,2026-09-27T08:23:07.827Z,471D64,WZZ84,A21N,HA-LDK,86200,,,21.409,22.176,,,12224,,48.36570739746094,18.273855356069703
4429329,117034,2026-09-27T08:23:50.562Z,471D64,WZZ84,A21N,HA-LDK,100600,,,20.559,22.091,,,12224,,48.419403076171875,18.18814791165869
4430052,117034,2026-09-27T08:27:51.353Z,471D64,WZZ84,A21N,HA-LDK,55975,49575,55975,20.203,0,19007.078156709398,,24512,804,48.7340480998411,17.72427207545229
4430111,117034,2026-09-27T08:27:51.353Z,471D64,WZZ84,A21N,HA-LDK,55975,55975,68600,0,44.294,,17101.639048178084,24512,804,48.7340480998411,17.72427207545229
4430171,117034,2026-09-27T08:28:35.647Z,471D64,WZZ84,A21N,HA-LDK,68600,55975,74600,44.294,21.82,17101.639048178084,16498.625114573784,24512,804,48.79563903808594,17.64467679537256
4430236,117034,2026-09-27T08:28:57.467Z,471D64,WZZ84,A21N,HA-LDK,74600,68600,,21.82,15.511,16498.625114573784,,24512,804,48.826171875,17.605238694411128
4430362,117034,2026-09-27T08:29:40.092Z,471D64,WZZ84,A21N,HA-LDK,88300,,,27.114,21.269,,,24512,804,48.885482529462394,17.528541966488547
4430490,117034,2026-09-27T08:30:19.274Z,471D64,WZZ84,A21N,HA-LDK,99900,,3800,17.913,25.396,,-227043.62891793982,24512,804,48.93943657309322,17.45843184621708
4428925,117037,2026-09-27T08:21:39.493Z,489226,ENT4091,B738,SP-ESG,79425,,,21.409,21.24,,,12224,956,49.673583984375,16.844570762232706
4431053,117037,2026-09-27T08:33:32.555Z,489226,ENT4091,B738,SP-ESG,60375,49175,67175,27.742,10.466,24223.19948093144,38983.37473724441,-12224,955,48.196230096332094,16.01929514031667
4431122,117037,2026-09-27T08:33:43.021Z,489226,ENT4091,B738,SP-ESG,67175,60375,73175,10.466,31.364,38983.37473724441,11478.127789822725,-12224,698,48.17546081542969,16.00799560546875
4431191,117037,2026-09-27T08:34:14.385Z,489226,ENT4091,B738,SP-ESG,73175,67175,,31.364,6.503,11478.127789822725,,-12224,697,48.110480874271715,15.972783015324467
4431334,117037,2026-09-27T08:34:55.100Z,489226,ENT4091,B738,SP-ESG,81175,,,34.212,24.385,,,-16320,442,48.02724547305349,15.927922175480717
4431474,117037,2026-09-27T08:35:43.192Z,489226,ENT4091,B738,SP-ESG,93075,,,23.707,8.789,,,-16320,697,47.92881774902344,15.875038146972656
4432075,117037,2026-09-27T08:38:26.072Z,489226,ENT4091,B738,SP-ESG,100275,,2775,0,47.238,,-123840.97548583767,-20416,439,47.592132568359375,15.696372985839844
4429838,117038,2026-09-27T08:25:53.855Z,4D2395,EWG8RW,A320,9H-AMM,66350,,,0,58.843,,,-20416,679,46.91934876522775,13.306837815504878
4428923,117039,2026-09-27T08:21:39.246Z,4406DE,AUA51,B772,OE-LPE,87575,,,,21.079,,,-20416,805,48.330812615863344,16.637131540398855
4429052,117039,2026-09-27T08:22:21.760Z,4406DE,AUA51,B772,OE-LPE,99175,,,21.435,21.85,,,-24512,73,48.388118420617054,16.577429520456462
4429446,117039,2026-09-27T08:24:31.140Z,4406DE,AUA51,B772,OE-LPE,55975,47575,,22.007,21.9,22901.803971463625,,12224,114,48.574792894266416,16.380832069798544
4430204,117039,2026-09-27T08:28:57.657Z,4406DE,AUA51,B772,OE-LPE,55500,49100,61800,21.726,21.053,17674.67550400442,17954.68579299862,-12224,812,48.97909907971398,15.948462235300212
4430266,117039,2026-09-27T08:29:18.710Z,4406DE,AUA51,B772,OE-LPE,61800,55500,,21.053,21.437,17954.68579299862,,-16320,559,49.01234436035156,15.912428635817378
4430461,117039,2026-09-27T08:30:23.262Z,4406DE,AUA51,B772,OE-LPE,81100,,87400,21.573,21.025,,17978.59690844233,-20416,559,49.115776449947035,15.800219084087189
4430524,117039,2026-09-27T08:30:44.287Z,4406DE,AUA51,B772,OE-LPE,87400,81100,,21.025,21.74,17978.59690844233,,-24512,83,49.14985656738281,15.763127253605717
4430717,117039,2026-09-27T08:31:34.453Z,4406DE,AUA51,B772,OE-LPE,100700,,,7.947,,,,-28608,814,49.230853581832626,15.674671373869273
4429033,117040,2026-09-27T08:22:10.980Z,4692D7,AEE1DM,A320,SX-DVW,67475,,,19.42,23.532,,,28608,427,47.35185241699219,13.178512573242188
4429236,117040,2026-09-27T08:22:50.159Z,4692D7,AEE1DM,A320,SX-DVW,72675,,,0,83.561,,,-4032,932,47.296783447265625,13.271415710449219
4429525,117040,2026-09-27T08:24:38.352Z,4692D7,AEE1DM,A320,SX-DVW,100350,30875,,0.319,,13067398.119122257,,-8128,680,47.1444288350768,13.526846078725953
4428971,117041,2026-09-27T08:21:55.111Z,06A2E6,QTR85X,B789,A7-BHC,62625,,62625,,0,,,4032,170,50.08177185058594,18.76862375359792
4429042,117041,2026-09-27T08:21:55.111Z,06A2E6,QTR85X,B789,A7-BHC,62625,62625,35000,0,206.948,,-8009.258364420047,4032,170,50.08177185058594,18.76862375359792
4429890,117041,2026-09-27T08:26:57.640Z,06A2E6,QTR85X,B789,A7-BHC,62625,,62625,42.599,21.467,,0,4032,426,49.59672546386719,19.665599622224477
4429949,117041,2026-09-27T08:27:19.107Z,06A2E6,QTR85X,B789,A7-BHC,62625,62625,62700,21.467,21.3,0,211.2676056338028,4032,426,49.56221008300781,19.728192781147186
4430009,117041,2026-09-27T08:27:40.407Z,06A2E6,QTR85X,B789,A7-BHC,62700,62625,,21.3,22.172,211.2676056338028,,4032,426,49.527856859110166,19.790459710198547
4430130,117041,2026-09-27T08:28:21.613Z,06A2E6,QTR85X,B789,A7-BHC,62700,,,19.034,23.319,,,4032,427,49.4612406067929,19.9106412320524
4430320,117041,2026-09-27T08:29:27.803Z,06A2E6,QTR85X,B789,A7-BHC,62700,,,22.227,21.515,,,4032,429,49.349515236030186,20.095945659436666
4430632,117041,2026-09-27T08:31:15.120Z,06A2E6,QTR85X,B789,A7-BHC,62600,,,21.303,21.299,,,4032,430,49.16358947753906,20.389216496394283
4430828,117041,2026-09-27T08:32:09.866Z,06A2E6,QTR85X,B789,A7-BHC,62700,,,22.39,143.01,,,4032,174,49.06820006289724,20.53763941714635
4431394,117041,2026-09-27T08:35:09.627Z,06A2E6,QTR85X,B789,A7-BHC,62600,,,36.751,0,,,4032,942,48.75736999511719,21.016282301682622
4429464,117045,2026-09-27T08:24:08.779Z,407EEC,EZY26AP,A20N,G-UZLP,98200,,98200,0,36.182,,0,-20416,672,48.32369012347722,14.218115555612712
4429524,117045,2026-09-27T08:24:44.961Z,407EEC,EZY26AP,A20N,G-UZLP,98200,98200,98200,36.182,0,0,,-20416,161,48.27850341796875,14.315115121694703
4429586,117045,2026-09-27T08:24:44.961Z,407EEC,EZY26AP,A20N,G-UZLP,98200,98200,37025,0,30.502,,-120336.37138548293,-20416,161,48.27850341796875,14.315115121694703
4429713,117045,2026-09-27T08:25:49.483Z,407EEC,EZY26AP,A20N,G-UZLP,98200,37025,,34.02,20.975,107892.41622574955,,-20416,929,48.19775390625,14.487515963040892
4430889,117045,2026-09-27T08:32:12.437Z,407EEC,EZY26AP,A20N,G-UZLP,94775,,,0,45.929,,,-20416,929,47.71559143066406,15.494430541992188
4431089,117045,2026-09-27T08:33:36.187Z,407EEC,EZY26AP,A20N,G-UZLP,94675,,94675,20.674,0,,,-20416,929,47.60948181152344,15.71099853515625
4431155,117045,2026-09-27T08:33:36.187Z,407EEC,EZY26AP,A20N,G-UZLP,94675,94675,,0,0,,,-20416,929,47.60948181152344,15.71099853515625
4431439,117045,2026-09-27T08:35:26.070Z,407EEC,EZY26AP,A20N,G-UZLP,98275,,98375,26.137,23.916,,250.87807325639739,-20416,929,47.46917724609375,15.994720458984375
4431507,117045,2026-09-27T08:35:49.986Z,407EEC,EZY26AP,A20N,G-UZLP,98375,98275,98375,23.916,22.341,250.87807325639739,0,-16320,929,47.43854587360964,16.056377704326906
4431574,117045,2026-09-27T08:36:12.327Z,407EEC,EZY26AP,A20N,G-UZLP,98375,98375,98275,22.341,20.725,0,-289.5054282267792,-16320,929,47.40996279958951,16.113703801081783
4431642,117045,2026-09-27T08:36:33.052Z,407EEC,EZY26AP,A20N,G-UZLP,98275,98375,,20.725,21.791,-289.5054282267792,,-16320,673,47.383392333984375,16.16699981689453
4431972,117045,2026-09-27T08:38:19.577Z,407EEC,EZY26AP,A20N,G-UZLP,94675,,,26.405,21.323,,,-16320,418,47.24656677246094,16.439254760742188
4429932,117048,2026-09-27T08:27:10.533Z,49D5A6,TVS4NQ,BCS3,OK-EYA,73075,,,25.372,17.336,,,,557,47.63978576660156,17.319190979003906
4430053,117048,2026-09-27T08:27:53.100Z,49D5A6,TVS4NQ,BCS3,OK-EYA,61175,,55175,25.231,21.413,,-16812.216877597722,28608,812,47.70547640525688,17.249028132511967
4430112,117048,2026-09-27T08:28:14.513Z,49D5A6,TVS4NQ,BCS3,OK-EYA,55175,61175,49175,21.413,21.765,-16812.216877597722,-16540.317022742936,28608,812,47.73862159858315,17.213604266826906
4431492,117048,2026-09-27T08:35:44.798Z,49D5A6,TVS4NQ,BCS3,OK-EYA,93400,,87400,22.935,21.413,,-16812.216877597722,20416,308,48.49296569824219,16.586961012620122
4431558,117048,2026-09-27T08:36:06.211Z,49D5A6,TVS4NQ,BCS3,OK-EYA,87400,93400,86775,21.413,20.451,-16812.216877597722,-1833.6511662021417,16320,74,48.52880859375,16.55794583834131
4431626,117048,2026-09-27T08:36:26.662Z,49D5A6,TVS4NQ,BCS3,OK-EYA,86775,87400,86600,20.451,20.887,-1833.6511662021417,-502.7050318379853,16320,812,48.5629686258607,16.53015939812917
4431698,117048,2026-09-27T08:36:47.549Z,49D5A6,TVS4NQ,BCS3,OK-EYA,86600,86775,86775,20.887,22.584,-502.7050318379853,464.9309245483528,16320,42,48.59742736816406,16.50118314302881
4431758,117048,2026-09-27T08:37:10.133Z,49D5A6,TVS4NQ,BCS3,OK-EYA,86775,86600,,22.584,21.93,464.9309245483528,,16320,807,48.63102799755031,16.462073075143962
4431952,117048,2026-09-27T08:38:14.688Z,49D5A6,TVS4NQ,BCS3,OK-EYA,86775,,,23.25,21.679,,,16320,807,48.72450489108845,16.34404232627469
4432085,117048,2026-09-27T08:38:57.450Z,49D5A6,TVS4NQ,BCS3,OK-EYA,86775,,,21.083,21.382,,,16320,807,48.78623315843485,16.265620181434997
4432284,117048,2026-09-27T08:40:02.110Z,49D5A6,TVS4NQ,BCS3,OK-EYA,86700,,86700,21.515,21.357,,0,16320,807,48.87887211169227,16.14744487561677
4432346,117048,2026-09-27T08:40:23.467Z,49D5A6,TVS4NQ,BCS3,OK-EYA,86700,86700,86700,21.357,20.863,0,0,16320,807,48.909503484176376,16.108197663959686
4432408,117048,2026-09-27T08:40:44.330Z,49D5A6,TVS4NQ,BCS3,OK-EYA,86700,86700,81000,20.863,21.627,0,-15813.56637536413,16320,807,48.93929691637977,16.070034629420206
4432472,117048,2026-09-27T08:41:05.957Z,49D5A6,TVS4NQ,BCS3,OK-EYA,81000,86700,,21.627,21.078,-15813.56637536413,,16320,807,48.97041320800781,16.030038686899047
4432734,117048,2026-09-27T08:42:31.615Z,49D5A6,TVS4NQ,BCS3,OK-EYA,59800,,53800,21.842,21.795,,-16517.54989676531,12224,807,49.09130859375,15.874046912560061
4432803,117048,2026-09-27T08:42:53.410Z,49D5A6,TVS4NQ,BCS3,OK-EYA,53800,59800,47800,21.795,20.397,-16517.54989676531,-17649.654360935434,8128,807,49.1217041015625,15.834679236778811
4429190,117050,2026-09-27T08:23:05.617Z,3CC569,DCCBH,C25B,D-CCBH,68200,,,,19.333,,,12224,,48.04591369628906,16.21863555908203
4429679,117050,2026-09-27T08:25:44.188Z,3CC569,DCCBH,C25B,D-CCBH,61800,21350,66375,21.382,4.503,113506.68786830045,60959.36042638241,-8128,,48.08454895019531,15.9180908203125
4429735,117050,2026-09-27T08:25:48.691Z,3CC569,DCCBH,C25B,D-CCBH,66375,61800,85975,4.503,38.775,60959.36042638241,30328.820116054158,-12224,,48.085715083752646,15.909048227163453
4429794,117050,2026-09-27T08:26:27.466Z,3CC569,DCCBH,C25B,D-CCBH,85975,66375,93575,38.775,20.783,30328.820116054158,21941.00947890102,-12224,,48.09791177006091,15.831087552584108
4429853,117050,2026-09-27T08:26:48.249Z,3CC569,DCCBH,C25B,D-CCBH,93575,85975,,20.783,21.574,21941.00947890102,,-16320,,48.10359114307468,15.787987342247561
4430472,117050,2026-09-27T08:30:20.315Z,3CC569,DCCBH,C25B,D-CCBH,73400,,,72.305,0,,,8128,,48.11810302734375,15.307594299316406
4430604,117050,2026-09-27T08:30:47.046Z,3CC569,DCCBH,C25B,D-CCBH,80375,,86600,26.731,0,,,12224,,48.11979132183527,15.243741548978392
4430661,117050,2026-09-27T08:30:47.046Z,3CC569,DCCBH,C25B,D-CCBH,86600,80375,,0,0,,,12224,,48.11979132183527,15.243741548978392
4429330,117051,2026-09-27T08:23:47.749Z,452119,AMQ772,A320,LZ-EAE,66225,,,40.441,14.145,,,20416,,49.64268493652344,20.20515843441615
4429460,117051,2026-09-27T08:24:34.148Z,452119,AMQ772,A320,LZ-EAE,81100,,86700,32.254,21.187,,15858.781328172936,24512,,49.56165378376589,20.28558679529135
4429521,117051,2026-09-27T08:24:55.335Z,452119,AMQ772,A320,LZ-EAE,86700,81100,,21.187,22.281,15858.781328172936,,28608,,49.52399302337129,20.32292546452709
4429697,117051,2026-09-27T08:25:43.833Z,452119,AMQ772,A320,LZ-EAE,98700,23950,3000,23.678,22.338,189416.33583917562,-257050.76551168412,28608,947,49.43568342823093,20.41014800200594
4430295,117051,2026-09-27T08:29:18.625Z,452119,AMQ772,A320,LZ-EAE,55400,,61100,20.968,21.549,,15870.806069887236,-16320,695,49.02626037597656,20.810077373798094
4430359,117051,2026-09-27T08:29:40.174Z,452119,AMQ772,A320,LZ-EAE,61100,55400,,21.549,3.812,15870.806069887236,,-16320,950,48.98319567664195,20.84814774362667
4430688,117051,2026-09-27T08:31:25.661Z,452119,AMQ772,A320,LZ-EAE,93575,,99000,101.675,0,,,,,48.756532830707094,20.98547684518917
4430753,117051,2026-09-27T08:31:25.661Z,452119,AMQ772,A320,LZ-EAE,99000,93575,2600,0,0,,,,,48.756532830707094,20.98547684518917
4431748,117055,2026-09-27T08:37:10.763Z,48C127,RYR9KY,B738,SP-RKH,69100,,,22.04,20.973,,,-28608,662,48.98105427370233,19.025718287417703
4432277,117055,2026-09-27T08:40:02.083Z,48C127,RYR9KY,B738,SP-RKH,73100,,61800,21.432,18.921,,-35833.20120501031,-4032,925,48.83078365002648,19.500876978823953
4432339,117055,2026-09-27T08:40:21.004Z,48C127,RYR9KY,B738,SP-RKH,61800,73100,49400,18.921,23.844,-35833.20120501031,-31202.81831907398,28608,423,48.81523132324219,19.549677922175533
4429531,117056,2026-09-27T08:24:58.228Z,505A88,TVS2249,B738,OM-TVH,92775,,36425,18.814,19.027,,-177694.85468019132,-12224,76,47.40851968021716,15.423607459435061
4429979,117056,2026-09-27T08:27:30.248Z,505A88,TVS2249,B738,OM-TVH,53875,,,35.12,5.224,,,-4032,819,47.68597412109375,15.268867492675781
4431065,117056,2026-09-27T08:33:30.873Z,505A88,TVS2249,B738,OM-TVH,81175,,,20.604,24.566,,,20416,568,48.357254286943856,14.887558786492605
4431202,117056,2026-09-27T08:33:55.439Z,505A88,TVS2249,B738,OM-TVH,69000,,55800,0,0,,,16320,569,48.404205322265625,14.860558143028811
4431275,117056,2026-09-27T08:33:55.439Z,505A88,TVS2249,B738,OM-TVH,55800,69000,,0,0,,,16320,568,48.404205322265625,14.860558143028811
4429682,117058,2026-09-27T08:25:42.510Z,505E59,OMOYR,DA40,OM-OYR,67975,9475,67800,20.875,23.742,168143.7125748503,-442.2542330048016,-12224,267,48.52931135791843,17.2979736328125
4429738,117058,2026-09-27T08:26:06.252Z,505E59,OMOYR,DA40,OM-OYR,67800,67975,67800,23.742,21.569,-442.2542330048016,0,-16320,13,48.541168212890625,17.293536846454344
4429797,117058,2026-09-27T08:26:27.821Z,505E59,OMOYR,DA40,OM-OYR,67800,67800,67975,21.569,21.138,0,496.7357365881351,-16320,14,48.55320739746094,17.288325383113033
4429856,117058,2026-09-27T08:26:48.959Z,505E59,OMOYR,DA40,OM-OYR,67975,67800,67800,21.138,20.29,496.7357365881351,-517.4963035978315,-16320,15,48.565994521318856,17.283301102487712
4429914,117058,2026-09-27T08:27:09.249Z,505E59,OMOYR,DA40,OM-OYR,67800,67975,67975,20.29,22.064,-517.4963035978315,475.8883248730964,-16320,272,48.57875061035156,17.278254582331783
4429980,117058,2026-09-27T08:27:31.313Z,505E59,OMOYR,DA40,OM-OYR,67975,67800,67975,22.064,21.189,475.8883248730964,0,-16320,784,48.59290171477754,17.27260388826062
4430033,117058,2026-09-27T08:27:52.502Z,505E59,OMOYR,DA40,OM-OYR,67975,67975,67800,21.189,22.072,0,-475.71583907212755,-16320,784,48.60668117717161,17.267038445723642
4430096,117058,2026-09-27T08:28:14.574Z,505E59,OMOYR,DA40,OM-OYR,67800,67975,67800,22.072,21.456,-475.71583907212755,0,-16320,784,48.62113952636719,17.261211688701906
4430156,117058,2026-09-27T08:28:36.030Z,505E59,OMOYR,DA40,OM-OYR,67800,67800,67800,21.456,20.974,0,0,-16320,784,48.63514709472656,17.25557767427881
4430218,117058,2026-09-27T08:28:57.004Z,505E59,OMOYR,DA40,OM-OYR,67800,67800,67975,20.974,20.697,0,507.3199014349906,-16320,784,48.64897155761719,17.250014085036128
4430282,117058,2026-09-27T08:29:17.701Z,505E59,OMOYR,DA40,OM-OYR,67975,67800,67975,20.697,22.446,507.3199014349906,0,-16320,785,48.662590414790785,17.24455984015208
4430346,117058,2026-09-27T08:29:40.147Z,505E59,OMOYR,DA40,OM-OYR,67975,67975,67975,22.446,21.35,0,0,-16320,785,48.67739402641684,17.238633005242605
4430412,117058,2026-09-27T08:30:01.497Z,505E59,OMOYR,DA40,OM-OYR,67975,67975,67800,21.35,21.358,0,-491.619065455567,-16320,785,48.69154590671345,17.23292300575656
4430476,117058,2026-09-27T08:30:22.855Z,505E59,OMOYR,DA40,OM-OYR,67800,67975,67975,21.358,19.276,-491.619065455567,544.7188213322266,-16320,785,48.7056884765625,17.22726675180286
4430539,117058,2026-09-27T08:30:42.131Z,505E59,OMOYR,DA40,OM-OYR,67975,67800,67800,19.276,23.294,544.7188213322266,-450.7598523224865,-16320,785,48.71845310017214,17.222153513055105
4430602,117058,2026-09-27T08:31:05.425Z,505E59,OMOYR,DA40,OM-OYR,67800,67975,67975,23.294,21.733,-450.7598523224865,483.1362444209267,-16320,785,48.73384094238281,17.215998722956783
4430663,117058,2026-09-27T08:31:27.158Z,505E59,OMOYR,DA40,OM-OYR,67975,67800,67800,21.733,20.836,483.1362444209267,-503.93549625647915,-16320,784,48.748153427899894,17.210227564761453
4430730,117058,2026-09-27T08:31:47.994Z,505E59,OMOYR,DA40,OM-OYR,67800,67975,67800,20.836,22.063,-503.93549625647915,0,-16320,785,48.76190185546875,17.204660268930297
4430794,117058,2026-09-27T08:32:10.057Z,505E59,OMOYR,DA40,OM-OYR,67800,67800,67975,22.063,21.273,0,493.58341559723596,-16320,784,48.77641296386719,17.19888540414661
4430858,117058,2026-09-27T08:32:31.330Z,505E59,OMOYR,DA40,OM-OYR,67975,67800,67975,21.273,21.793,493.58341559723596,0,-16320,784,48.79046941207627,17.193242123252503
4430927,117058,2026-09-27T08:32:53.123Z,505E59,OMOYR,DA40,OM-OYR,67975,67975,67900,21.793,21.16,0,-212.66540642722117,-16320,785,48.80480750132415,17.187387566817392
4430996,117058,2026-09-27T08:33:14.283Z,505E59,OMOYR,DA40,OM-OYR,67900,67975,67800,21.16,21.55,-212.66540642722117,-278.42227378190256,-16320,785,48.81881972490731,17.18174984580594
4431062,117058,2026-09-27T08:33:35.833Z,505E59,OMOYR,DA40,OM-OYR,67800,67900,67800,21.55,21.571,-278.42227378190256,0,-16320,784,48.83299255371094,17.176067645733156
4431130,117058,2026-09-27T08:33:57.404Z,505E59,OMOYR,DA40,OM-OYR,67800,67800,,21.571,21.545,0,,-16320,528,48.847137451171875,17.170222355769283
4431270,117058,2026-09-27T08:34:39.753Z,505E59,OMOYR,DA40,OM-OYR,69100,,72700,20.804,19.909,,10849.364608970818,-16320,776,48.86499954482256,17.139322381270517
4431342,117058,2026-09-27T08:34:59.662Z,505E59,OMOYR,DA40,OM-OYR,72700,69100,73500,19.909,23.458,10849.364608970818,2046.2102481029929,-16320,264,48.87179617154396,17.123204281455628
4431411,117058,2026-09-27T08:35:23.120Z,505E59,OMOYR,DA40,OM-OYR,73500,72700,73800,23.458,21.107,2046.2102481029929,852.7976500686976,-16320,17,48.88003591763771,17.10383365028781
4431482,117058,2026-09-27T08:35:44.227Z,505E59,OMOYR,DA40,OM-OYR,73800,73500,,21.107,17.669,852.7976500686976,,-16320,17,48.88728332519531,17.086838942307622
4429712,117062,2026-09-27T08:25:48.063Z,471F8E,WZZ5510,A320,HA-LYS,85800,30250,,23.332,19.415,142851.02005828902,,,301,49.15434265136719,21.08255239633411
4429886,117062,2026-09-27T08:26:51.063Z,471F8E,WZZ5510,A320,HA-LYS,67800,,61400,20.618,22.579,,-17006.953363745073,-28608,806,49.24305725097656,20.97444974459131
4429944,117062,2026-09-27T08:27:13.642Z,471F8E,WZZ5510,A320,HA-LYS,61400,67800,56300,22.579,16.197,-17006.953363745073,-18892.38747916281,-28608,76,49.274139404296875,20.936420147235594
4430004,117062,2026-09-27T08:27:29.839Z,471F8E,WZZ5510,A320,HA-LYS,56300,61400,49400,16.197,7.591,-18892.38747916281,-54538.269002766436,-28608,72,49.29574740135063,20.909945839329794
4430625,117062,2026-09-27T08:31:09.164Z,471F8E,WZZ5510,A320,HA-LYS,101100,5025,,37.299,20.398,154548.37931311832,,-12224,288,49.52985860533633,20.536639239336978
4430820,117062,2026-09-27T08:32:08.095Z,471F8E,WZZ5510,A320,HA-LYS,87100,,,17.531,12.288,,,-8128,796,49.58716441009004,20.430710251266873
4430195,117071,2026-09-27T08:28:14.816Z,AB5867,,B789,N830AN,94750,,94750,0,0,,,-20416,905,47.181949938757946,14.894996056189939
4430260,117071,2026-09-27T08:28:14.816Z,AB5867,,B789,N830AN,94750,94750,,0,,,,-20416,905,47.181949938757946,14.894996056189939
4430318,117072,2026-09-27T08:29:12.430Z,AB0969,AAL97,B788,N810AN,61800,49575,61800,22.613,0,32437.093707159598,,-8128,569,48.23638916015625,18.73415433443506
4430383,117072,2026-09-27T08:29:12.430Z,AB0969,AAL97,B788,N810AN,61800,61800,,0,113.05,,,-8128,569,48.23638916015625,18.73415433443506
4431015,117072,2026-09-27T08:33:14.805Z,AB0969,AAL97,B788,N810AN,59975,49000,66775,21.682,21.41,30370.814500507335,19056.515646893975,8128,,48.531313104144594,18.136476215563334
4431081,117072,2026-09-27T08:33:36.215Z,AB0969,AAL97,B788,N810AN,66775,59975,,21.41,21.325,19056.515646893975,,12224,,48.55915134235964,18.082484195106872
4431359,117072,2026-09-27T08:35:02.121Z,AB0969,AAL97,B788,N810AN,98600,,,22.092,21.217,,,20416,,48.68824768066406,17.884897085336547
4431955,117072,2026-09-27T08:38:14.525Z,AB0969,AAL97,B788,N810AN,81400,,87800,21.026,20.941,,18337.233178931285,24512,,48.97261047363281,17.464529184194703
4432023,117072,2026-09-27T08:38:35.466Z,AB0969,AAL97,B788,N810AN,87800,81400,,20.941,20.589,18337.233178931285,,24512,,49.00254821777344,17.41995004507214
4430633,117074,2026-09-27T08:31:14.134Z,48C138,RYR41QY,B738,SP-RKV,79475,,,20.453,22.53,,,12224,,47.76695251464844,17.406394958496094
4430766,117074,2026-09-27T08:31:56.271Z,48C138,RYR41QY,B738,SP-RKV,93075,,,19.607,23.071,,,12224,,47.80018615722656,17.28856658935547
4431234,117074,2026-09-27T08:34:27.988Z,48C138,RYR41QY,B738,SP-RKV,55575,,62775,21.026,21.569,,20028.744958041636,24512,,47.91998911712129,16.872112567608156
4431305,117074,2026-09-27T08:34:49.557Z,48C138,RYR41QY,B738,SP-RKV,62775,55575,72675,21.569,21.08,20028.744958041636,28178.368121442127,28608,,47.93646860930879,16.814011793870122
4431376,117074,2026-09-27T08:35:10.637Z,48C138,RYR41QY,B738,SP-RKV,72675,62775,,21.08,21.712,28178.368121442127,,28608,,47.95257568359375,16.7574462890625
4430636,117076,2026-09-27T08:29:04.317Z,4BC852,PGT75CK,A21N,TC-RBR,87475,,,0,141.272,,,-4032,,47.35089111328125,15.011306762695312
4430389,117077,2026-09-27T08:29:51.748Z,4408A6,OEFPM,C25A,OE-FPM,55575,40600,73975,21.022,22.01,42740.93806488441,50159.01862789641,12224,338,48.209590588585804,16.50811446340458
4430451,117077,2026-09-27T08:30:13.758Z,4408A6,OEFPM,C25A,OE-FPM,73975,55575,87800,22.01,20.344,50159.01862789641,40773.692489185996,20416,188,48.226628707627114,16.474721808182494
4430514,117077,2026-09-27T08:30:34.102Z,4408A6,OEFPM,C25A,OE-FPM,87800,73975,3575,20.344,22.313,40773.692489185996,-226482.3197239278,24512,184,48.24229431152344,16.443857046274047
4430899,117077,2026-09-27T08:32:43.454Z,4408A6,OEFPM,C25A,OE-FPM,73000,,81975,29.219,21.108,,25511.654349061966,-12224,799,48.34144592285156,16.24814547025244
4430967,117077,2026-09-27T08:33:04.562Z,4408A6,OEFPM,C25A,OE-FPM,81975,73000,93400,21.108,19.117,25511.654349061966,35858.13673693571,-20416,548,48.357859466035485,16.215458920127503
4431034,117077,2026-09-27T08:33:23.679Z,4408A6,OEFPM,C25A,OE-FPM,93400,81975,,19.117,22.47,35858.13673693571,,-20416,796,48.373077392578125,16.185678335336547
4431664,117077,2026-09-27T08:36:28.984Z,4408A6,OEFPM,C25A,OE-FPM,54775,49975,61800,12.071,30.118,23858.83522491923,13994.953184142374,8128,794,48.53168552204714,15.868883634868439
4431722,117077,2026-09-27T08:36:59.102Z,4408A6,OEFPM,C25A,OE-FPM,61800,54775,67575,30.118,18.324,13994.953184142374,18909.626719056974,8128,794,48.559112548828125,15.813762958233156
4431785,117077,2026-09-27T08:37:17.426Z,4408A6,OEFPM,C25A,OE-FPM,67575,61800,73800,18.324,23.481,18909.626719056974,15906.477577615944,12224,794,48.57651532706568,15.778752377158753
4431849,117077,2026-09-27T08:37:40.907Z,4408A6,OEFPM,C25A,OE-FPM,73800,67575,80200,23.481,24.794,15906.477577615944,15487.617972090022,8128,794,48.59857177734375,15.734323354867797
4431917,117077,2026-09-27T08:38:05.701Z,4408A6,OEFPM,C25A,OE-FPM,80200,73800,86200,24.794,21.026,15487.617972090022,17121.658898506612,12224,794,48.62200927734375,15.687208909254878
4431983,117077,2026-09-27T08:38:26.727Z,4408A6,OEFPM,C25A,OE-FPM,86200,80200,,21.026,21.955,17121.658898506612,,12224,794,48.64183044433594,15.647066556490358
4432117,117077,2026-09-27T08:39:08.947Z,4408A6,OEFPM,C25A,OE-FPM,98375,,,20.265,22.006,,,16320,794,48.681816489009535,15.566036826685831
4433104,117077,2026-09-27T08:44:30.321Z,4408A6,OEFPM,C25A,OE-FPM,80600,,86700,33.099,20.477,,17873.711969526787,-4032,546,48.99989318847656,14.981196476863033
4433168,117077,2026-09-27T08:44:50.798Z,4408A6,OEFPM,C25A,OE-FPM,86700,80600,,20.477,22.419,17873.711969526787,,-4032,546,49.0233702578787,14.94935688219573
4430896,117080,2026-09-27T08:32:40.667Z,48C2B3,RYR6QZ,B38M,SP-RZU,98775,,92775,21.707,21.578,,-16683.659282602654,-4032,,47.44278212725106,17.90884164663464
4430966,117080,2026-09-27T08:33:02.245Z,48C2B3,RYR6QZ,B38M,SP-RZU,92775,98775,86675,21.578,21.842,-16683.659282602654,-16756.707261239815,-4032,,47.478767007084215,17.942011906550533
4431031,117080,2026-09-27T08:33:24.087Z,48C2B3,RYR6QZ,B38M,SP-RZU,86675,92775,81075,21.842,20.561,-16756.707261239815,-16341.617625601868,-4032,,47.51536560058594,17.976036071777344
4431097,117080,2026-09-27T08:33:44.648Z,48C2B3,RYR6QZ,B38M,SP-RZU,81075,86675,,20.561,21.793,-16341.617625601868,,-4032,,47.55006408691406,18.008377075195312
4432849,117080,2026-09-27T08:43:05.560Z,48C2B3,RYR6QZ,B38M,SP-RZU,62375,,,21.299,21.57,,,20416,,48.503474865929554,28.38982833059208
4433441,117080,2026-09-27T08:46:18.043Z,48C2B3,RYR6QZ,B38M,SP-RZU,54200,,,22.06,19.27,,,4032,,48.827545166015625,19.234454815204344
4433720,117080,2026-09-27T08:47:43.815Z,48C2B3,RYR6QZ,B38M,SP-RZU,99400,,,21.134,20.507,,,-20416,,48.97187805175781,19.35488187349756
4433927,117080,2026-09-27T08:48:47.195Z,48C2B3,RYR6QZ,B38M,SP-RZU,62200,,,20.316,22.225,,,-8128,,49.08087158203125,19.420236440805297
4434348,117080,2026-09-27T08:51:18.312Z,48C2B3,RYR6QZ,B38M,SP-RZU,80700,,,21.544,21.354,,,12224,,49.32586669921875,19.56816823858958
4430703,117081,2026-09-27T08:31:39.173Z,471F44,WMT7QH,A21N,HA-LVW,62600,,62700,21.135,20.453,,293.3554979709578,28608,426,49.42066955566406,16.228074293870122
4430769,117081,2026-09-27T08:31:59.626Z,471F44,WMT7QH,A21N,HA-LVW,62700,62600,,20.453,22.449,293.3554979709578,,28608,682,49.388246697894594,16.280943218030416
4431241,117081,2026-09-27T08:34:30.936Z,471F44,WMT7QH,A21N,HA-LVW,66300,,66200,20.997,20.781,,-288.72527789808,28608,426,49.1473388671875,16.67016280324833
4431311,117081,2026-09-27T08:34:51.717Z,471F44,WMT7QH,A21N,HA-LVW,66200,66300,66300,20.781,22.392,-288.72527789808,267.9528403001072,28608,426,49.114013671875,16.723585862379878
4431383,117081,2026-09-27T08:35:14.109Z,471F44,WMT7QH,A21N,HA-LVW,66300,66200,66300,22.392,21.541,267.9528403001072,0,28608,426,49.07825534626589,16.780821147717916
4431455,117081,2026-09-27T08:35:35.650Z,471F44,WMT7QH,A21N,HA-LVW,66300,66300,66300,21.541,20.894,0,0,28608,170,49.0437601380429,16.835825066817392
4431523,117081,2026-09-27T08:35:56.544Z,471F44,WMT7QH,A21N,HA-LVW,66300,66300,66200,20.894,21.818,0,-275.002291685764,28608,170,49.01033563128972,16.88902202405427
4431592,117081,2026-09-27T08:36:18.362Z,471F44,WMT7QH,A21N,HA-LVW,66200,66300,,21.818,21.432,-275.002291685764,,28608,938,48.97554016113281,16.944439227764406
4433298,117081,2026-09-27T08:45:34.410Z,471F44,WMT7QH,A21N,HA-LVW,66200,,,20.344,19.139,,,28608,938,48.084320068359375,18.32086944580078
4430452,117082,2026-09-27T08:30:13.731Z,49D283,TVS433P,B738,OK-TVY,85400,,99400,,20.371,,41235.08909724609,4032,,49.29277038574219,15.730520395132203
4430516,117082,2026-09-27T08:30:34.102Z,49D283,TVS433P,B738,OK-TVY,99400,85400,,20.371,22.067,41235.08909724609,,8128,,49.252716064453125,15.734041654146608
4430627,117085,2026-09-27T08:31:10.314Z,4BB854,PGT741B,A20N,TC-NBT,80775,,80775,,0,,,,,47.350236278469275,17.35220102163464
4430693,117085,2026-09-27T08:31:10.314Z,4BB854,PGT741B,A20N,TC-NBT,80775,80775,80775,0,43.878,,0,-4032,,47.350236278469275,17.35220102163464
4430760,117085,2026-09-27T08:31:54.192Z,4BB854,PGT741B,A20N,TC-NBT,80775,80775,,43.878,20.426,0,,-8128,,47.390690173132946,17.241774338942378
4433478,117085,2026-09-27T08:46:31.860Z,4BB854,PGT741B,A20N,TC-NBT,80600,,80775,20.586,16.193,,648.4283332304082,-12224,,48.252685546875,15.065213716947142
4433549,117085,2026-09-27T08:46:48.053Z,4BB854,PGT741B,A20N,TC-NBT,80775,80600,80775,16.193,0,648.4283332304082,,-16320,,48.26829296047404,15.024454217208017
4433618,117085,2026-09-27T08:46:48.053Z,4BB854,PGT741B,A20N,TC-NBT,80775,80775,80775,0,49.835,,0,-12224,,48.26829296047404,15.024454217208017
4433694,117085,2026-09-27T08:47:37.888Z,4BB854,PGT741B,A20N,TC-NBT,80775,80775,80600,49.835,20.207,0,-519.6219131983966,-12224,,48.316241765426376,14.899051063939169
4433758,117085,2026-09-27T08:47:58.095Z,4BB854,PGT741B,A20N,TC-NBT,80600,80775,,20.207,21.767,-519.6219131983966,,-12224,,48.33563232421875,14.848304161658689
4434023,117085,2026-09-27T08:48:21.937Z,4BB854,PGT741B,A20N,TC-NBT,80200,,80200,0,0,,,-12224,,48.3584180928893,14.788320440994994
4434085,117085,2026-09-27T08:48:21.937Z,4BB854,PGT741B,A20N,TC-NBT,80200,80200,,0,0,,,-12224,,48.3584180928893,14.788320440994994
4430644,117086,2026-09-27T08:31:24.018Z,4246B9,AHY4007,A20N,VP-BCK,80600,,,,21.518,,,4032,,48.208282470703125,20.82937387319714
4431933,117086,2026-09-27T08:38:11.572Z,4246B9,AHY4007,A20N,VP-BCK,80600,,,21.053,21.657,,,8128,,48.57051086425781,19.792644794170656
4432266,117086,2026-09-27T08:39:58.727Z,4246B9,AHY4007,A20N,VP-BCK,80775,,80775,22.094,21.408,,0,8128,,48.66305593716896,19.520753559313334
4432334,117086,2026-09-27T08:40:20.135Z,4246B9,AHY4007,A20N,VP-BCK,80775,80775,,21.408,21.543,0,,8128,,48.681350966631356,19.466689260382395
4432520,117086,2026-09-27T08:41:24.661Z,4246B9,AHY4007,A20N,VP-BCK,80375,,80200,22.121,21.383,,-491.0442875181219,8128,,48.73577053264036,19.30485775596219
4432586,117086,2026-09-27T08:41:46.044Z,4246B9,AHY4007,A20N,VP-BCK,80200,80375,80200,21.383,21.323,-491.0442875181219,0,8128,,48.75370788574219,19.25142728365381
4432648,117086,2026-09-27T08:42:07.367Z,4246B9,AHY4007,A20N,VP-BCK,80200,80200,80200,21.323,21.192,0,0,8128,,48.7716064453125,19.198044996995122
4432716,117086,2026-09-27T08:42:28.559Z,4246B9,AHY4007,A20N,VP-BCK,80200,80200,80200,21.192,20.942,0,0,8128,,48.78932189941406,19.145014836238033
4432786,117086,2026-09-27T08:42:49.501Z,4246B9,AHY4007,A20N,VP-BCK,80200,80200,,20.942,21.876,0,,8128,,48.80680847167969,19.092548076923094
4434495,117086,2026-09-27T08:52:05.222Z,4246B9,AHY4007,A20N,VP-BCK,80300,,80300,20.152,23.459,,0,12224,,49.2799661927304,17.730126631887288
4434561,117086,2026-09-27T08:52:28.681Z,4246B9,AHY4007,A20N,VP-BCK,80300,80300,80200,23.459,19.959,0,-300.6162633398467,12224,,49.302776789261124,17.67642372532896
4434628,117086,2026-09-27T08:52:48.640Z,4246B9,AHY4007,A20N,VP-BCK,80200,80300,,19.959,22.476,-300.6162633398467,,12224,,49.32225036621094,17.630732609675533
4434898,117086,2026-09-27T08:54:15.800Z,4246B9,AHY4007,A20N,VP-BCK,80600,,,25.774,21.605,,,12224,,49.4066162109375,17.43072509765625
4435636,117086,2026-09-27T08:58:11.707Z,4246B9,AHY4007,A20N,VP-BCK,80700,,80700,22.147,21.054,,0,16320,,49.634601140426376,16.88353667388094
4435701,117086,2026-09-27T08:58:32.761Z,4246B9,AHY4007,A20N,VP-BCK,80700,80700,80625,21.054,21.711,0,-207.26820505734423,16320,,49.654851363877114,16.834246661211978
4435765,117086,2026-09-27T08:58:54.472Z,4246B9,AHY4007,A20N,VP-BCK,80625,80700,80625,21.711,21.487,-207.26820505734423,0,16320,,49.67573547363281,16.783423172800212
4435832,117086,2026-09-27T08:59:15.959Z,4246B9,AHY4007,A20N,VP-BCK,80625,80625,80700,21.487,21.621,0,208.13098376578327,16320,,49.69647216796875,16.73304507606906
4435905,117086,2026-09-27T08:59:37.580Z,4246B9,AHY4007,A20N,VP-BCK,80700,80625,36000,21.621,1.818,208.13098376578327,-1475247.5247524753,16320,,49.71709170583951,16.68281348975927
4431288,117088,2026-09-27T08:33:44.949Z,45AB4F,FIN8KR,B738,OY-JZO,55875,,55875,0,0,,,-16320,,47.55619812011719,14.023635864257812
4431361,117088,2026-09-27T08:33:44.949Z,45AB4F,FIN8KR,B738,OY-JZO,55875,55875,,0,301.104,,,-16320,,47.55619812011719,14.023635864257812
4432131,117088,2026-09-27T08:38:49.186Z,45AB4F,FIN8KR,B738,OY-JZO,91800,,91800,3.133,0,,,-12224,,48.162139892578125,-4.271709735576906
4432198,117088,2026-09-27T08:38:49.186Z,45AB4F,FIN8KR,B738,OY-JZO,91800,91800,,0,102.525,,,-12224,,48.162139892578125,-4.271709735576906
4431090,117089,2026-09-27T08:33:42.548Z,4D22BD,RYR198,A320,9H-LOW,91975,,100200,21.571,21.027,,23469.82451134256,24512,,48.514461194054554,16.79043418482729
4431159,117089,2026-09-27T08:34:03.575Z,4D22BD,RYR198,A320,9H-LOW,100200,91975,11000,21.027,21.105,23469.82451134256,-253589.19687277896,28608,,48.55018615722656,16.79718017578125
4431510,117089,2026-09-27T08:35:50.740Z,4D22BD,RYR198,A320,9H-LOW,53975,,,20.987,21.86,,,-8128,,48.736655025158896,16.835752788342916
4431645,117089,2026-09-27T08:36:32.860Z,4D22BD,RYR198,A320,9H-LOW,69175,,80300,20.26,22.335,,29885.82941571524,-12224,,48.811278262380824,16.864158228823953
4431708,117089,2026-09-27T08:36:55.195Z,4D22BD,RYR198,A320,9H-LOW,80300,69175,87800,22.335,21.712,29885.82941571524,20725.86588061901,-20416,,48.84605278403072,16.900080630653747
4431770,117089,2026-09-27T08:37:16.907Z,4D22BD,RYR198,A320,9H-LOW,87800,80300,,21.712,20.398,20725.86588061901,,-20416,,48.87977600097656,16.93655160757214
4432237,117089,2026-09-27T08:39:46.573Z,4D22BD,RYR198,A320,9H-LOW,53900,42200,61500,21.514,21.107,32629.91540392303,21604.207135073673,4032,,49.11680059917902,17.19606098375823
4432298,117089,2026-09-27T08:40:07.680Z,4D22BD,RYR198,A320,9H-LOW,61500,53900,,21.107,20.592,21604.207135073673,,4032,,49.14961992684057,17.232200221011453
4433345,117089,2026-09-27T08:45:50.658Z,4D22BD,RYR198,A320,9H-LOW,62225,,,21.219,21.326,,,12224,,49.67143249511719,17.816065738075622
4431535,117092,2026-09-27T08:35:28.718Z,489229,ENT3ZJ,B738,SP-ESK,101000,5000,,0,46.122,,,4032,310,48.851165771484375,21.21114877554089
4431800,117092,2026-09-27T08:37:27.017Z,489229,ENT3ZJ,B738,SP-ESK,87000,,,19.585,23.312,,,4032,79,49.066680908203125,21.12234262319714
4430817,117094,2026-09-27T08:32:08.340Z,4D250A,ETD160,A332,9H-HFK,66700,,68225,,11.913,,7680.684966003525,-12224,,49.76839227191472,21.056856722445104
4430882,117094,2026-09-27T08:32:20.253Z,4D250A,ETD160,A332,9H-HFK,68225,66700,,11.913,32.461,7680.684966003525,,-12224,,49.7413330078125,21.05833354749177
4431017,117094,2026-09-27T08:33:14.365Z,4D250A,ETD160,A332,9H-HFK,75425,,,21.651,21.33,,,-16320,,49.615081787109375,21.06512772409542
4431287,117094,2026-09-27T08:34:40.409Z,4D250A,ETD160,A332,9H-HFK,92600,,93800,23.646,13.384,,5379.557680812911,-16320,,49.413116455078125,21.075580303485594
4431360,117094,2026-09-27T08:34:53.793Z,4D250A,ETD160,A332,9H-HFK,93800,92600,99000,13.384,21.527,5379.557680812911,14493.42685929298,-20416,,49.38153076171875,21.077129657451906
4431430,117094,2026-09-27T08:35:15.320Z,4D250A,ETD160,A332,9H-HFK,99000,93800,,21.527,27.473,14493.42685929298,,-20416,,49.33099365234375,21.079594538761967
4432226,117094,2026-09-27T08:39:40.322Z,4D250A,ETD160,A332,9H-HFK,62200,,,23.074,17.695,,,4032,,48.710174560546875,21.10170804537256
4430892,117095,2026-09-27T08:32:35.503Z,896489,ETD8JZ,B789,A6-BLI,85900,,92700,19.326,23.761,,17170.994486764026,-24512,931,49.37632932501324,16.273281699732706
4430962,117095,2026-09-27T08:32:59.264Z,896489,ETD8JZ,B789,A6-BLI,92700,85900,99100,23.761,21.027,17170.994486764026,18262.234270223995,-28608,676,49.3471876241393,16.340500681023855
4431029,117095,2026-09-27T08:33:20.291Z,896489,ETD8JZ,B789,A6-BLI,99100,92700,,21.027,21.547,18262.234270223995,,-28608,175,49.32125802767479,16.40013042249177
4431709,117095,2026-09-27T08:36:55.277Z,896489,ETD8JZ,B789,A6-BLI,54300,48300,60300,21.215,20.999,16969.12561866604,17143.673508262298,12224,678,49.04552912307998,17.026567961040314
4431771,117095,2026-09-27T08:37:16.276Z,896489,ETD8JZ,B789,A6-BLI,60300,54300,,20.999,21.63,17143.673508262298,,16320,424,49.01750467591366,17.089450233861044
4431899,117095,2026-09-27T08:37:58.386Z,896489,ETD8JZ,B789,A6-BLI,69000,,,20.48,22.17,,,16320,678,48.96080017089844,17.216562124399047
4432033,117095,2026-09-27T08:38:42.538Z,896489,ETD8JZ,B789,A6-BLI,80700,,86600,21.982,20.866,,16965.39825553532,16320,177,48.90028614108845,17.35131514699833
4432101,117095,2026-09-27T08:39:03.404Z,896489,ETD8JZ,B789,A6-BLI,86600,80700,,20.866,21.655,16965.39825553532,,20416,679,48.87117004394531,17.41579495943506
4432234,117095,2026-09-27T08:39:45.890Z,896489,ETD8JZ,B789,A6-BLI,98775,,,20.831,21.818,,,24512,935,48.811417919094275,17.54762348375823
4432680,117095,2026-09-27T08:42:15.777Z,896489,ETD8JZ,B789,A6-BLI,53800,43400,,22.225,22.367,28076.490438695164,,28608,429,48.59916687011719,18.011099008413453
4432888,117095,2026-09-27T08:43:20.090Z,896489,ETD8JZ,B789,A6-BLI,74375,,80375,20.701,16.98,,21201.413427561834,28608,936,48.50808353747352,18.207742791426767
4432953,117095,2026-09-27T08:43:37.070Z,896489,ETD8JZ,B789,A6-BLI,80375,74375,87575,16.98,26.464,21201.413427561834,16324.062877871826,28608,681,48.484062582759535,18.259421900698953
4433020,117095,2026-09-27T08:44:03.534Z,896489,ETD8JZ,B789,A6-BLI,87575,80375,,26.464,10.923,16324.062877871826,,28608,427,48.44672768802966,18.33950645045229
4433152,117095,2026-09-27T08:44:32.187Z,896489,ETD8JZ,B789,A6-BLI,94200,,94775,17.73,32.54,,1060.2335586969882,28608,177,48.406036376953125,18.42618502103369
4433220,117095,2026-09-27T08:45:04.727Z,896489,ETD8JZ,B789,A6-BLI,94775,94200,94775,32.54,0,1060.2335586969882,,28608,177,48.360000868975106,27.99800672029187
4433280,117095,2026-09-27T08:45:04.727Z,896489,ETD8JZ,B789,A6-BLI,94775,94775,,0,46.095,,,28608,177,48.360000868975106,27.99800672029187
4433410,117095,2026-09-27T08:46:04.092Z,896489,ETD8JZ,B789,A6-BLI,94775,,,13.27,28.096,,,28608,421,48.27597407971398,28.17602860300167
4434024,117095,2026-09-27T08:49:15.567Z,896489,ETD8JZ,B789,A6-BLI,94600,,,23.021,26.952,,,28608,930,48.008697509765625,19.272216796875
4434463,117095,2026-09-27T08:51:53.509Z,896489,ETD8JZ,B789,A6-BLI,94775,,,73.017,22.12,,,24512,163,47.799698134600106,19.745600773738033
4434731,117095,2026-09-27T08:53:08.113Z,896489,ETD8JZ,B789,A6-BLI,94775,,,35.527,0,,,24512,163,47.69975048000529,19.967580942007203
4435228,117095,2026-09-27T08:55:36.853Z,896489,ETD8JZ,B789,A6-BLI,94775,,,3.168,0,,,24512,419,47.49943620067531,20.407879169170656
4431253,117098,2026-09-27T08:33:52.226Z,507C54,UZB3254,B788,UK78704,54775,36675,62675,0,62.546,,7578.422281201036,-16320,671,47.97999572753906,14.688858032226562
4431329,117098,2026-09-27T08:34:54.772Z,507C54,UZB3254,B788,UK78704,62675,54775,74375,62.546,12.124,7578.422281201036,57901.68261299901,-16320,416,47.92131042480469,14.894645690917969
4431402,117098,2026-09-27T08:35:06.896Z,507C54,UZB3254,B788,UK78704,74375,62675,81875,12.124,31.516,57901.68261299901,14278.461733722554,-12224,927,47.9100734904661,14.933870755709108
4431470,117098,2026-09-27T08:35:38.412Z,507C54,UZB3254,B788,UK78704,81875,74375,,31.516,23.238,14278.461733722554,,-16320,196,47.88079833984375,15.035476684570312
4432070,117098,2026-09-27T08:38:54.466Z,507C54,UZB3254,B788,UK78704,56375,,,24.268,20.899,,,28608,152,47.70328845007945,15.644319974459108
4432393,117098,2026-09-27T08:40:37.445Z,507C54,UZB3254,B788,UK78704,59975,,62275,17.581,17.535,,7869.974337040205,28608,665,47.60734428793697,15.967289851261967
4432458,117098,2026-09-27T08:40:54.980Z,507C54,UZB3254,B788,UK78704,62275,59975,,17.535,10.045,7869.974337040205,,28608,162,47.59071350097656,16.022735595703125
4432718,117098,2026-09-27T08:42:26.658Z,507C54,UZB3254,B788,UK78704,86775,,,23.329,18.613,,,20416,409,47.50558109606727,16.305471567007203
4432990,117098,2026-09-27T08:43:54.331Z,507C54,UZB3254,B788,UK78704,88275,,88275,23.532,21.432,,0,20416,153,47.42262268066406,16.577133178710938
4433058,117098,2026-09-27T08:44:15.763Z,507C54,UZB3254,B788,UK78704,88275,88275,,21.432,0.959,0,,20416,409,47.40211486816406,16.644012451171875
4433187,117098,2026-09-27T08:44:57.898Z,507C54,UZB3254,B788,UK78704,88375,,,41.176,16.195,,,20416,409,47.36159502449682,16.775700495793217
4433457,117098,2026-09-27T08:46:13.923Z,507C54,UZB3254,B788,UK78704,88350,,,11.117,31.157,,,20416,665,47.28822869769597,17.01204740084131
4433661,117098,2026-09-27T08:47:22.763Z,507C54,UZB3254,B788,UK78704,88275,,,16.332,26.733,,,20416,409,47.22138977050781,17.225257873535156
4433875,117098,2026-09-27T08:48:25.192Z,507C54,UZB3254,B788,UK78704,88275,,88350,14.915,23.949,,187.89928598271325,16320,665,47.16069030761719,17.417587280273438
4433939,117098,2026-09-27T08:48:49.141Z,507C54,UZB3254,B788,UK78704,88350,88275,,23.949,26.809,187.89928598271325,,16320,665,47.13702702926377,17.4920654296875
4434063,117098,2026-09-27T08:49:37.250Z,507C54,UZB3254,B788,UK78704,88350,,88275,21.3,18.185,,-247.4566950783613,16320,409,47.08959029892743,17.640944260817378
4434124,117098,2026-09-27T08:49:55.435Z,507C54,UZB3254,B788,UK78704,88275,88350,88275,18.185,22.488,-247.4566950783613,0,16320,153,47.071746826171875,17.696640014648438
4434186,117098,2026-09-27T08:50:17.923Z,507C54,UZB3254,B788,UK78704,88275,88275,,22.488,22.433,0,,16320,153,47.04963684082031,17.765579223632812
4434370,117098,2026-09-27T08:51:08.915Z,507C54,UZB3254,B788,UK78704,88350,,,14.353,,,,16320,922,46.99904619637182,17.92236328125
4431838,117100,2026-09-27T08:37:37.851Z,49D5EE,TVS4WY,BCS3,OK-FYD,67075,,,22.121,20.453,,,28608,81,47.695220947265625,17.4671630859375
4432887,117100,2026-09-27T08:43:19.058Z,49D5EE,TVS4WY,BCS3,OK-FYD,99800,,93975,20.105,20.117,,-17373.365810011433,16320,811,48.21116638183594,16.86978853665869
4432954,117100,2026-09-27T08:43:39.175Z,49D5EE,TVS4WY,BCS3,OK-FYD,93975,99800,,20.117,23.235,-17373.365810011433,,16320,811,48.2417581849179,16.833873548005727
4433089,117100,2026-09-27T08:44:24.778Z,49D5EE,TVS4WY,BCS3,OK-FYD,86775,,,22.368,20.808,,,12224,295,48.30963134765625,16.754005833676047
4434992,117100,2026-09-27T08:54:46.059Z,49D5EE,TVS4WY,BCS3,OK-FYD,81800,,79100,21.327,20.48,,-7910.15625,16320,554,49.22657775878906,15.656221829927858
4435060,117100,2026-09-27T08:55:06.539Z,49D5EE,TVS4WY,BCS3,OK-FYD,79100,81800,73900,20.48,15.049,-7910.15625,-20732.274569738856,12224,77,49.25650386487023,15.61981201171875
4435128,117100,2026-09-27T08:55:21.588Z,49D5EE,TVS4WY,BCS3,OK-FYD,73900,79100,,15.049,0,-20732.274569738856,,12224,77,49.27829031216896,15.593213533100311
4431729,117101,2026-09-27T08:36:58.312Z,4CA73F,RYR3CX,B738,EI-EBX,99475,,,24.301,24.029,,,-4032,,47.6649169921875,16.076705932617188
4432381,117101,2026-09-27T08:40:19.808Z,4CA73F,RYR3CX,B738,EI-EBX,85400,,,7.318,34.886,,,-4032,,48.02595520019531,16.314834594726562
4432509,117101,2026-09-27T08:40:59.185Z,4CA73F,RYR3CX,B738,EI-EBX,73575,,67575,4.491,40.332,,-8925.914906277892,28608,,48.09736633300781,16.362350463867188
4432572,117101,2026-09-27T08:41:39.517Z,4CA73F,RYR3CX,B738,EI-EBX,67575,73575,61575,40.332,20.422,-8925.914906277892,-17628.048183331703,28608,,48.17099878343485,16.41169497841281
4432636,117101,2026-09-27T08:41:59.939Z,4CA73F,RYR3CX,B738,EI-EBX,61575,67575,,20.422,22.911,-17628.048183331703,,28608,,48.2082871259269,16.436631052117605
4434810,117101,2026-09-27T08:53:48.033Z,4CA73F,RYR3CX,B738,EI-EBX,99100,,,23.047,21.462,,,12224,622,49.434566174523304,37.06742570206927
4435150,117101,2026-09-27T08:55:34.586Z,4CA73F,RYR3CX,B738,EI-EBX,93025,4300,,20.972,20.613,253838.45126835778,,-12224,583,49.61769104003906,17.827630293996663
4433652,117102,2026-09-27T08:47:11.519Z,471FA0,WZZ383,A21N,HA-LZK,59800,,,10.328,27.6,,,28608,52,48.72926330566406,18.08046781099756
4434243,117102,2026-09-27T08:50:37.542Z,471FA0,WZZ383,A21N,HA-LZK,62700,,,21.028,22.307,,,24512,293,49.02188058626854,28.006101909436666
4434550,117102,2026-09-27T08:52:25.347Z,471FA0,WZZ383,A21N,HA-LZK,62600,,,22.962,21.663,,,20416,292,49.172515869140625,18.768451397235594
4434821,117102,2026-09-27T08:53:50.462Z,471FA0,WZZ383,A21N,HA-LZK,66300,,,20.48,22.34,,,16320,293,49.291930117849574,18.956836901213023
4432445,117103,2026-09-27T08:40:57.024Z,48C2A9,RYR7SA,B38M,SP-RZK,93400,,87900,21.705,20.811,,-15856.998702609197,28608,663,48.95233154296875,16.452589768629878
4432510,117103,2026-09-27T08:41:17.835Z,48C2A9,RYR7SA,B38M,SP-RZK,87900,93400,,20.811,21.764,-15856.998702609197,,-4032,411,48.934827901549255,16.518450285259064
4433860,117103,2026-09-27T08:48:27.019Z,48C2A9,RYR7SA,B38M,SP-RZK,99000,10375,,21.793,21.623,244000.36709035013,,24512,685,48.448883056640625,17.741933969350953
4433985,117103,2026-09-27T08:49:09.584Z,48C2A9,RYR7SA,B38M,SP-RZK,74200,,61575,20.942,21.794,,-34757.272643846925,20416,939,48.39472961425781,17.847853440504878
4434046,117103,2026-09-27T08:49:31.378Z,48C2A9,RYR7SA,B38M,SP-RZK,61575,74200,,21.794,19.368,-34757.272643846925,,12224,440,48.36716991359904,17.901715730365936
4434410,117103,2026-09-27T08:51:39.389Z,48C2A9,RYR7SA,B38M,SP-RZK,99000,8775,,23.016,12.64,235205.94369134516,,-28608,683,48.20191955566406,18.19814828725964
4431188,117106,2026-09-27T08:34:15.973Z,44020A,AUA152R,A320,OE-LXA,73075,,67475,,19.202,,-17498.17727320071,-4032,772,47.859832763671875,13.758247375488281
4431259,117106,2026-09-27T08:34:35.175Z,44020A,AUA152R,A320,OE-LXA,67475,73075,61875,19.202,0,-17498.17727320071,,-4032,67,47.86161804199219,13.817779541015625
4431331,117106,2026-09-27T08:34:35.175Z,44020A,AUA152R,A320,OE-LXA,61875,67475,61875,0,0,,,-4032,63,47.86161804199219,13.817779541015625
4431399,117106,2026-09-27T08:34:35.175Z,44020A,AUA152R,A320,OE-LXA,61875,61875,,0,205.45,,,-4032,63,47.86161804199219,13.817779541015625
4432184,117106,2026-09-27T08:39:23.419Z,44020A,AUA152R,A320,OE-LXA,73975,9475,,63.707,5.931,60746.856703345,,12224,578,47.89424572960805,14.695833646334108
4432557,117106,2026-09-27T08:41:34.848Z,44020A,AUA152R,A320,OE-LXA,99475,47875,88375,125.498,12.994,24669.71585204545,-51254.42511928583,-12224,176,47.97395324707031,15.03753662109375
4432628,117106,2026-09-27T08:41:47.842Z,44020A,AUA152R,A320,OE-LXA,88375,99475,75075,12.994,0,-51254.42511928583,,-8128,317,47.981531175516416,15.070213904747561
4432693,117106,2026-09-27T08:41:47.842Z,44020A,AUA152R,A320,OE-LXA,75075,88375,66600,0,0,,,-8128,128,47.981531175516416,15.070213904747561
4432766,117106,2026-09-27T08:41:47.842Z,44020A,AUA152R,A320,OE-LXA,66600,75075,,0,0,,,-8128,128,47.981531175516416,15.070213904747561
4431568,117107,2026-09-27T08:36:01.486Z,4BB06D,THY8ED,B38M,TC-LCM,61075,48675,61075,23.619,0,31500.063508192557,,-20416,421,47.61424255371094,14.173324584960938
4431636,117107,2026-09-27T08:36:01.486Z,4BB06D,THY8ED,B38M,TC-LCM,61075,61075,4775,0,90.109,,-37487.931283223654,-20416,421,47.61424255371094,14.173324584960938
4432228,117107,2026-09-27T08:39:17.495Z,4BB06D,THY8ED,B38M,TC-LCM,55975,,60775,0,0,,,24512,171,47.473460051972985,14.694636418269283
4432292,117107,2026-09-27T08:39:17.495Z,4BB06D,THY8ED,B38M,TC-LCM,60775,55975,,0,70.724,,,24512,171,47.473460051972985,14.694636418269283
4432426,117107,2026-09-27T08:40:46.320Z,4BB06D,THY8ED,B38M,TC-LCM,81075,,81075,18.101,0,,,28608,172,47.40545654296875,14.943672180175781
4432489,117107,2026-09-27T08:40:46.320Z,4BB06D,THY8ED,B38M,TC-LCM,81075,81075,99075,0,47.409,,22780.484718091502,28608,172,47.40545654296875,14.943672180175781
4432553,117107,2026-09-27T08:41:33.729Z,4BB06D,THY8ED,B38M,TC-LCM,99075,81075,,47.409,21.463,22780.484718091502,,28608,920,47.36810302734375,15.079353332519531
4433111,117108,2026-09-27T08:44:31.221Z,45213E,AMQ757,A320,LZ-EAF,101000,,,21.598,20.537,,,-4032,,48.42814636230469,16.520550067608156
4434473,117108,2026-09-27T08:52:01.212Z,45213E,AMQ757,A320,LZ-EAF,101000,,,22.311,21.108,,,24512,812,49.19975280761719,17.29867788461536
4434606,117108,2026-09-27T08:52:44.029Z,45213E,AMQ757,A320,LZ-EAF,94700,,,21.709,21.049,,,24512,53,49.26814192432468,17.37372147409542
4434744,117108,2026-09-27T08:53:26.654Z,45213E,AMQ757,A320,LZ-EAF,79100,,,21.576,21.542,,,20416,53,49.33145296775688,17.44325336657073
4435155,117108,2026-09-27T08:55:35.511Z,45213E,AMQ757,A320,LZ-EAF,93825,,81100,21.563,21.522,,-35475.32757178701,-28608,53,49.51268005371094,17.643898411801047
4435220,117108,2026-09-27T08:55:57.033Z,45213E,AMQ757,A320,LZ-EAF,81100,93825,68225,21.522,20.861,-35475.32757178701,-37030.82306696707,-24512,53,49.541682873742054,17.676111169763544
4435288,117108,2026-09-27T08:56:17.894Z,45213E,AMQ757,A320,LZ-EAF,68225,81100,,20.861,21.654,-37030.82306696707,,-20416,53,49.569488525390625,17.707069798519797
4431309,117109,2026-09-27T08:34:47.467Z,4B990D,FHY752,A320,TC-FHM,62700,,,21.535,23.525,,,-20416,,49.67137740830243,21.364473909945104
4431842,117109,2026-09-27T08:37:40.825Z,4B990D,FHY752,A320,TC-FHM,66300,,66300,22.717,20.889,,0,-24512,,49.29071975966631,21.492221229954794
4431910,117109,2026-09-27T08:38:01.714Z,4B990D,FHY752,A320,TC-FHM,66300,66300,66300,20.889,20.839,0,0,-28608,,49.244958909891416,21.507471988075622
4431978,117109,2026-09-27T08:38:22.553Z,4B990D,FHY752,A320,TC-FHM,66300,66300,66200,20.839,21.815,0,-275.04011001604397,-28608,,49.19919806011652,21.522650467722087
4432044,117109,2026-09-27T08:38:44.368Z,4B990D,FHY752,A320,TC-FHM,66200,66300,66200,21.815,15.159,-275.04011001604397,0,-28608,,49.15141296386719,21.53848501352161
4432111,117109,2026-09-27T08:38:59.527Z,4B990D,FHY752,A320,TC-FHM,66200,66200,66200,15.159,0,0,,-28608,,49.11822509765625,21.54947134164661
4432178,117109,2026-09-27T08:38:59.527Z,4B990D,FHY752,A320,TC-FHM,66200,66200,,0,,,,-28608,,49.11822509765625,21.54947134164661
4431324,117111,2026-09-27T08:34:59.063Z,48C132,RYS12FD,B738,SP-RKT,73025,,75100,,20.097,,6194.9544708165395,4032,,49.942291259765625,17.633996260793538
4431396,117111,2026-09-27T08:35:19.160Z,48C132,RYS12FD,B738,SP-RKT,75100,73025,,20.097,22.719,6194.9544708165395,,4032,,49.89682989605402,17.64983306059969
4431537,117111,2026-09-27T08:36:03.230Z,48C132,RYS12FD,B738,SP-RKT,86625,,,21.351,21.603,,,8128,,49.79681396484375,17.684518914473642
4431521,117113,2026-09-27T08:35:34.722Z,4BCE01,SXS7CG,B738,TC-SPA,54275,48375,61475,2.836,0,124823.69534555712,,16320,936,47.501495361328125,13.262420654296875
4431590,117113,2026-09-27T08:35:34.722Z,4BCE01,SXS7CG,B738,TC-SPA,61475,54275,,0,0,,,20416,680,47.501495361328125,13.262420654296875
4435572,117115,2026-09-27T08:57:45.219Z,471F5C,WZZ2HD,A320,HA-LWU,100750,4275,100750,30.554,0,189451.4629835701,,-8128,,47.25703869835805,17.977224496694703
4435638,117115,2026-09-27T08:57:45.219Z,471F5C,WZZ2HD,A320,HA-LWU,100750,100750,,0,,,,-8128,,47.25703869835805,17.977224496694703
4432061,117119,2026-09-27T08:38:47.754Z,4868BC,KLM35G,A21N,PH-AXN,66300,,,20.504,22.12,,,24512,936,49.461845785884535,16.05592469911312
4432261,117119,2026-09-27T08:39:52.883Z,4868BC,KLM35G,A21N,PH-AXN,62600,,62700,23.209,20.754,,289.10089621277825,24512,680,49.36161804199219,16.226313664363033
4432322,117119,2026-09-27T08:40:13.637Z,4868BC,KLM35G,A21N,PH-AXN,62700,62600,,20.754,21.954,289.10089621277825,,24512,681,49.32959087824417,16.28050954718333
4432710,117119,2026-09-27T08:42:22.440Z,4868BC,KLM35G,A21N,PH-AXN,66300,,66300,21.215,21.494,,0,24512,937,49.129695569054554,16.616387618215413
4432779,117119,2026-09-27T08:42:43.934Z,4868BC,KLM35G,A21N,PH-AXN,66300,66300,66300,21.494,21.599,0,0,24512,681,49.09617795782574,16.672186600534587
4432846,117119,2026-09-27T08:43:05.533Z,4868BC,KLM35G,A21N,PH-AXN,66300,66300,66200,21.599,21.054,0,-284.98147620404677,24512,681,49.06252068988347,16.72820241827708
4432914,117119,2026-09-27T08:43:26.587Z,4868BC,KLM35G,A21N,PH-AXN,66200,66300,66300,21.054,21.844,-284.98147620404677,274.67496795458703,24512,681,49.029693603515625,16.78274301382214
4432980,117119,2026-09-27T08:43:48.431Z,4868BC,KLM35G,A21N,PH-AXN,66300,66200,66200,21.844,21.137,274.67496795458703,-283.8624213464541,24512,425,48.9956251241393,16.839222155119273
4433047,117119,2026-09-27T08:44:09.568Z,4868BC,KLM35G,A21N,PH-AXN,66200,66300,,21.137,20.753,-283.8624213464541,,24512,169,48.962677001953125,16.893662672776372
4433306,117119,2026-09-27T08:45:34.929Z,4868BC,KLM35G,A21N,PH-AXN,62700,,62600,21.054,21.873,,-274.31079412974896,24512,425,48.829852605270126,17.112001117907084
4433373,117119,2026-09-27T08:45:56.802Z,4868BC,KLM35G,A21N,PH-AXN,62600,62700,62775,21.873,21.541,-274.31079412974896,487.44255141358343,24512,425,48.795867919921875,17.167616624098628
4433439,117119,2026-09-27T08:46:18.343Z,4868BC,KLM35G,A21N,PH-AXN,62775,62600,62775,21.541,21.275,487.44255141358343,0,24512,425,48.7623053081965,17.222442626953125
4433507,117119,2026-09-27T08:46:39.618Z,4868BC,KLM35G,A21N,PH-AXN,62775,62775,,21.275,21.027,0,,24512,169,48.729067010394594,17.276434647409587
4433787,117119,2026-09-27T08:48:05.144Z,4868BC,KLM35G,A21N,PH-AXN,66375,,,21.846,21.545,,,24512,169,48.59555519233315,17.492908678556773
4434878,117119,2026-09-27T08:54:09.418Z,4868BC,KLM35G,A21N,PH-AXN,66200,,66375,21.113,5.702,,1841.4591371448614,24512,169,48.02458190917969,18.398117065429688
4434948,117119,2026-09-27T08:54:15.120Z,4868BC,KLM35G,A21N,PH-AXN,66375,66200,,5.702,0,1841.4591371448614,,24512,937,48.01556086136123,27.642869215745122
4432158,117121,2026-09-27T08:39:17.958Z,39BDAF,AFR79NB,BCS1,F-HPNP,86775,4375,80200,23.593,7.072,209553.6811766202,-55783.371040723985,-28608,267,48.659983489472985,15.107935855263122
4432227,117121,2026-09-27T08:39:25.030Z,39BDAF,AFR79NB,BCS1,F-HPNP,80200,86775,80200,7.072,0,-55783.371040723985,,-20416,269,48.651763916015625,15.127469576322142
4432290,117121,2026-09-27T08:39:25.030Z,39BDAF,AFR79NB,BCS1,F-HPNP,80200,80200,35975,0,53.987,,-49150.72146998351,-16320,438,48.651763916015625,15.127469576322142
4432542,117121,2026-09-27T08:40:51.652Z,39BDAF,AFR79NB,BCS1,F-HPNP,74775,,,0,41.149,,,28608,270,48.56044006347656,15.360506497896608
4432670,117121,2026-09-27T08:41:32.801Z,39BDAF,AFR79NB,BCS1,F-HPNP,53575,,28200,0,59.032,,-25791.096354519585,8128,229,48.519927978515625,15.464524489182622
4432942,117121,2026-09-27T08:43:34.234Z,39BDAF,AFR79NB,BCS1,F-HPNP,93575,3400,,21.331,22.008,253644.92991420938,,-28608,677,48.40860140525688,15.748829088713023
4433076,117121,2026-09-27T08:44:19.016Z,39BDAF,AFR79NB,BCS1,F-HPNP,79575,,,22.774,20.398,,,-20416,664,48.371964794094275,15.841851485402913
4433266,117121,2026-09-27T08:45:18.514Z,39BDAF,AFR79NB,BCS1,F-HPNP,55975,,54200,21.162,5.577,,-19096.28832705756,-12224,162,48.329974675582626,15.948100842927602
4433334,117121,2026-09-27T08:45:24.091Z,39BDAF,AFR79NB,BCS1,F-HPNP,54200,55975,,5.577,39.629,-19096.28832705756,,-16320,162,48.326385498046875,15.957078200120122
4433274,117124,2026-09-27T08:45:21.884Z,4BB864,PGT60NC,A20N,TC-NCD,98275,,98375,28.383,24.92,,240.7704654895666,-20416,413,47.361328125,15.52423095703125
4433340,117124,2026-09-27T08:45:46.804Z,4BB864,PGT60NC,A20N,TC-NCD,98375,98275,98275,24.92,20.485,240.7704654895666,-292.89724188430563,-20416,157,47.33389644299523,15.593825120192378
4433408,117124,2026-09-27T08:46:07.289Z,4BB864,PGT60NC,A20N,TC-NCD,98275,98375,,20.485,21.349,-292.89724188430563,,-16320,925,47.31134033203125,15.650779724121094
4432309,117127,2026-09-27T08:40:08.995Z,407D5C,WUK7GL,A21N,G-WUKT,94625,,,21.664,23.674,,,24512,413,49.81993103027344,16.600341796875
4432765,117127,2026-09-27T08:42:41.231Z,407D5C,WUK7GL,A21N,G-WUKT,98300,,98225,24.634,20.858,,-215.7445584428037,24512,414,49.64568057302701,17.068671149176453
4432835,117127,2026-09-27T08:43:02.089Z,407D5C,WUK7GL,A21N,G-WUKT,98225,98300,98225,20.858,21.357,-215.7445584428037,0,24512,158,49.62158203125,17.132672761615936
4432902,117127,2026-09-27T08:43:23.446Z,407D5C,WUK7GL,A21N,G-WUKT,98225,98225,98225,21.357,22.036,0,0,24512,158,49.59686279296875,17.198157059518962
4432968,117127,2026-09-27T08:43:45.482Z,407D5C,WUK7GL,A21N,G-WUKT,98225,98225,,22.036,20.482,0,,20416,158,49.5714111328125,17.265520597759064
4433567,117127,2026-09-27T08:46:57.396Z,407D5C,WUK7GL,A21N,G-WUKT,98300,,98200,21.217,15.506,,-386.946988262608,20416,414,49.34788590770656,17.849602950246663
4433634,117127,2026-09-27T08:47:12.902Z,407D5C,WUK7GL,A21N,G-WUKT,98200,98300,98300,15.506,27.501,-386.946988262608,218.17388458601505,20416,158,49.3297119140625,17.896376389723628
4433706,117127,2026-09-27T08:47:40.403Z,407D5C,WUK7GL,A21N,G-WUKT,98300,98200,,27.501,21.299,218.17388458601505,,20416,158,49.29751638638771,17.97941509046052
4435412,117127,2026-09-27T08:56:58.281Z,407D5C,WUK7GL,A21N,G-WUKT,94600,,,21.711,21.163,,,16320,671,48.63945007324219,19.62003267728369
4435671,117127,2026-09-27T08:58:21.810Z,407D5C,WUK7GL,A21N,G-WUKT,98200,,98375,19.412,22.828,,459.9614508498335,16320,159,48.539703369140625,19.859759990985594
4435739,117127,2026-09-27T08:58:44.638Z,407D5C,WUK7GL,A21N,G-WUKT,98375,98200,98200,22.828,21.519,459.9614508498335,-487.94088944653566,16320,159,48.5125060000662,19.925079345703125
4435805,117127,2026-09-27T08:59:06.157Z,407D5C,WUK7GL,A21N,G-WUKT,98200,98375,,21.519,22.204,-487.94088944653566,,16320,927,48.486785888671875,19.986454890324467
4436767,117127,2026-09-27T09:03:44.442Z,407D5C,WUK7GL,A21N,G-WUKT,98375,,,9.201,29.884,,,12224,925,48.18319546974311,20.79646863435437
4433242,117129,2026-09-27T08:45:13.848Z,4D242E,WMT4LW,A321,9H-WAZ,66300,,66200,21.575,21.353,,-280.9909614574064,-4032,402,49.25682973053495,16.73304507606906
4433308,117129,2026-09-27T08:45:35.201Z,4D242E,WMT4LW,A321,9H-WAZ,66200,66300,66200,21.353,21.491,-280.9909614574064,0,-4032,402,49.241729736328125,16.805349496694703
4433375,117129,2026-09-27T08:45:56.692Z,4D242E,WMT4LW,A321,9H-WAZ,66200,66200,66300,21.491,21.6,0,277.77777777777777,-4032,402,49.2264404296875,16.87802828275244
4433442,117129,2026-09-27T08:46:18.292Z,4D242E,WMT4LW,A321,9H-WAZ,66300,66200,,21.6,21.135,277.77777777777777,,-4032,146,49.21111543299788,16.950964676706462
4434949,117129,2026-09-27T08:54:29.732Z,4D242E,WMT4LW,A321,9H-WAZ,62700,,,20.425,21.655,,,28608,403,48.84921833620233,28.07129709344167
4435355,117129,2026-09-27T08:56:39.822Z,4D242E,WMT4LW,A321,9H-WAZ,66375,,66375,21.327,20.832,,0,28608,917,48.74819998013771,19.030922337582297
4435419,117129,2026-09-27T08:57:00.654Z,4D242E,WMT4LW,A321,9H-WAZ,66375,66375,66200,20.832,21.848,0,-480.59318930794586,28608,917,48.731254965572035,19.099876002261453
4435485,117129,2026-09-27T08:57:22.502Z,4D242E,WMT4LW,A321,9H-WAZ,66200,66375,66375,21.848,20.97,-480.59318930794586,500.7153075822604,28608,661,48.71351623535156,19.172128530649047
4435548,117129,2026-09-27T08:57:43.472Z,4D242E,WMT4LW,A321,9H-WAZ,66375,66200,66375,20.97,22.04,500.7153075822604,0,28608,661,48.69657354839777,19.24139725534542
4435613,117129,2026-09-27T08:58:05.512Z,4D242E,WMT4LW,A321,9H-WAZ,66375,66375,66200,22.04,21.022,0,-499.47673865474263,24512,405,48.678790593551376,19.313892565275523
4435683,117129,2026-09-27T08:58:26.534Z,4D242E,WMT4LW,A321,9H-WAZ,66200,66375,66375,21.022,21.706,-499.47673865474263,483.73721551644707,24512,149,48.6617431640625,19.383051945613033
4435742,117129,2026-09-27T08:58:48.240Z,4D242E,WMT4LW,A321,9H-WAZ,66375,66200,,21.706,21.578,483.73721551644707,,24512,917,48.64420228085275,19.454185084292703
4436264,117129,2026-09-27T09:01:26.786Z,4D242E,WMT4LW,A321,9H-WAZ,62600,,,21.259,20.18,,,24512,917,48.514984130859375,19.97067964993994
4436541,117129,2026-09-27T09:02:52.120Z,4D242E,WMT4LW,A321,9H-WAZ,66375,,66375,20.668,23.159,,0,20416,149,48.44481904627913,20.24650172183385
4436605,117129,2026-09-27T09:03:15.279Z,4D242E,WMT4LW,A321,9H-WAZ,66375,66375,,23.159,20.944,0,,20416,917,48.42577918101165,20.32080399362667
4436990,117129,2026-09-27T09:05:22.553Z,4D242E,WMT4LW,A321,9H-WAZ,62775,,,23.016,22.012,,,20416,917,48.32061767578125,20.726430792557494
4437124,117129,2026-09-27T09:06:05.172Z,4D242E,WMT4LW,A321,9H-WAZ,62775,,62600,20.607,0,,,20416,661,48.28537763175318,20.861230147512288
4437195,117129,2026-09-27T09:06:05.172Z,4D242E,WMT4LW,A321,9H-WAZ,62600,62775,62600,0,0,,,20416,661,48.28537763175318,20.861230147512288
4437267,117129,2026-09-27T09:06:05.172Z,4D242E,WMT4LW,A321,9H-WAZ,62600,62600,,0,,,,20416,661,48.28537763175318,20.861230147512288
4432591,117130,2026-09-27T08:41:44.757Z,471D68,WZZ442,A21N,HA-LDO,62700,,,20.995,21.276,,,-4032,658,49.170801195047666,15.400302284642294
4433063,117130,2026-09-27T08:44:14.320Z,471D68,WZZ442,A21N,HA-LDO,66200,,,20.866,22.336,,,-4032,658,49.06256103515625,15.881230280949467
4433596,117130,2026-09-27T08:47:06.953Z,471D68,WZZ442,A21N,HA-LDO,60600,,54200,21.353,21.706,,-17690.961024601493,-4032,663,48.93525695800781,16.433574969951906
4433666,117130,2026-09-27T08:47:28.659Z,471D68,WZZ442,A21N,HA-LDO,54200,60600,48200,21.706,21.33,-17690.961024601493,-16877.63713080169,28608,161,48.919464111328125,16.50118314302881
4435109,117130,2026-09-27T08:55:18.858Z,471D68,WZZ442,A21N,HA-LDO,79400,,67975,20.234,22.415,,-30582.19942003123,12224,195,48.42645263671875,17.784611628605717
4435176,117130,2026-09-27T08:55:41.273Z,471D68,WZZ442,A21N,HA-LDO,67975,79400,56200,22.415,21.822,-30582.19942003123,-32375.584272752272,8128,934,48.399430614406775,17.83760472347865
4435245,117130,2026-09-27T08:56:03.095Z,471D68,WZZ442,A21N,HA-LDO,56200,67975,,21.822,20.125,-32375.584272752272,,4032,934,48.373443603515625,17.888418344350953
4435637,117130,2026-09-27T08:58:11.597Z,471D68,WZZ442,A21N,HA-LDO,100775,,,23.745,21.575,,,-20416,679,48.21932000628972,18.16806190892271
4435834,117130,2026-09-27T08:59:09.710Z,471D68,WZZ442,A21N,HA-LDO,75575,,,21.576,0,,,-8128,932,48.15023648536811,27.514202411358156
4432436,117131,2026-09-27T08:40:53.287Z,49D5D6,TVS91M,BCS3,OK-EYB,80375,,,22.91,22.064,,,24512,,47.39222639698093,27.34468900240381
4432565,117131,2026-09-27T08:41:36.649Z,49D5D6,TVS91M,BCS3,OK-EYB,80275,,,21.298,20.86,,,24512,,47.43754577636719,18.012290954589844
4432768,117131,2026-09-27T08:42:40.299Z,49D5D6,TVS91M,BCS3,OK-EYB,80375,,,21.352,22.15,,,24512,,47.50418452893273,17.862361027644283
4432969,117131,2026-09-27T08:43:45.449Z,49D5D6,TVS91M,BCS3,OK-EYB,80275,,80275,21.865,21.385,,0,24512,,47.571990966796875,17.70879364013672
4433037,117131,2026-09-27T08:44:06.834Z,49D5D6,TVS91M,BCS3,OK-EYB,80275,80275,79175,21.385,17.725,0,-3723.554301833568,24512,,47.594146728515625,17.65839385986328
4433103,117131,2026-09-27T08:44:24.559Z,49D5D6,TVS91M,BCS3,OK-EYB,79175,80275,,17.725,25.066,-3723.554301833568,,28608,,47.61251158633474,17.6165771484375
4433231,117131,2026-09-27T08:45:11.062Z,49D5D6,TVS91M,BCS3,OK-EYB,67875,,,21.437,20.837,,,24512,,47.660797119140625,17.506370544433594
4433363,117131,2026-09-27T08:45:52.924Z,49D5D6,TVS91M,BCS3,OK-EYB,60375,,54775,21.025,22.2,,-15135.135135135135,24512,,47.704452256024894,17.406357985276372
4433430,117131,2026-09-27T08:46:15.124Z,49D5D6,TVS91M,BCS3,OK-EYB,54775,60375,,22.2,20.097,-15135.135135135135,,24512,,47.72754216598252,17.353327824519283
4434803,117131,2026-09-27T08:53:44.103Z,49D5D6,TVS91M,BCS3,OK-EYB,92775,,,22.064,21.597,,,16320,79,48.39603230104608,16.57200863486844
4434939,117131,2026-09-27T08:54:27.631Z,49D5D6,TVS91M,BCS3,OK-EYB,86600,,,21.931,21.489,,,12224,43,48.465087890625,16.504774827223628
4435075,117131,2026-09-27T08:55:10.608Z,49D5D6,TVS91M,BCS3,OK-EYB,86600,,,21.488,21.957,,,12224,43,48.533294677734375,16.43808218149036
4435348,117131,2026-09-27T08:56:35.915Z,49D5D6,TVS91M,BCS3,OK-EYB,86775,,,21.051,22.12,,,12224,807,48.66650080276748,16.302337646484375
4436076,117131,2026-09-27T09:00:22.533Z,49D5D6,TVS91M,BCS3,OK-EYB,86700,,,21.13,21.058,,,12224,551,49.00377176575741,15.90878135279604
4436277,117131,2026-09-27T09:01:26.868Z,49D5D6,TVS91M,BCS3,OK-EYB,85400,,,22.852,22.041,,,12224,555,49.098907470703125,15.796297513521608
4436554,117131,2026-09-27T09:02:53.158Z,49D5D6,TVS91M,BCS3,OK-EYB,61100,,55000,22.114,22.121,,-16545.36413362868,8128,554,49.22494144762977,15.646410490337189
4436619,117131,2026-09-27T09:03:15.279Z,49D5D6,TVS91M,BCS3,OK-EYB,55000,61100,54300,22.121,5.052,-16545.36413362868,-8313.53919239905,4032,302,49.2568359375,15.608332707331783
4436682,117131,2026-09-27T09:03:20.331Z,49D5D6,TVS91M,BCS3,OK-EYB,54300,55000,,5.052,,-8313.53919239905,,4032,302,49.264184984110166,15.599501760382395
4432822,117134,2026-09-27T08:42:57.748Z,440820,AUA66HJ,E195,OE-LWD,79825,,,40.876,22.912,,,-20416,,49.70457458496094,17.978403191817392
4433091,117134,2026-09-27T08:44:24.859Z,440820,AUA66HJ,E195,OE-LWD,55500,,49425,22.525,21.842,,-16688.032231480633,-20416,,49.59461276814089,17.810767921241563
4433763,117134,2026-09-27T08:47:59.461Z,440820,AUA66HJ,E195,OE-LWD,87400,,,21.842,21.275,,,-4032,,49.31465148925781,17.392836350661128
4433967,117134,2026-09-27T08:49:03.741Z,440820,AUA66HJ,E195,OE-LWD,68700,,,21.597,20.808,,,28608,,49.23322774596133,17.27267616673521
4434087,117134,2026-09-27T08:49:46.724Z,440820,AUA66HJ,E195,OE-LWD,55500,,,22.175,20.041,,,28608,,49.179506463519594,17.193675794099477
4434522,117134,2026-09-27T08:52:16.336Z,440820,AUA66HJ,E195,OE-LWD,98200,3400,,22.146,21.384,256840.9645082633,,12224,187,48.99971008300781,16.93112886868994
4434792,117134,2026-09-27T08:53:41.672Z,440820,AUA66HJ,E195,OE-LWD,62200,,,21.384,16.493,,,8128,934,48.89776611328125,16.795771672175533
4435534,117134,2026-09-27T08:57:36.098Z,440820,AUA66HJ,E195,OE-LWD,80600,,73800,20.644,21.302,,-19153.131161393296,-16320,418,48.64118957519531,16.53139554537256
4435593,117134,2026-09-27T08:57:57.400Z,440820,AUA66HJ,E195,OE-LWD,73800,80600,67175,21.302,23.427,-19153.131161393296,-16967.601485465486,-16320,926,48.61994934082031,16.50970458984375
4435659,117134,2026-09-27T08:58:20.827Z,440820,AUA66HJ,E195,OE-LWD,67175,73800,60600,23.427,20.999,-16967.601485465486,-18786.608886137437,-16320,165,48.5967189982786,16.48614180715458
4435725,117134,2026-09-27T08:58:41.826Z,440820,AUA66HJ,E195,OE-LWD,60600,67175,,20.999,21.466,-18786.608886137437,,-16320,419,48.576324462890625,16.46547757662256
4432544,117135,2026-09-27T08:41:15.676Z,4408DF,AUA99J,A320,OE-LBZ,55500,,41500,9.449,0,,,16320,702,49.561281365863344,16.357900258657082
4433009,117135,2026-09-27T08:43:57.495Z,4408DF,AUA99J,A320,OE-LBZ,68700,,59800,21.436,21.384,,-24971.941638608307,-24512,953,49.25203485003972,16.331393593236044
4433077,117135,2026-09-27T08:44:18.879Z,4408DF,AUA99J,A320,OE-LBZ,59800,68700,,21.384,21.214,-24971.941638608307,,-20416,952,49.21302795410156,16.32814847506006
4433469,117135,2026-09-27T08:46:27.222Z,4408DF,AUA99J,A320,OE-LBZ,93800,,,21.409,21.022,,,-4032,694,48.98744201660156,16.308851975661128
4433610,117135,2026-09-27T08:47:09.766Z,4408DF,AUA99J,A320,OE-LBZ,68700,,,21.522,21.982,,,24512,472,48.915601827330505,16.300024735300212
4434015,117135,2026-09-27T08:49:19.278Z,4408DF,AUA99J,A320,OE-LBZ,94200,9175,85575,22.415,18.964,227593.12960071382,-27288.546720101243,8128,955,48.69227600097656,16.263850285456783
4434074,117135,2026-09-27T08:49:38.242Z,4408DF,AUA99J,A320,OE-LBZ,85575,94200,,18.964,23.447,-27288.546720101243,,4032,687,48.66128695213188,16.25889828330594
4434198,117135,2026-09-27T08:50:22.933Z,4408DF,AUA99J,A320,OE-LBZ,69000,,,21.244,18.543,,,-28608,938,48.59330749511719,16.25730074368994
4434706,117135,2026-09-27T08:53:14.499Z,4408DF,AUA99J,A320,OE-LBZ,100775,,99400,39.731,20.541,,-4016.3575288447496,-8128,938,48.37336136122881,16.2857858758224
4434773,117135,2026-09-27T08:53:35.040Z,4408DF,AUA99J,A320,OE-LBZ,99400,100775,,20.541,14.658,-4016.3575288447496,,-4032,938,48.348724365234375,16.288710374098628
4432492,117136,2026-09-27T08:41:10.953Z,4A0D12,AWG610M,BCS1,YR-CHR,79900,,,,0,,,-28608,304,48.91150523040254,21.280662135073953
4432619,117136,2026-09-27T08:41:53.088Z,4A0D12,AWG610M,BCS1,YR-CHR,86300,,,42.135,23.044,,,-28608,303,48.98291636321504,21.235632645456462
4432957,117136,2026-09-27T08:43:42.258Z,4A0D12,AWG610M,BCS1,YR-CHR,100200,,,21.515,21.053,,,-28608,302,49.166656494140625,21.11910306490381
4434909,117137,2026-09-27T08:54:02.567Z,4CA8D8,RYR20AX,B738,EI-ENM,55075,,61575,6.78,31.616,,12335.526315789473,12224,955,47.98572087692002,20.012934758113033
4434977,117137,2026-09-27T08:54:34.183Z,4CA8D8,RYR20AX,B738,EI-ENM,61575,55075,,31.616,21.313,12335.526315789473,,12224,955,47.91486837096133,20.01617431640625
4435112,117137,2026-09-27T08:55:16.619Z,4CA8D8,RYR20AX,B738,EI-ENM,73475,,79175,21.123,11.847,,28868.06786528235,12224,955,47.81996154785156,20.02045440673828
4435180,117137,2026-09-27T08:55:28.466Z,4CA8D8,RYR20AX,B738,EI-ENM,79175,73475,81475,11.847,32.423,28868.06786528235,4256.237855843075,12224,955,47.79332047801906,20.02166748046875
4435255,117137,2026-09-27T08:56:00.889Z,4CA8D8,RYR20AX,B738,EI-ENM,81475,79175,81475,32.423,0,4256.237855843075,,16320,955,47.72053527832031,20.024986267089844
4435318,117137,2026-09-27T08:56:00.889Z,4CA8D8,RYR20AX,B738,EI-ENM,81475,81475,,0,,,,16320,955,47.72053527832031,20.024986267089844
4432759,117138,2026-09-27T08:42:37.104Z,4CA2CB,EIN66V,A320,EI-DER,100600,,,28.204,22.177,,,-16320,684,48.610198974609375,15.219937838040892
4432891,117138,2026-09-27T08:43:20.112Z,4CA2CB,EIN66V,A320,EI-DER,79175,,67575,20.831,10.687,,-65125.85384111538,-8128,187,48.57176699880826,15.313495836759898
4432958,117138,2026-09-27T08:43:30.799Z,4CA2CB,EIN66V,A320,EI-DER,67575,79175,61000,10.687,26.314,-65125.85384111538,-14992.019457323098,-8128,673,48.56273586467161,15.335540771484375
4433025,117138,2026-09-27T08:43:57.113Z,4CA2CB,EIN66V,A320,EI-DER,61000,67575,,26.314,11.308,-14992.019457323098,,-4032,198,48.5408935546875,15.388958270733156
4433350,117138,2026-09-27T08:45:11.819Z,4CA2CB,EIN66V,A320,EI-DER,93800,,81000,0,51.901,,-14797.402747538581,8128,214,48.48289489746094,15.533963716947142
4433415,117138,2026-09-27T08:46:03.720Z,4CA2CB,EIN66V,A320,EI-DER,81000,93800,68375,51.901,30.054,-14797.402747538581,-25204.63166300659,8128,423,48.44384765625,15.630516639122561
4433485,117138,2026-09-27T08:46:33.774Z,4CA2CB,EIN66V,A320,EI-DER,68375,81000,,30.054,17.886,-25204.63166300659,,4032,196,48.42177568855932,15.685079474198119
4432581,117140,2026-09-27T08:41:42.930Z,4D22B2,RYR70WE,A320,9H-LOR,93900,,87900,,21.11,,-17053.529133112268,8128,697,49.75261106329449,16.83372703758448
4432646,117140,2026-09-27T08:42:04.040Z,4D22B2,RYR70WE,A320,9H-LOR,87900,93900,,21.11,21.516,-17053.529133112268,,8128,697,49.709177825410485,16.824002652554896
4432921,117140,2026-09-27T08:43:29.125Z,4D22B2,RYR70WE,A320,9H-LOR,67025,,,21.356,21.107,,,4032,192,49.53570556640625,16.785446970086355
4433514,117140,2026-09-27T08:46:42.886Z,4D22B2,RYR70WE,A320,9H-LOR,81500,,73100,21.457,21.196,,-23778.071334214,-24512,698,49.16414422503972,16.70355545847042
4433584,117140,2026-09-27T08:47:04.082Z,4D22B2,RYR70WE,A320,9H-LOR,73100,81500,61500,21.196,21.521,-23778.071334214,-32340.504623391105,-20416,448,49.12569207660222,16.6951711554276
4433654,117140,2026-09-27T08:47:25.603Z,4D22B2,RYR70WE,A320,9H-LOR,61500,73100,49900,21.521,21.46,-32340.504623391105,-32432.43243243243,-20416,212,49.08705371921345,16.6867868523849
4434117,117140,2026-09-27T08:49:55.463Z,4D22B2,RYR70WE,A320,9H-LOR,92200,,,21.057,20.534,,,28608,224,48.8353271484375,16.559706467848628
4434756,117140,2026-09-27T08:53:27.702Z,4D22B2,RYR70WE,A320,9H-LOR,99175,2600,92775,20.544,23.525,282053.1542056075,-16323.0605738576,4032,925,48.55342541710805,16.265620181434997
4434822,117140,2026-09-27T08:53:51.227Z,4D22B2,RYR70WE,A320,9H-LOR,92775,99175,,23.525,21.057,-16323.0605738576,,-28608,416,48.52907859672934,16.236853348581462
4435820,117140,2026-09-27T08:59:11.055Z,4D22B2,RYR70WE,A320,9H-LOR,100775,,5250,43.083,6.658,,-860844.0973265244,-4032,175,48.25828422934322,16.114269055818227
4433632,117143,2026-09-27T08:47:05.243Z,3C66E2,OCN7R,A320,D-AIWB,93075,,,10.554,23.579,,,16320,,47.61195373535156,13.61041259765625
4433453,117145,2026-09-27T08:46:24.217Z,48C2B9,RYR5LJ,B38M,SP-RZQ,98275,,,22.8,21.437,,,-16320,,47.58439636230469,16.036056518554688
4433740,117145,2026-09-27T08:47:49.661Z,48C2B9,RYR5LJ,B38M,SP-RZQ,74675,,,24.71,20.398,,,-16320,,47.73939514160156,16.135894775390625
4433943,117145,2026-09-27T08:48:53.804Z,48C2B9,RYR5LJ,B38M,SP-RZQ,62675,,,21.518,18.457,,,-8128,,47.85699462890625,16.212112426757812
4434769,117145,2026-09-27T08:53:32.825Z,48C2B9,RYR5LJ,B38M,SP-RZQ,61175,,55175,22.258,21.327,,-16880.011253340832,-4032,,48.357719809322035,16.540928890830628
4434835,117145,2026-09-27T08:53:54.152Z,48C2B9,RYR5LJ,B38M,SP-RZQ,55175,61175,49175,21.327,21.569,-16880.011253340832,-16690.62079836803,-4032,,48.39584609209481,16.566298635382395
4436540,117145,2026-09-27T09:02:53.485Z,48C2B9,RYR5LJ,B38M,SP-RZQ,98200,3800,,21.463,21.302,263896.007081955,,20416,112,49.33973693847656,16.879507211538453
4436671,117145,2026-09-27T09:03:36.878Z,48C2B9,RYR5LJ,B38M,SP-RZQ,79400,,,22.091,20.887,,,12224,818,49.41069030761719,16.86654897836536
4436799,117145,2026-09-27T09:04:19.723Z,48C2B9,RYR5LJ,B38M,SP-RZQ,60700,,49500,21.958,21.79,,-30839.83478659936,4032,563,49.47953563625529,16.85399235905834
4433353,117147,2026-09-27T08:45:50.545Z,48AF05,LOT2141,B38M,SP-LVF,53500,41800,61400,22.091,21.494,31777.647005567876,22052.665860240068,-20416,,49.365948175979874,19.006492213198953
4433419,117147,2026-09-27T08:46:12.039Z,48AF05,LOT2141,B38M,SP-LVF,61400,53500,,21.494,21.269,22052.665860240068,,-20416,,49.33799743652344,18.956134502704344
4433558,117147,2026-09-27T08:46:55.101Z,48AF05,LOT2141,B38M,SP-LVF,80200,,,21.793,21.25,,,-24512,,49.2813720703125,18.85415884164661
4433696,117147,2026-09-27T08:47:37.782Z,48AF05,LOT2141,B38M,SP-LVF,98200,,,21.431,21.597,,,-28608,,49.22410583496094,18.751478928786128
4434724,117147,2026-09-27T08:53:19.118Z,48AF05,LOT2141,B38M,SP-LVF,55400,,,26.273,22.8,,,16320,,48.76025390625,17.93792724609375
4434927,117147,2026-09-27T08:54:24.650Z,48AF05,LOT2141,B38M,SP-LVF,72775,,75175,22.753,20.182,,7135.070855217521,20416,,48.671109474311436,17.78346814607312
4434995,117147,2026-09-27T08:54:44.832Z,48AF05,LOT2141,B38M,SP-LVF,75175,72775,81175,20.182,22.936,7135.070855217521,15695.849319846531,20416,,48.643364340572035,17.73590890984792
4435065,117147,2026-09-27T08:55:07.768Z,48AF05,LOT2141,B38M,SP-LVF,81175,75175,87975,22.936,21.657,15695.849319846531,18839.17440088655,20416,,48.61184847556938,17.68191688939146
4435131,117147,2026-09-27T08:55:29.425Z,48AF05,LOT2141,B38M,SP-LVF,87975,81175,,21.657,19.215,18839.17440088655,,24512,,48.58200849112818,17.63088828638979
4432852,117149,2026-09-27T08:43:03.153Z,3CDFC4,,E55P,D-CMAU,100675,,100675,,0,,,-24512,669,47.4400634765625,13.212432861328125
4432919,117149,2026-09-27T08:43:03.153Z,3CDFC4,,E55P,D-CMAU,100675,100675,,0,420.936,,,-24512,669,47.4400634765625,13.212432861328125
4432882,117150,2026-09-27T08:43:16.512Z,4080AD,EZY14AR,A20N,G-UZLY,94675,,94675,,21.104,,0,-28608,673,47.30406188964844,12.791725158691406
4432949,117150,2026-09-27T08:43:37.616Z,4080AD,EZY14AR,A20N,G-UZLY,94675,94675,94675,21.104,21.083,0,0,-28608,673,47.277099609375,12.844596862792969
4433016,117150,2026-09-27T08:43:58.699Z,4080AD,EZY14AR,A20N,G-UZLY,94675,94675,94675,21.083,18.839,0,0,-28608,417,47.250091552734375,12.897331237792969
4433085,117150,2026-09-27T08:44:17.538Z,4080AD,EZY14AR,A20N,G-UZLY,94675,94675,94750,18.839,0,0,,-28608,417,47.22596740722656,12.944297790527344
4433149,117150,2026-09-27T08:44:17.538Z,4080AD,EZY14AR,A20N,G-UZLY,94750,94675,94750,0,43.312,,0,-28608,417,47.22596740722656,12.944297790527344
4433211,117150,2026-09-27T08:45:00.850Z,4080AD,EZY14AR,A20N,G-UZLY,94750,94750,94675,43.312,22.252,0,-202.22901312241598,-28608,417,47.17035843154131,13.052462064302858
4433275,117150,2026-09-27T08:45:23.102Z,4080AD,EZY14AR,A20N,G-UZLY,94675,94750,94675,22.252,5.902,-202.22901312241598,0,-28608,161,47.14173889160156,13.1077880859375
4433341,117150,2026-09-27T08:45:29.004Z,4080AD,EZY14AR,A20N,G-UZLY,94675,94675,94675,5.902,53.41,0,0,-28608,161,47.134185791015625,13.122413635253906
4433461,117150,2026-09-27T08:46:22.414Z,4080AD,EZY14AR,A20N,G-UZLY,94675,94675,94750,53.41,3.469,0,1297.2038051311617,,162,47.06634521484375,13.25335693359375
4433531,117150,2026-09-27T08:46:25.883Z,4080AD,EZY14AR,A20N,G-UZLY,94750,94675,,3.469,,1297.2038051311617,,-28608,162,47.06100722490731,13.263667179988033
4435096,117153,2026-09-27T08:55:16.619Z,4D24B2,WMT752,A321,9H-WDG,62775,,62775,26.354,17.23,,0,-4032,141,48.759046651549255,17.442458303351145
4435164,117153,2026-09-27T08:55:33.849Z,4D24B2,WMT752,A321,9H-WDG,62775,62775,62775,17.23,26.133,0,0,-4032,141,48.74987586069915,17.4971731085526
4435231,117153,2026-09-27T08:55:59.982Z,4D24B2,WMT752,A321,9H-WDG,62775,62775,,26.133,20.098,0,,-4032,141,48.73586363711599,17.580148797286142
4435821,117153,2026-09-27T08:59:12.959Z,4D24B2,WMT752,A321,9H-WDG,66200,,66375,21.521,17.504,,599.8628884826326,28608,142,48.630157470703125,18.192866398738033
4435886,117153,2026-09-27T08:59:30.463Z,4D24B2,WMT752,A321,9H-WDG,66375,66200,35025,17.504,8.599,599.8628884826326,-218746.36585649493,28608,910,48.62041408732786,18.248291015625
4436438,117153,2026-09-27T09:02:10.426Z,4D24B2,WMT752,A321,9H-WDG,62600,,62600,21.656,21.135,,0,24512,398,48.53041076660156,18.752605731670656
4436505,117153,2026-09-27T09:02:31.561Z,4D24B2,WMT752,A321,9H-WDG,62600,62600,62600,21.135,22.049,0,0,24512,398,48.51837158203125,18.819087101863033
4436572,117153,2026-09-27T09:02:53.610Z,4D24B2,WMT752,A321,9H-WDG,62600,62600,62775,22.049,21.586,0,486.4263874733624,24512,398,48.50578308105469,18.888315054086547
4436635,117153,2026-09-27T09:03:15.196Z,4D24B2,WMT752,A321,9H-WDG,62775,62600,,21.586,21.191,486.4263874733624,,24512,398,48.49341958256091,18.95625867341687
4437078,117153,2026-09-27T09:05:42.923Z,4D24B2,WMT752,A321,9H-WDG,66200,,66375,34.021,20.1,,522.3880597014925,24512,911,48.407318115234375,19.42136324368994
4437146,117153,2026-09-27T09:06:03.023Z,4D24B2,WMT752,A321,9H-WDG,66375,66200,66375,20.1,25.366,522.3880597014925,0,24512,911,48.39538056971663,19.484686600534587
4437219,117153,2026-09-27T09:06:28.389Z,4D24B2,WMT752,A321,9H-WDG,66375,66375,66375,25.366,22.475,0,0,24512,655,48.38034419690148,19.564409757915314
4437287,117153,2026-09-27T09:06:50.864Z,4D24B2,WMT752,A321,9H-WDG,66375,66375,66200,22.475,20.538,0,-511.2474437627812,24512,655,48.36693715240995,19.63502582750823
4437355,117153,2026-09-27T09:07:11.402Z,4D24B2,WMT752,A321,9H-WDG,66200,66375,66200,20.538,22.114,-511.2474437627812,0,24512,399,48.35467529296875,19.69940185546875
4437421,117153,2026-09-27T09:07:33.516Z,4D24B2,WMT752,A321,9H-WDG,66200,66200,66200,22.114,21.168,0,0,24512,143,48.34149169921875,19.768629807692378
4437489,117153,2026-09-27T09:07:54.684Z,4D24B2,WMT752,A321,9H-WDG,66200,66200,,21.168,22.198,0,,24512,911,48.328857421875,19.83468862680286
4437688,117153,2026-09-27T09:08:58.823Z,4D24B2,WMT752,A321,9H-WDG,62775,,62600,21.05,18.353,,-572.1135509181061,20416,399,48.2904052734375,20.033930728309997
4437748,117153,2026-09-27T09:09:17.176Z,4D24B2,WMT752,A321,9H-WDG,62600,62775,62775,18.353,25.968,-572.1135509181061,404.3438077634011,20416,143,48.27937316894531,20.090684157151372
4437817,117153,2026-09-27T09:09:43.144Z,4D24B2,WMT752,A321,9H-WDG,62775,62600,,25.968,19.063,404.3438077634011,,20416,143,48.26377739340572,20.171115272923544
4437939,117153,2026-09-27T09:10:25.771Z,4D24B2,WMT752,A321,9H-WDG,62600,,,23.564,19.689,,,20416,911,48.237945556640625,20.302663949819703
4433013,117155,2026-09-27T08:43:59.601Z,471D61,WZZ2775,A21N,HA-LDH,94700,,94700,,20.726,,0,-8128,911,49.23290188029661,14.879319040398855
4433084,117155,2026-09-27T08:44:20.327Z,471D61,WZZ2775,A21N,HA-LDH,94700,94700,94700,20.726,18.378,0,0,-8128,144,49.220053462658896,14.945742958470419
4433148,117155,2026-09-27T08:44:38.705Z,471D61,WZZ2775,A21N,HA-LDH,94700,94700,,18.378,21.763,0,,-8128,144,49.20860161215572,15.004649915193227
4433617,117155,2026-09-27T08:47:10.319Z,471D61,WZZ2775,A21N,HA-LDH,98300,,98200,26.03,24.05,,-249.48024948024948,-4032,400,49.11284365896451,15.490650377775523
4433686,117155,2026-09-27T08:47:34.369Z,471D61,WZZ2775,A21N,HA-LDH,98200,98300,98300,24.05,21.818,-249.48024948024948,275.002291685764,-4032,400,49.09739685058594,15.567908653846189
4433757,117155,2026-09-27T08:47:56.187Z,471D61,WZZ2775,A21N,HA-LDH,98300,98200,98300,21.818,19.931,275.002291685764,0,-4032,400,49.083329540188025,15.637881630345419
4433828,117155,2026-09-27T08:48:16.118Z,471D61,WZZ2775,A21N,HA-LDH,98300,98300,98300,19.931,22.609,0,0,-4032,400,49.07052767478813,15.701703523334686
4433896,117155,2026-09-27T08:48:38.727Z,471D61,WZZ2775,A21N,HA-LDH,98300,98300,98200,22.609,21.876,0,-274.27317608337904,-4032,400,49.055863719875525,15.77419883326479
4433960,117155,2026-09-27T08:49:00.603Z,471D61,WZZ2775,A21N,HA-LDH,98200,98300,,21.876,20.453,-274.27317608337904,,-4032,400,49.04168701171875,15.844186636117797
4434328,117155,2026-09-27T08:51:08.997Z,471D61,WZZ2775,A21N,HA-LDH,92200,,,26.63,21.272,,,-4032,408,48.9576416015625,16.253286508413453
4434449,117155,2026-09-27T08:51:51.737Z,471D61,WZZ2775,A21N,HA-LDH,80200,,,21.468,20.533,,,-4032,660,48.92939758300781,16.389277531550533
4434581,117155,2026-09-27T08:52:34.835Z,471D61,WZZ2775,A21N,HA-LDH,68700,,62700,22.565,21.314,,-16890.30684057427,-4032,915,48.90033269332627,16.52734053762333
4434650,117155,2026-09-27T08:52:56.149Z,471D61,WZZ2775,A21N,HA-LDH,62700,68700,60200,21.314,21.304,-16890.30684057427,-7040.931280510703,28608,157,48.88594805184057,16.595860531455628
4434718,117155,2026-09-27T08:53:17.453Z,471D61,WZZ2775,A21N,HA-LDH,60200,62700,54300,21.304,21.463,-7040.931280510703,-16493.500442622186,28608,915,48.87153625488281,16.66414701021631
4434783,117155,2026-09-27T08:53:38.916Z,471D61,WZZ2775,A21N,HA-LDH,54300,60200,,21.463,21.486,-16493.500442622186,,28608,915,48.85694600768008,16.73275596217104
4436151,117155,2026-09-27T09:00:43.591Z,471D61,WZZ2775,A21N,HA-LDH,74600,,,22.205,22.226,,,12224,206,48.36589050292969,17.904193584735594
4436559,117155,2026-09-27T09:02:52.424Z,471D61,WZZ2775,A21N,HA-LDH,99975,8600,88375,20.402,21.844,268723.65454367216,-31862.296282732095,-20416,198,48.201443946967686,18.199069374486044
4436623,117155,2026-09-27T09:03:14.268Z,471D61,WZZ2775,A21N,HA-LDH,88375,99975,81000,21.844,17.15,-31862.296282732095,-25801.749271137025,-20416,198,48.173838469941735,18.245110762746663
4436687,117155,2026-09-27T09:03:31.418Z,471D61,WZZ2775,A21N,HA-LDH,81000,88375,,17.15,15.286,-25801.749271137025,,-16320,935,48.152435302734375,18.28063201904297
4433443,117156,2026-09-27T08:46:09.089Z,44022B,AUA207V,A320,OE-LXB,81975,,,12.86,28.277,,,24512,,48.09483932236493,15.849398099459108
4433991,117156,2026-09-27T08:49:09.584Z,44022B,AUA207V,A320,OE-LXB,67800,,,23.351,16.929,,,-20416,,48.17271423339844,15.38909912109375
4434176,117156,2026-09-27T08:50:13.974Z,44022B,AUA207V,A320,OE-LXB,93800,,,35.606,20.943,,,-28608,,48.19688415527344,15.21331787109375
4434680,117156,2026-09-27T08:52:05.581Z,44022B,AUA207V,A320,OE-LXB,61000,42775,61000,0,0,,,16320,,48.239227294921875,14.899644118088872
4434750,117156,2026-09-27T08:52:05.581Z,44022B,AUA207V,A320,OE-LXB,61000,61000,75575,0,0,,,24512,,48.239227294921875,14.899644118088872
4434814,117156,2026-09-27T08:52:05.581Z,44022B,AUA207V,A320,OE-LXB,75575,61000,,0,124.105,,,24512,,48.239227294921875,14.899644118088872
4434952,117156,2026-09-27T08:54:24.143Z,44022B,AUA207V,A320,OE-LXB,86600,,,14.457,17.605,,,28608,,48.29026794433594,14.512728177584108
4433249,117157,2026-09-27T08:45:16.824Z,48C22D,RYR2778,B738,SP-RSN,99475,,,23.408,20.345,,,20416,80,47.63346862792969,19.746002197265625
4433516,117157,2026-09-27T08:46:39.509Z,48C22D,RYR2778,B738,SP-RSN,86675,,80375,21.794,20.453,,-18481.396372170344,20416,564,47.78617858886719,19.708648681640625
4433586,117157,2026-09-27T08:46:59.962Z,48C22D,RYR2778,B738,SP-RSN,80375,86675,74675,20.453,21.731,-18481.396372170344,-15737.885969352537,20416,818,47.82367253707627,19.699472280649047
4433657,117157,2026-09-27T08:47:21.693Z,48C22D,RYR2778,B738,SP-RSN,74675,80375,,21.731,15.215,-15737.885969352537,,20416,818,47.863494873046875,19.68962860107422
4433796,117157,2026-09-27T08:48:07.464Z,48C22D,RYR2778,B738,SP-RSN,62675,,,30.556,21.215,,,16320,80,47.94854736328125,19.668617248535156
4433935,117157,2026-09-27T08:48:51.125Z,48C22D,RYR2778,B738,SP-RSN,53800,,48375,22.446,21.958,,-14823.75444029511,16320,312,48.030670166015625,19.648223876953125
4435095,117157,2026-09-27T08:55:15.769Z,48C22D,RYR2778,B738,SP-RSN,67975,,55800,20.916,20.585,,-35487.00510080155,-28608,818,48.750574144266416,19.61941367701479
4435166,117157,2026-09-27T08:55:36.354Z,48C22D,RYR2778,B738,SP-RSN,55800,67975,42600,20.585,23.49,-35487.00510080155,-33716.47509578544,-28608,818,48.78620910644531,19.62087777944714
4435561,117157,2026-09-27T08:57:45.820Z,48C22D,RYR2778,B738,SP-RSN,87000,,74600,20.126,22.31,,-33348.27431645003,-4032,818,49.01165771484375,19.630314753605717
4435627,117157,2026-09-27T08:58:08.130Z,48C22D,RYR2778,B738,SP-RSN,74600,87000,,22.31,21.63,-33348.27431645003,,-4032,818,49.049285888671875,19.63186410757214
4433277,117159,2026-09-27T08:45:25.018Z,452113,CFG9DX,A320,LZ-LAH,75075,,69075,,0,,,-28608,570,47.11006164550781,13.6527099609375
4433343,117159,2026-09-27T08:45:25.018Z,452113,CFG9DX,A320,LZ-LAH,69075,75075,,0,183.91,,,-20416,569,47.11006164550781,13.6527099609375
4433932,117159,2026-09-27T08:48:32.832Z,452113,CFG9DX,A320,LZ-LAH,80675,,,3.904,0,,,20416,817,47.4129638671875,13.357589721679688
4433768,117160,2026-09-27T08:47:58.782Z,3D673B,DFLIP,C208,D-FLIP,61000,,,21.71,22.304,,,-4032,520,49.00300598144531,17.349595289963872
4433908,117160,2026-09-27T08:48:41.270Z,3D673B,DFLIP,C208,D-FLIP,72700,,75000,20.184,21.71,,6356.517733763242,-8128,777,49.014292571504235,17.319223504317392
4433971,117160,2026-09-27T08:49:02.980Z,3D673B,DFLIP,C208,D-FLIP,75000,72700,81000,21.71,22.227,6356.517733763242,16196.517748684033,-8128,783,49.022918701171875,17.306565504807622
4434033,117160,2026-09-27T08:49:25.207Z,3D673B,DFLIP,C208,D-FLIP,81000,75000,87500,22.227,21.296,16196.517748684033,18313.29827197596,-12224,529,49.03504943847656,17.303607647235594
4434094,117160,2026-09-27T08:49:46.503Z,3D673B,DFLIP,C208,D-FLIP,87500,81000,,21.296,20.974,18313.29827197596,,-8128,529,49.04655327231197,17.30765894839635
4435270,117160,2026-09-27T08:56:12.270Z,3D673B,DFLIP,C208,D-FLIP,66300,,,22.095,21.518,,,-24512,910,49.04678603350106,17.47838070518094
4435596,117160,2026-09-27T08:57:58.957Z,3D673B,DFLIP,C208,D-FLIP,85800,,,20.89,21.572,,,-24512,649,49.08270263671875,17.470022348257203
4435860,117160,2026-09-27T08:59:25.029Z,3D673B,DFLIP,C208,D-FLIP,88300,,11050,21.327,14.557,,-318403.51720821596,-28608,652,49.04548257084216,17.45062577097042
4435996,117160,2026-09-27T09:00:01.211Z,3D673B,DFLIP,C208,D-FLIP,92200,11050,,21.625,21.572,225156.06936416184,,-24512,141,49.029052734375,17.447063739483156
4436258,117160,2026-09-27T09:01:27.005Z,3D673B,DFLIP,C208,D-FLIP,100600,,73900,21.405,21.408,,-74831.83856502242,-8128,653,48.997833251953125,17.496079664963872
4436328,117160,2026-09-27T09:01:48.413Z,3D673B,DFLIP,C208,D-FLIP,73900,100600,,21.408,22.092,-74831.83856502242,,-4032,833,49.00963734772245,17.481560958059163
4433472,117161,2026-09-27T08:46:17.633Z,3009B8,DLA33C,E190,I-JENJ,80375,,,12.858,0,,,-8128,,47.80826374635858,13.810659555288453
4435282,117162,2026-09-27T08:56:07.027Z,4CAE4C,RYR9293,B38M,EI-IHZ,98300,,,13.163,21.497,,,-4032,,49.17522365764036,15.741601241262288
4433509,117163,2026-09-27T08:46:38.031Z,4B8E47,PGT81WP,B738,TC-CRG,80350,,,,19.934,,,,,47.258807683395126,17.655170147235594
4433992,117163,2026-09-27T08:49:07.045Z,4B8E47,PGT81WP,B738,TC-CRG,80375,,,18.704,22.913,,,,,47.46028576867055,17.356496957632203
4434115,117163,2026-09-27T08:49:52.514Z,4B8E47,PGT81WP,B738,TC-CRG,80375,,80375,22.556,16.736,,0,,,47.5216416181144,17.264662522536128
4434177,117163,2026-09-27T08:50:09.250Z,4B8E47,PGT81WP,B738,TC-CRG,80375,80375,80275,16.736,22.421,0,-267.6062619865305,-4032,,47.544266005693856,17.23085843599756
4434240,117163,2026-09-27T08:50:31.671Z,4B8E47,PGT81WP,B738,TC-CRG,80275,80375,80275,22.421,24.956,-267.6062619865305,0,-4032,,47.574371337890625,17.185501098632812
4434299,117163,2026-09-27T08:50:56.627Z,4B8E47,PGT81WP,B738,TC-CRG,80275,80275,80275,24.956,21.766,0,0,-4032,,47.60797119140625,17.13489532470703
4434356,117163,2026-09-27T08:51:18.393Z,4B8E47,PGT81WP,B738,TC-CRG,80275,80275,80375,21.766,21.215,0,282.8187603111007,-4032,,47.63722229003906,17.09088134765625
4434417,117163,2026-09-27T08:51:39.608Z,4B8E47,PGT81WP,B738,TC-CRG,80375,80275,,21.215,21.14,282.8187603111007,,-4032,,47.665674241922666,17.04803466796875
4434817,117163,2026-09-27T08:53:48.114Z,4B8E47,PGT81WP,B738,TC-CRG,80275,,80375,21.636,21.436,,279.90296697144987,-4032,,47.83721923828125,16.78765869140625
4434883,117163,2026-09-27T08:54:09.550Z,4B8E47,PGT81WP,B738,TC-CRG,80375,80275,,21.436,20.971,279.90296697144987,,-4032,,47.865802312301376,16.744009164663453
4435021,117163,2026-09-27T08:54:51.796Z,4B8E47,PGT81WP,B738,TC-CRG,80275,,,21.275,20.235,,,-4032,,47.921905517578125,16.65802001953125
4435678,117163,2026-09-27T08:58:26.590Z,4B8E47,PGT81WP,B738,TC-CRG,80200,,,22.362,20.206,,,-4032,,48.206085205078125,16.21856689453125
4436068,117163,2026-09-27T09:00:22.615Z,4B8E47,PGT81WP,B738,TC-CRG,80200,,80200,21.132,21.6,,0,-4032,,48.34259033203125,15.957993727463872
4436135,117163,2026-09-27T09:00:44.215Z,4B8E47,PGT81WP,B738,TC-CRG,80200,80200,80375,21.6,20.372,0,515.4133123895542,-4032,,48.36781311035156,15.909189077524047
4436202,117163,2026-09-27T09:01:04.587Z,4B8E47,PGT81WP,B738,TC-CRG,80375,80200,80375,20.372,18.594,515.4133123895542,0,-4032,,48.39160983845339,15.863173635382395
4436268,117163,2026-09-27T09:01:23.181Z,4B8E47,PGT81WP,B738,TC-CRG,80375,80375,,18.594,20.975,0,,-4032,,48.41330318127648,15.821179841694061
4436415,117163,2026-09-27T09:02:10.454Z,4B8E47,PGT81WP,B738,TC-CRG,80375,,,26.298,21.623,,,-4032,,48.4682813741393,15.714207699424378
4436545,117163,2026-09-27T09:02:53.376Z,4B8E47,PGT81WP,B738,TC-CRG,80375,,,21.299,20.592,,,-4032,,48.51813882084216,15.617137708161977
4436675,117163,2026-09-27T09:03:35.432Z,4B8E47,PGT81WP,B738,TC-CRG,80375,,,21.464,20.998,,,-4032,,48.566785909361755,15.521585564864267
4437269,117163,2026-09-27T09:06:49.143Z,4B8E47,PGT81WP,B738,TC-CRG,80375,,,22.407,20.974,,,-4032,,48.78981768074682,15.080325478001669
4437401,117163,2026-09-27T09:07:33.031Z,4B8E47,PGT81WP,B738,TC-CRG,80200,,80300,22.914,21.429,,279.9944001119978,-4032,,48.839996337890625,14.980140099158689
4437469,117163,2026-09-27T09:07:54.460Z,4B8E47,PGT81WP,B738,TC-CRG,80300,80200,,21.429,18.463,279.9944001119978,,-4032,,48.86434781349311,14.931214985094584
4438088,117163,2026-09-27T09:11:01.344Z,4B8E47,PGT81WP,B738,TC-CRG,80200,,80200,13.116,0,,,-4032,,49.07574462890625,14.503432053786128
4438151,117163,2026-09-27T09:11:01.344Z,4B8E47,PGT81WP,B738,TC-CRG,80200,80200,80200,0,0,,,-4032,,49.07574462890625,14.503432053786128
4438219,117163,2026-09-27T09:11:01.344Z,4B8E47,PGT81WP,B738,TC-CRG,80200,80200,,0,,,,-4032,,49.07574462890625,14.503432053786128
4435992,117167,2026-09-27T09:00:01.125Z,3C56EB,EWG72F,A320,D-AEWK,55975,34275,61175,21.42,21.658,60784.31372549019,14405.762304921967,20416,,48.39761507713188,19.45526926141042
4436056,117167,2026-09-27T09:00:22.783Z,3C56EB,EWG72F,A320,D-AEWK,61175,55975,62775,21.658,21.541,14405.762304921967,4456.617612924191,20416,,48.35380942134534,19.492926346628337
4436124,117167,2026-09-27T09:00:44.324Z,3C56EB,EWG72F,A320,D-AEWK,62775,61175,,21.541,21.493,4456.617612924191,,24512,,48.31037618346133,19.530222039473642
4437334,117167,2026-09-27T09:06:46.580Z,3C56EB,EWG72F,A320,D-AEWK,66375,,66375,0,0,,,24512,436,47.594309661347985,20.174560546875
4437405,117167,2026-09-27T09:06:46.580Z,3C56EB,EWG72F,A320,D-AEWK,66375,66375,66375,0,0,,,24512,180,47.594309661347985,20.174560546875
4437471,117167,2026-09-27T09:06:46.580Z,3C56EB,EWG72F,A320,D-AEWK,66375,66375,,0,88.579,,,24512,180,47.594309661347985,20.174560546875
4435597,117168,2026-09-27T08:57:42.819Z,8966D0,ETD9SM,A35K,A6-XWI,99175,,,5.816,19.415,,,-4032,934,47.342193603515625,16.132598876953125
4434915,117169,2026-09-27T08:54:17.855Z,3C6748,DLH5MV,A320,D-AIZH,98275,,,20.59,20.125,,,-24512,917,47.964752197265625,14.916755676269531
4435779,117169,2026-09-27T08:58:57.612Z,3C6748,DLH5MV,A320,D-AIZH,98375,,,36.945,12.178,,,-20416,150,47.7269835391287,15.762704702524047
4436943,117169,2026-09-27T09:04:46.426Z,3C6748,DLH5MV,A320,D-AIZH,98275,,,7.069,34.407,,,-16320,663,47.4217529296875,16.807708740234375
4437805,117169,2026-09-27T09:09:10.486Z,3C6748,DLH5MV,A320,D-AIZH,94750,,,0,,,,-12224,663,47.184356689453125,17.59075927734375
4434035,117170,2026-09-27T08:49:23.920Z,424C62,MBIZZ,GLF6,M-BIZZ,93975,,,19.988,21.464,,,24512,793,48.27103954250529,16.356329666940837
4434282,117170,2026-09-27T08:50:50.483Z,424C62,MBIZZ,GLF6,M-BIZZ,59800,42775,73400,21.104,20.4,48403.146322971945,40000.00000000001,-12224,793,48.36433410644531,16.176875187800533
4434339,117170,2026-09-27T08:51:10.883Z,424C62,MBIZZ,GLF6,M-BIZZ,73400,59800,85400,20.4,20.656,40000.00000000001,34856.700232378,-16320,793,48.38713073730469,16.132859450120122
4434400,117170,2026-09-27T08:51:31.539Z,424C62,MBIZZ,GLF6,M-BIZZ,85400,73400,,20.656,21.863,34856.700232378,,-20416,793,48.409881591796875,16.088914137620122
4434935,117170,2026-09-27T08:54:24.596Z,424C62,MBIZZ,GLF6,M-BIZZ,81175,,86600,26.43,21.846,,14899.752815160671,20416,793,48.616410594875525,15.68630820826479
4434999,117170,2026-09-27T08:54:46.442Z,424C62,MBIZZ,GLF6,M-BIZZ,86600,81175,,21.846,21.543,14899.752815160671,,20416,793,48.64311218261719,15.633756197415892
4435665,117170,2026-09-27T08:58:19.929Z,424C62,MBIZZ,GLF6,M-BIZZ,59900,,67000,21.273,21.023,,20263.520905674737,28608,793,48.90568620067531,15.100202058490936
4435730,117170,2026-09-27T08:58:40.952Z,424C62,MBIZZ,GLF6,M-BIZZ,67000,59900,,21.023,20.726,20263.520905674737,,-4032,793,48.93241882324219,15.045565091646608
4436048,117170,2026-09-27T09:00:04.460Z,424C62,MBIZZ,GLF6,M-BIZZ,99800,36500,4300,29.283,17.745,129699.82583751663,-322907.8613693998,-8128,,49.03843688964844,14.828303410456783
4433712,117171,2026-09-27T08:47:38.961Z,44006C,AUA16G,A320,OE-LBT,85975,,,,0,,,16320,449,48.68898553363347,14.964390804893128
4433852,117171,2026-09-27T08:48:20.491Z,44006C,AUA16G,A320,OE-LBT,53400,,,41.53,21.954,,,4032,242,48.647918701171875,15.08056640625
4434041,117171,2026-09-27T08:49:28.426Z,44006C,AUA16G,A320,OE-LBT,94375,,79400,36.065,20.729,,-43345.072121182886,-16320,943,48.57949467028602,15.267888119346253
4434103,117171,2026-09-27T08:49:49.155Z,44006C,AUA16G,A320,OE-LBT,79400,94375,62200,20.729,22.036,-43345.072121182886,-46832.4559811218,-12224,239,48.55865478515625,15.324448805588872
4434158,117171,2026-09-27T08:50:11.191Z,44006C,AUA16G,A320,OE-LBT,62200,79400,49975,22.036,18.867,-46832.4559811218,-38877.40499284465,-4032,437,48.53663635253906,15.384028508113033
4434469,117171,2026-09-27T08:51:31.540Z,44006C,AUA16G,A320,OE-LBT,100200,11000,87400,0,27.515,,-27912.047973832454,16320,677,48.460235595703125,15.590022160456783
4434535,117171,2026-09-27T08:51:59.055Z,44006C,AUA16G,A320,OE-LBT,87400,100200,79575,27.515,35.685,-27912.047973832454,-13156.788566624633,8128,675,48.43639309123411,15.653710616262288
4434602,117171,2026-09-27T08:52:34.740Z,44006C,AUA16G,A320,OE-LBT,79575,87400,73800,35.685,0,-13156.788566624633,,4032,927,48.40673931574417,15.732855545847087
4434671,117171,2026-09-27T08:52:34.740Z,44006C,AUA16G,A320,OE-LBT,73800,79575,,0,48.473,,,4032,166,48.40673931574417,15.732855545847087
4434806,117171,2026-09-27T08:53:38.561Z,44006C,AUA16G,A320,OE-LBT,60375,,,15.348,23.564,,,-28608,660,48.35911637645656,15.859270597759064
4433745,117174,2026-09-27T08:47:52.497Z,471D71,WZZ94,A21N,HA-LDX,98300,,98225,,7.541,,-596.7378331786235,,,49.69172073622881,19.540669209248335
4433823,117174,2026-09-27T08:48:00.038Z,471D71,WZZ94,A21N,HA-LDX,98225,98300,98225,7.541,34.815,-596.7378331786235,0,,,49.675872802734375,19.547930265727814
4433891,117174,2026-09-27T08:48:34.853Z,471D71,WZZ94,A21N,HA-LDX,98225,98225,98300,34.815,20.871,0,215.610176800345,,,49.600341796875,19.582768490440003
4433954,117174,2026-09-27T08:48:55.724Z,471D71,WZZ94,A21N,HA-LDX,98300,98225,98225,20.871,22.789,215.610176800345,-197.46368862170345,,,49.555648545087394,19.60332097233959
4434013,117174,2026-09-27T08:49:18.513Z,471D71,WZZ94,A21N,HA-LDX,98225,98300,98200,22.789,19.729,-197.46368862170345,-76.03020933650971,4032,,49.506317138671875,19.625991018194895
4434077,117174,2026-09-27T08:49:38.242Z,471D71,WZZ94,A21N,HA-LDX,98200,98225,98200,19.729,20.713,-76.03020933650971,0,4032,,49.464385986328125,19.64507253546458
4434138,117174,2026-09-27T08:49:58.955Z,471D71,WZZ94,A21N,HA-LDX,98200,98200,98200,20.713,24.279,0,0,4032,,49.41938781738281,19.665456918569703
4434201,117174,2026-09-27T08:50:23.234Z,471D71,WZZ94,A21N,HA-LDX,98200,98200,,24.279,21.487,0,,4032,,49.36724853515625,19.68904935396631
4434323,117174,2026-09-27T08:51:05.914Z,471D71,WZZ94,A21N,HA-LDX,94600,,94600,21.193,21.301,,0,4032,,49.27482604980469,19.719895582932622
4434384,117174,2026-09-27T08:51:27.215Z,471D71,WZZ94,A21N,HA-LDX,94600,94600,94600,21.301,21.186,0,0,4032,,49.22808837890625,19.724684495192378
4434444,117174,2026-09-27T08:51:48.401Z,471D71,WZZ94,A21N,HA-LDX,94600,94600,94600,21.186,21.818,0,0,4032,,49.18157958984375,19.730600210336547
4434508,117174,2026-09-27T08:52:10.219Z,471D71,WZZ94,A21N,HA-LDX,94600,94600,,21.818,20.235,0,,4032,,49.133697509765625,19.737008901742797
4434777,117174,2026-09-27T08:53:36.130Z,471D71,WZZ94,A21N,HA-LDX,87500,,,21.631,20.016,,,8128,,48.94446421477754,19.76136860094573
4434911,117174,2026-09-27T08:54:18.209Z,471D71,WZZ94,A21N,HA-LDX,81400,,,22.063,21.87,,,8128,,48.85157775878906,19.772996168870122
4435051,117174,2026-09-27T08:55:01.793Z,471D71,WZZ94,A21N,HA-LDX,73000,,,21.714,21.297,,,12224,,48.75599670410156,19.78517972506006
4435182,117174,2026-09-27T08:55:43.669Z,471D71,WZZ94,A21N,HA-LDX,66200,,,20.579,22.13,,,12224,,48.663848876953125,19.79672945462744
4434166,117177,2026-09-27T08:50:10.945Z,440020,AUA52,B772,OE-LPB,87100,,,,5.846,,,24512,,49.15236650887182,15.871341103001669
4434772,117177,2026-09-27T08:53:33.046Z,440020,AUA52,B772,OE-LPB,98600,,,21.493,21.106,,,4032,,48.83514404296875,16.117506760817378
4435042,117177,2026-09-27T08:54:58.733Z,440020,AUA52,B772,OE-LPB,67800,,,22.61,21.159,,,-20416,,48.71415710449219,16.210467998798094
4435179,117177,2026-09-27T08:55:40.973Z,440020,AUA52,B772,OE-LPB,55175,,,21.081,22.074,,,-20416,,48.65914554919227,16.252465499074788
4435770,117177,2026-09-27T08:58:54.254Z,440020,AUA52,B772,OE-LPB,99175,3800,,25.313,21.596,226069.60850156046,,-4032,,48.42768782276218,16.42853586297292
4434241,117178,2026-09-27T08:50:14.931Z,440CAC,AUA22FA,A320,OE-LZO,79975,,43175,1.121,39.758,,-55535.99275617485,28608,680,48.63931429588188,14.54806679173521
4434483,117178,2026-09-27T08:51:28.898Z,440CAC,AUA22FA,A320,OE-LZO,98375,15175,,0,51.584,,,4032,926,48.607565669690146,14.79063335217927
4434885,117178,2026-09-27T08:54:08.867Z,440CAC,AUA22FA,A320,OE-LZO,87000,8600,,24.167,22.036,194645.5910952952,,-4032,698,48.511688232421875,15.278390737680297
4435023,117178,2026-09-27T08:54:35.027Z,440CAC,AUA22FA,A320,OE-LZO,54775,,,4.124,35.445,,,20416,684,48.489881612486755,15.351369757401244
4435491,117178,2026-09-27T08:57:22.502Z,440CAC,AUA22FA,A320,OE-LZO,81975,,,21.22,21.409,,,-24512,915,48.372290659759,15.739938836348642
4435747,117178,2026-09-27T08:58:48.080Z,440CAC,AUA22FA,A320,OE-LZO,53575,,42775,21.089,5.409,,-119800.33277870217,-16320,662,48.324528063757946,15.895843505859375
4434204,117179,2026-09-27T08:50:23.397Z,461F69,FIN8YL,A320,OH-LXH,98275,,,,20.915,,,,,47.28739929199219,18.059463500976562
4434386,117179,2026-09-27T08:51:26.528Z,461F69,FIN8YL,A320,OH-LXH,94775,,94775,21.873,22.283,,0,,,47.39883681475106,27.356942983774047
4434447,117179,2026-09-27T08:51:48.811Z,461F69,FIN8YL,A320,OH-LXH,94775,94775,94775,22.283,19.742,0,0,,,47.438173455707094,27.380605844350953
4434512,117179,2026-09-27T08:52:08.553Z,461F69,FIN8YL,A320,OH-LXH,94775,94775,,19.742,21.791,0,,,,47.473041081832626,27.40194467397839
4434778,117179,2026-09-27T08:53:35.744Z,461F69,FIN8YL,A320,OH-LXH,98375,,98275,22.526,20.152,,-297.7371973005161,28608,,47.62796692929025,27.494765061598628
4434847,117179,2026-09-27T08:53:55.896Z,461F69,FIN8YL,A320,OH-LXH,98275,98375,98375,20.152,23.084,-297.7371973005161,259.92029111072605,28608,,47.66386413574219,18.285507202148438
4434914,117179,2026-09-27T08:54:18.980Z,461F69,FIN8YL,A320,OH-LXH,98375,98275,98375,23.084,20.229,259.92029111072605,0,28608,,47.70496433064089,27.54117525540869
4434982,117179,2026-09-27T08:54:39.209Z,461F69,FIN8YL,A320,OH-LXH,98375,98375,,20.229,21.787,0,,28608,,47.74090265823623,27.563218336838872
4435186,117179,2026-09-27T08:55:44.662Z,461F69,FIN8YL,A320,OH-LXH,98275,,98375,23.238,16.958,,353.8153084090105,28608,,47.856353759765625,18.404022216796875
4435254,117179,2026-09-27T08:56:01.620Z,461F69,FIN8YL,A320,OH-LXH,98375,98275,,16.958,24.518,353.8153084090105,,24512,,47.886052535752114,27.65322171724756
4435517,117179,2026-09-27T08:57:31.347Z,461F69,FIN8YL,A320,OH-LXH,94600,,94600,59.884,14.418,,0,24512,,48.04243469238281,18.519790649414062
4435584,117179,2026-09-27T08:57:45.765Z,461F69,FIN8YL,A320,OH-LXH,94600,94600,94600,14.418,24.743,0,0,24512,,48.0673828125,18.535446166992188
4435650,117179,2026-09-27T08:58:10.508Z,461F69,FIN8YL,A320,OH-LXH,94600,94600,94600,24.743,0,0,,24512,,48.11027526855469,18.562294006347656
4435714,117179,2026-09-27T08:58:10.508Z,461F69,FIN8YL,A320,OH-LXH,94600,94600,36975,0,83.501,,-41406.68974024263,24512,,48.11027526855469,18.562294006347656
4437361,117179,2026-09-27T09:07:12.084Z,461F69,FIN8YL,A320,OH-LXH,98300,,98300,21.522,21.351,,0,8128,,49.04929985434322,19.162685996607706
4437427,117179,2026-09-27T09:07:33.435Z,461F69,FIN8YL,A320,OH-LXH,98300,98300,98300,21.351,21.249,0,0,8128,,49.08686751026218,19.187260677940003
4437491,117179,2026-09-27T09:07:54.684Z,461F69,FIN8YL,A320,OH-LXH,98300,98300,98200,21.249,22.223,0,-269.9905503307384,8128,,49.124155852754235,19.211618523848642
4437562,117179,2026-09-27T09:08:16.907Z,461F69,FIN8YL,A320,OH-LXH,98200,98300,,22.223,21.302,-269.9905503307384,,8128,,49.163177490234375,19.237130972055297
4437879,117179,2026-09-27T09:10:04.550Z,461F69,FIN8YL,A320,OH-LXH,94600,,,21.706,21.385,,,4032,,49.35255432128906,19.36178354116589
4438269,117179,2026-09-27T09:12:13.766Z,461F69,FIN8YL,A320,OH-LXH,98225,,98300,24.849,18.882,,238.3222116301239,4032,,49.58106994628906,19.51359799033719
4438336,117179,2026-09-27T09:12:32.648Z,461F69,FIN8YL,A320,OH-LXH,98300,98225,98300,18.882,0,238.3222116301239,,4032,,49.61449057368909,19.53606682854729
4438401,117179,2026-09-27T09:12:32.648Z,461F69,FIN8YL,A320,OH-LXH,98300,98300,,0,42.121,,,4032,,49.61449057368909,19.53606682854729
4435233,117181,2026-09-27T08:55:58.534Z,4BB2B0,THY6DR,A321,TC-LUP,94275,,94275,20.672,0,,,-16320,,47.51715087890625,15.051132202148438
4435304,117181,2026-09-27T08:55:58.534Z,4BB2B0,THY6DR,A321,TC-LUP,94275,94275,86375,0,0,,,-16320,,47.51715087890625,15.051132202148438
4435371,117181,2026-09-27T08:55:58.534Z,4BB2B0,THY6DR,A321,TC-LUP,86375,94275,,0,64.717,,,-12224,,47.51715087890625,15.051132202148438
4435630,117181,2026-09-27T08:58:08.324Z,4BB2B0,THY6DR,A321,TC-LUP,67475,,,27.256,10.191,,,-8128,,47.618133544921875,14.689682006835938
4436712,117181,2026-09-27T09:03:17.870Z,4BB2B0,THY6DR,A321,TC-LUP,88375,,,4.092,,,,,,47.86291607355667,13.789109450120122
4434429,117183,2026-09-27T08:51:41.931Z,8015FF,VTVSS,E35L,VT-VSS,59900,,,20.753,22.32,,,12224,923,49.807868569584215,16.486098830764377
4434694,117183,2026-09-27T08:53:07.072Z,8015FF,VTVSS,E35L,VT-VSS,59900,,59825,20.15,21.081,,-213.46235947061336,8128,923,49.717836541644594,16.740269016575212
4434763,117183,2026-09-27T08:53:28.153Z,8015FF,VTVSS,E35L,VT-VSS,59825,59900,,21.081,22.228,-213.46235947061336,,8128,924,49.69532775878906,16.802649247018962
4434895,117183,2026-09-27T08:54:12.203Z,8015FF,VTVSS,E35L,VT-VSS,59825,,59900,21.822,20.258,,222.13446539638662,8128,668,49.64813232421875,16.933473285875834
4434964,117183,2026-09-27T08:54:32.461Z,8015FF,VTVSS,E35L,VT-VSS,59900,59825,,20.258,22.664,222.13446539638662,,8128,668,49.62668725999735,16.99347418707771
4435163,117183,2026-09-27T08:55:38.382Z,8015FF,VTVSS,E35L,VT-VSS,59900,,,21.3,20.207,,,8128,668,49.555788201800844,17.189001134923956
4435372,117183,2026-09-27T08:56:41.349Z,8015FF,VTVSS,E35L,VT-VSS,59900,,,20.262,18.735,,,8128,668,49.48796159130031,17.375026393581038
4435695,117183,2026-09-27T08:58:28.149Z,8015FF,VTVSS,E35L,VT-VSS,59900,,,21.054,19.985,,,8128,157,49.371767205707094,17.689939800061666
4435891,117183,2026-09-27T08:59:34.778Z,8015FF,VTVSS,E35L,VT-VSS,59800,,41000,22.615,4.845,,-232817.3374613003,8128,413,49.29876708984375,17.886094313401372
4435991,117183,2026-09-27T09:00:01.152Z,8015FF,VTVSS,E35L,VT-VSS,59800,41000,,21.529,21.821,52394.44470249431,,4032,924,49.2696533203125,17.963702862079344
4436123,117183,2026-09-27T09:00:44.052Z,8015FF,VTVSS,E35L,VT-VSS,59800,,59800,21.079,21.107,,0,4032,413,49.222320556640625,18.089552659254878
4436191,117183,2026-09-27T09:01:05.159Z,8015FF,VTVSS,E35L,VT-VSS,59800,59800,59800,21.107,21.303,0,0,4032,924,49.198883056640625,18.15194936899036
4436256,117183,2026-09-27T09:01:26.462Z,8015FF,VTVSS,E35L,VT-VSS,59800,59800,59900,21.303,20.038,0,299.4310809462022,4032,413,49.17521667480469,18.214275653545656
4436326,117183,2026-09-27T09:01:46.500Z,8015FF,VTVSS,E35L,VT-VSS,59900,59800,,20.038,23.736,299.4310809462022,,4032,669,49.15329755362818,18.272504304584686
4436469,117183,2026-09-27T09:02:32.186Z,8015FF,VTVSS,E35L,VT-VSS,59800,,59900,21.95,21.326,,281.3467129325706,4032,157,49.10211181640625,18.406818096454344
4436535,117183,2026-09-27T09:02:53.512Z,8015FF,VTVSS,E35L,VT-VSS,59900,59800,,21.326,21.822,281.3467129325706,,4032,669,49.07834845074152,27.942930522717916
4436666,117183,2026-09-27T09:03:35.294Z,8015FF,VTVSS,E35L,VT-VSS,59800,,,19.96,22.908,,,4032,925,49.03166198730469,18.59133206881006
4436795,117183,2026-09-27T09:04:19.205Z,8015FF,VTVSS,E35L,VT-VSS,59900,,,21.003,21.881,,,4032,157,48.98235773636123,28.192652652138122
4436922,117183,2026-09-27T09:05:01.311Z,8015FF,VTVSS,E35L,VT-VSS,59800,,59800,20.225,22.748,,0,4032,157,48.93507385253906,18.841482309194703
4436986,117183,2026-09-27T09:05:24.059Z,8015FF,VTVSS,E35L,VT-VSS,59800,59800,,22.748,21.323,0,,4032,669,48.90934753417969,18.907541128305297
4437262,117183,2026-09-27T09:06:50.126Z,8015FF,VTVSS,E35L,VT-VSS,59800,,59975,20.944,21.818,,481.25401045008704,4032,157,48.8126220703125,19.155719463641844
4437333,117183,2026-09-27T09:07:11.944Z,8015FF,VTVSS,E35L,VT-VSS,59975,59800,,21.818,22.058,481.25401045008704,,4032,413,48.78795559123411,19.21841270045229
4437470,117183,2026-09-27T09:07:55.036Z,8015FF,VTVSS,E35L,VT-VSS,59800,,,21.034,21.846,,,4032,925,48.73942565917969,19.341571514423094
4437666,117183,2026-09-27T09:09:00.247Z,8015FF,VTVSS,E35L,VT-VSS,59800,,59975,22.884,20.671,,507.9580088046055,4032,413,48.66572570800781,19.527423565204344
4437731,117183,2026-09-27T09:09:20.918Z,8015FF,VTVSS,E35L,VT-VSS,59975,59800,,20.671,19.165,507.9580088046055,,4032,926,48.64238674357786,19.586093300267294
4437922,117183,2026-09-27T09:10:10.121Z,8015FF,VTVSS,E35L,VT-VSS,59975,,,5.871,36.949,,,4032,926,48.58680337162341,19.72537392064146
4438055,117183,2026-09-27T09:11:09.291Z,8015FF,VTVSS,E35L,VT-VSS,59975,,,22.221,21.388,,,4032,925,48.519675044690146,19.892409475226145
4438186,117183,2026-09-27T09:11:52.280Z,8015FF,VTVSS,E35L,VT-VSS,59800,,,21.601,1.962,,,4032,158,48.470855712890625,20.01321645883411
4438388,117183,2026-09-27T09:12:57.025Z,8015FF,VTVSS,E35L,VT-VSS,59800,,59800,27.91,1.937,,0,4032,926,48.39710998535156,20.19449087289661
4438454,117183,2026-09-27T09:12:58.962Z,8015FF,VTVSS,E35L,VT-VSS,59800,59800,,1.937,39.377,0,,4032,926,48.39491504733845,20.1998098273026
4438786,117183,2026-09-27T09:15:01.845Z,8015FF,VTVSS,E35L,VT-VSS,59975,,59975,38.613,0,,,4032,415,48.24683237884004,20.53221853155833
4438852,117183,2026-09-27T09:15:01.845Z,8015FF,VTVSS,E35L,VT-VSS,59975,59975,,0,0,,,4032,415,48.24683237884004,20.53221853155833
4434754,117185,2026-09-27T08:53:26.135Z,4D2532,WZZ274,A321,9H-WNF,61975,49175,74775,20.74,21.788,37029.893924783035,35248.76078575362,12224,,48.352459406448624,16.69560482627469
4434820,117185,2026-09-27T08:53:47.923Z,4D2532,WZZ274,A321,9H-WNF,74775,61975,87400,21.788,21.845,35248.76078575362,34676.12726024262,16320,,48.368426824020126,16.650575336657084
4434886,117185,2026-09-27T08:54:09.768Z,4D2532,WZZ274,A321,9H-WNF,87400,74775,,21.845,20.945,34676.12726024262,,16320,,48.384613037109375,16.605060283954344
4435361,117185,2026-09-27T08:56:39.577Z,4D2532,WZZ274,A321,9H-WNF,61400,,69000,21.71,20.995,,21719.457013574658,-12224,,48.498687744140625,16.28173828125
4435424,117185,2026-09-27T08:57:00.572Z,4D2532,WZZ274,A321,9H-WNF,69000,61400,,20.995,21.685,21719.457013574658,,-16320,,48.51507568359375,16.23483511117786
4435553,117185,2026-09-27T08:57:44.126Z,4D2532,WZZ274,A321,9H-WNF,87175,,,21.869,20.976,,,-24512,,48.54984089479608,16.13551892732312
4436204,117185,2026-09-27T09:01:05.132Z,4D2532,WZZ274,A321,9H-WNF,55400,,,20.835,21.733,,,12224,,48.71415710449219,15.659813514122561
4436478,117185,2026-09-27T09:02:30.332Z,4D2532,WZZ274,A321,9H-WNF,81575,,87975,20.371,22.826,,16822.921230176114,20416,,48.78586074053231,15.449162533408753
4436546,117185,2026-09-27T09:02:53.158Z,4D2532,WZZ274,A321,9H-WNF,87975,81575,,22.826,21.956,16822.921230176114,,24512,,48.805133366988876,15.392279373972087
4437607,117185,2026-09-27T09:08:20.607Z,4D2532,WZZ274,A321,9H-WNF,55900,,55900,8.257,0,,,-8128,,49.13067316604873,14.597866660670206
4437672,117185,2026-09-27T09:08:20.607Z,4D2532,WZZ274,A321,9H-WNF,55900,55900,,0,,,,-8128,,49.13067316604873,14.597866660670206
4434499,117186,2026-09-27T08:52:05.358Z,06A0A9,QTR62W,B788,A7-BCE,56300,,,,20.153,,,16320,422,49.712296825344275,16.263254526499168
4434634,117186,2026-09-27T08:52:49.732Z,06A0A9,QTR62W,B788,A7-BCE,56300,,56300,24.221,21.849,,0,16320,422,49.6480081849179,16.393457361169794
4434702,117186,2026-09-27T08:53:11.581Z,06A0A9,QTR62W,B788,A7-BCE,56300,56300,,21.849,21.37,0,,16320,422,49.6163526632018,16.457371067356462
4435108,117186,2026-09-27T08:55:19.837Z,06A0A9,QTR62W,B788,A7-BCE,56200,,,21.705,21.491,,,16320,166,49.429595947265625,16.831199244448953
4435247,117186,2026-09-27T08:56:02.903Z,06A0A9,QTR62W,B788,A7-BCE,56300,,56300,21.575,21.436,,0,16320,934,49.36650680283368,16.956313283819895
4435315,117186,2026-09-27T08:56:24.339Z,06A0A9,QTR62W,B788,A7-BCE,56300,56300,,21.436,21.542,0,,16320,934,49.33513059454449,17.018255936472087
4435447,117186,2026-09-27T08:57:06.716Z,06A0A9,QTR62W,B788,A7-BCE,56300,,,20.835,18.762,,,16320,679,49.272843700344275,17.14084022923521
4435574,117186,2026-09-27T08:57:50.192Z,06A0A9,QTR62W,B788,A7-BCE,56300,,,24.714,6.894,,,16320,679,49.20897403005826,17.266026547080628
4435705,117186,2026-09-27T08:58:33.064Z,06A0A9,QTR62W,B788,A7-BCE,56200,,,35.978,19.006,,,16320,423,49.14573669433594,17.389455942007203
4435899,117186,2026-09-27T08:59:33.193Z,06A0A9,QTR62W,B788,A7-BCE,56300,,41000,18.706,5.591,,-164192.45215524948,12224,423,49.05688786910752,17.56193462171052
4435995,117186,2026-09-27T09:00:01.619Z,06A0A9,QTR62W,B788,A7-BCE,56200,41000,56200,22.835,6.473,39938.69060652507,0,12224,423,49.01458740234375,17.643479567307622
4436059,117186,2026-09-27T09:00:08.092Z,06A0A9,QTR62W,B788,A7-BCE,56200,56200,,6.473,35.553,0,,12224,423,49.00521488512977,17.661462081106038
4436195,117186,2026-09-27T09:01:05.546Z,06A0A9,QTR62W,B788,A7-BCE,56300,,,21.901,21.54,,,12224,167,48.9195122153072,17.826040167557494
4436471,117186,2026-09-27T09:02:30.278Z,06A0A9,QTR62W,B788,A7-BCE,56200,,,19.746,18.346,,,12224,935,48.793121337890625,18.066946176382203
4436670,117186,2026-09-27T09:03:36.414Z,06A0A9,QTR62W,B788,A7-BCE,56200,,56375,22.446,21.979,,477.72874107102234,12224,679,48.69401550292969,18.254206730769283
4436734,117186,2026-09-27T09:03:58.393Z,06A0A9,QTR62W,B788,A7-BCE,56375,56200,,21.979,20.593,477.72874107102234,,12224,679,48.66119384765625,18.316015946237712
4436925,117186,2026-09-27T09:05:02.701Z,06A0A9,QTR62W,B788,A7-BCE,56375,,56200,22.989,21.303,,-492.8883255879453,12224,167,48.56450484970868,27.970757735402913
4436988,117186,2026-09-27T09:05:24.004Z,06A0A9,QTR62W,B788,A7-BCE,56200,56375,,21.303,22.143,-492.8883255879453,,12224,935,48.53251647949219,18.556753305288453
4437122,117186,2026-09-27T09:06:07.422Z,06A0A9,QTR62W,B788,A7-BCE,56200,,56200,21.275,20.831,,0,12224,679,48.46742248535156,18.677743765024047
4437193,117186,2026-09-27T09:06:28.253Z,06A0A9,QTR62W,B788,A7-BCE,56200,56200,,20.831,22.393,0,,8128,679,48.43620300292969,18.73563326322119
4437336,117186,2026-09-27T09:07:11.725Z,06A0A9,QTR62W,B788,A7-BCE,56375,,,21.079,21.463,,,12224,167,48.37084754038665,28.329909475226145
4437466,117186,2026-09-27T09:07:55.118Z,06A0A9,QTR62W,B788,A7-BCE,56375,,,21.93,21.898,,,12224,679,48.305767511917374,18.975918418482706
4437991,117186,2026-09-27T09:10:46.306Z,06A0A9,QTR62W,B788,A7-BCE,56200,,,20.344,21.572,,,12224,164,48.05268859863281,19.44586944580078
4438188,117186,2026-09-27T09:11:51.869Z,06A0A9,QTR62W,B788,A7-BCE,56275,,56275,21.576,16.958,,0,12224,420,47.96282958984375,19.63037109375
4438256,117186,2026-09-27T09:12:08.827Z,06A0A9,QTR62W,B788,A7-BCE,56275,56275,56275,16.958,20.427,0,0,12224,420,47.93943786621094,19.678024291992188
4438322,117186,2026-09-27T09:12:29.254Z,06A0A9,QTR62W,B788,A7-BCE,56275,56275,,20.427,17.556,0,,12224,164,47.91142272949219,19.735153198242188
4438455,117186,2026-09-27T09:13:10.155Z,06A0A9,QTR62W,B788,A7-BCE,56375,,,23.345,9.939,,,12224,164,47.855281506554554,19.84933706430286
4438644,117186,2026-09-27T09:14:13.727Z,06A0A9,QTR62W,B788,A7-BCE,56375,,,53.633,11.083,,,12224,164,47.76767019498146,20.026597243088872
4435052,117187,2026-09-27T08:55:00.531Z,471FAE,WMT7NW,A321,HA-LZY,62600,,62600,21.296,22.778,,0,20416,682,49.374755859375,16.486745981069703
4435119,117187,2026-09-27T08:55:23.309Z,471FAE,WMT7NW,A321,HA-LZY,62600,62600,62600,22.778,17.992,0,0,20416,938,49.338134765625,16.541748046875
4435190,117187,2026-09-27T08:55:41.301Z,471FAE,WMT7NW,A321,HA-LZY,62600,62600,62600,17.992,24.794,0,0,20416,682,49.309112548828125,16.585270808293217
4435257,117187,2026-09-27T08:56:06.095Z,471FAE,WMT7NW,A321,HA-LZY,62600,62600,,24.794,21.385,0,,20416,682,49.26905822753906,16.64499136117786
4435586,117187,2026-09-27T08:57:52.456Z,471FAE,WMT7NW,A321,HA-LZY,66300,,66300,20.698,21.383,,0,20416,683,49.096503823490465,16.900731136924378
4435651,117187,2026-09-27T08:58:13.839Z,471FAE,WMT7NW,A321,HA-LZY,66300,66300,66300,21.383,22.115,0,0,20416,939,49.06168274960275,16.95219341077302
4435715,117187,2026-09-27T08:58:35.954Z,471FAE,WMT7NW,A321,HA-LZY,66300,66300,66200,22.115,21.604,0,-277.72634697278284,20416,683,49.025697869769594,17.005173532586355
4435780,117187,2026-09-27T08:58:57.558Z,471FAE,WMT7NW,A321,HA-LZY,66200,66300,66200,21.604,20.425,-277.72634697278284,0,20416,683,48.990509033203125,17.05690824068506
4435846,117187,2026-09-27T08:59:17.983Z,471FAE,WMT7NW,A321,HA-LZY,66200,66200,35025,20.425,21.18,0,-88314.447592068,20416,683,48.95722961425781,17.105572040264406
4436167,117187,2026-09-27T09:00:44.052Z,471FAE,WMT7NW,A321,HA-LZY,66200,,,21.188,21.576,,,20416,171,48.81678771972656,17.310227614182622
4436437,117187,2026-09-27T09:02:08.206Z,471FAE,WMT7NW,A321,HA-LZY,62600,,62775,24.05,23.761,,441.90059340936835,20416,427,48.68064880371094,17.507136418269283
4436504,117187,2026-09-27T09:02:31.967Z,471FAE,WMT7NW,A321,HA-LZY,62775,62600,62775,23.761,21.491,441.90059340936835,0,20416,427,48.641036728681144,17.564175254420206
4436571,117187,2026-09-27T09:02:53.458Z,471FAE,WMT7NW,A321,HA-LZY,62775,62775,62775,21.491,21.139,0,0,20416,171,48.60602944584216,17.614336515727814
4436634,117187,2026-09-27T09:03:14.597Z,471FAE,WMT7NW,A321,HA-LZY,62775,62775,62775,21.139,21.544,0,0,20416,171,48.571487685381356,17.663774992290314
4436700,117187,2026-09-27T09:03:36.141Z,471FAE,WMT7NW,A321,HA-LZY,62775,62775,,21.544,22.361,0,,20416,171,48.536387298066735,17.7140085320724
4437354,117187,2026-09-27T09:07:11.209Z,471FAE,WMT7NW,A321,HA-LZY,66200,,66200,20.674,22.554,,0,20416,427,48.18475341796875,18.211176945613033
4437420,117187,2026-09-27T09:07:33.763Z,471FAE,WMT7NW,A321,HA-LZY,66200,66200,,22.554,21.165,0,,20416,171,48.147857666015625,18.262916564941406
4436694,117188,2026-09-27T09:03:36.931Z,471F04,WZZ28XF,A321,HA-LTK,99975,,,22.499,20.425,,,16320,,48.717289294226696,17.536492598684163
4436880,117188,2026-09-27T09:04:32.855Z,471F04,WZZ28XF,A321,HA-LTK,87000,,,17.227,20.864,,,12224,,48.81797790527344,17.587350698617797
4437281,117188,2026-09-27T09:06:49.962Z,471F04,WZZ28XF,A321,HA-LTK,81900,,79100,20.753,20.784,,-8083.140877598153,12224,,49.064336227158364,17.710972836143128
4437349,117188,2026-09-27T09:07:10.746Z,471F04,WZZ28XF,A321,HA-LTK,79100,81900,,20.784,17.801,-8083.140877598153,,8128,,49.10134525622352,17.729620682565837
4437550,117188,2026-09-27T09:08:15.000Z,471F04,WZZ28XF,A321,HA-LTK,60600,,,20.372,22.853,,,4032,,49.21531677246094,17.787358210636967
4438129,117188,2026-09-27T09:11:30.211Z,471F04,WZZ28XF,A321,HA-LTK,99500,9100,88300,23.207,21.031,233722.58370319297,-31952.8315344016,-16320,,49.5517381571107,17.961829932960313
4438195,117188,2026-09-27T09:11:51.242Z,471F04,WZZ28XF,A321,HA-LTK,88300,99500,,21.031,9.035,-31952.8315344016,,-12224,,49.585162663863876,17.986252243454373
4438396,117188,2026-09-27T09:12:43.074Z,471F04,WZZ28XF,A321,HA-LTK,61825,,,9.883,0,,,-8128,,49.66676330566406,18.045260780736044
4438532,117189,2026-09-27T09:13:36.068Z,48AF08,LOT5JB,B38M,SP-LVI,87975,,,41.479,14.473,,,-12224,,48.461857165320446,15.448873419510619
4436013,117190,2026-09-27T09:00:00.118Z,48EA4E,RYR7009,B738,SP-RNS,55400,34875,49800,23.054,6.086,53418.06194152859,-55208.67564903056,-8128,,48.06976318359375,16.407943725585938
4438060,117190,2026-09-27T09:11:09.048Z,48EA4E,RYR7009,B738,SP-RNS,101000,,,21.705,21.577,,,12224,,49.29716491699219,17.306635929988033
4438251,117190,2026-09-27T09:12:13.875Z,48EA4E,RYR7009,B738,SP-RNS,68300,,56200,21.923,21.573,,-33653.17758308998,4032,,49.41096418994968,17.411956787109375
4438325,117190,2026-09-27T09:12:35.448Z,48EA4E,RYR7009,B738,SP-RNS,56200,68300,47500,21.573,21.438,-33653.17758308998,-24349.28631402183,4032,,49.44895935058594,17.447373239617605
4438722,117190,2026-09-27T09:14:44.637Z,48EA4E,RYR7009,B738,SP-RNS,98625,4225,91825,21.151,10.838,267788.75703276444,-37645.32201513195,-16320,118,49.692626953125,17.4806936163651
4438787,117190,2026-09-27T09:14:55.475Z,48EA4E,RYR7009,B738,SP-RNS,91825,98625,91825,10.838,0,-37645.32201513195,,-12224,822,49.7120361328125,17.474188553659587
4438853,117190,2026-09-27T09:14:55.475Z,48EA4E,RYR7009,B738,SP-RNS,91825,91825,,0,,,,-12224,822,49.7120361328125,17.474188553659587
4435139,117191,2026-09-27T08:55:28.739Z,49D42B,TVS33V,B38M,OK-SWN,79875,,74375,20.807,21.409,,-15414.078191414825,-4032,300,47.52886962890625,17.632781982421875
4435207,117191,2026-09-27T08:55:50.148Z,49D42B,TVS33V,B38M,OK-SWN,74375,79875,69075,21.409,21.985,-15414.078191414825,-14464.407550602684,-4032,554,47.561443781448624,17.596505972055297
4435275,117191,2026-09-27T08:56:12.133Z,49D42B,TVS33V,B38M,OK-SWN,69075,74375,67075,21.985,20.258,-14464.407550602684,-5923.585743903643,-4032,59,47.59492492675781,17.559036254882812
4435344,117191,2026-09-27T08:56:32.391Z,49D42B,TVS33V,B38M,OK-SWN,67075,69075,,20.258,22.696,-5923.585743903643,,-4032,62,47.625823974609375,17.524429321289062
4437279,117191,2026-09-27T09:06:50.715Z,49D42B,TVS33V,B38M,OK-SWN,100600,4600,94600,21.779,19.812,264474.9529363148,-18170.805572380377,28608,811,48.558837890625,16.45406869741589
4437347,117191,2026-09-27T09:07:10.527Z,49D42B,TVS33V,B38M,OK-SWN,94600,100600,88200,19.812,23.371,-18170.805572380377,-16430.619143382828,24512,811,48.58927917480469,16.418222280649047
4437414,117191,2026-09-27T09:07:33.898Z,49D42B,TVS33V,B38M,OK-SWN,88200,94600,,23.371,21.085,-16430.619143382828,,20416,811,48.62530517578125,16.37582632211536
4435000,117192,2026-09-27T08:54:41.583Z,4CA64E,RYR52XB,B738,EI-DYL,67100,,,18.159,26.239,,,16320,,49.475951113943324,28.82879308752115
4435136,117192,2026-09-27T08:55:27.099Z,4CA64E,RYR52XB,B738,EI-DYL,92300,,,19.277,23.813,,,24512,,49.41371077198093,18.991819682874166
4435604,117192,2026-09-27T08:57:59.476Z,4CA64E,RYR52XB,B738,EI-DYL,60700,,69100,21.846,21.191,,23783.68175168704,-20416,,49.19766183626854,28.097028230365936
4435664,117192,2026-09-27T08:58:20.667Z,4CA64E,RYR52XB,B738,EI-DYL,69100,60700,80200,21.191,20.743,23783.68175168704,32107.21689244565,-20416,,49.16754253840042,28.045999627364267
4435731,117192,2026-09-27T08:58:41.410Z,4CA64E,RYR52XB,B738,EI-DYL,80200,69100,91800,20.743,22.403,32107.21689244565,31067.26777663706,-20416,,49.13813781738281,18.522597092848628
4435794,117192,2026-09-27T08:59:03.813Z,4CA64E,RYR52XB,B738,EI-DYL,91800,80200,,22.403,21.516,31067.26777663706,,-24512,,49.106414794921875,18.46893310546875
4434808,117193,2026-09-27T08:53:45.004Z,C04FDD,ACA887,A333,C-GEGI,86775,,92200,23.21,21.679,,15014.530190506945,-16320,791,48.300134691141416,16.476962440892294
4434874,117193,2026-09-27T08:54:06.683Z,C04FDD,ACA887,A333,C-GEGI,92200,86775,98200,21.679,20.701,15014.530190506945,17390.464228781217,-20416,791,48.31855773925781,16.435406024639406
4434944,117193,2026-09-27T08:54:27.384Z,C04FDD,ACA887,A333,C-GEGI,98200,92200,5175,20.701,22.064,17390.464228781217,-252968.63669325598,-24512,791,48.33723449707031,16.39315091646631
4435285,117193,2026-09-27T08:56:12.242Z,C04FDD,ACA887,A333,C-GEGI,54200,43000,,19.143,23.453,35104.21564018179,,8128,791,48.43611145019531,16.16849459134619
4435483,117193,2026-09-27T08:57:19.526Z,C04FDD,ACA887,A333,C-GEGI,91800,,,21.299,20.945,,,20416,791,48.50111389160156,16.019827035757203
4436266,117193,2026-09-27T09:01:26.462Z,C04FDD,ACA887,A333,C-GEGI,92775,,94600,21.162,0,,,-20416,,48.75178450244968,15.438898990028747
4436336,117193,2026-09-27T09:01:26.462Z,C04FDD,ACA887,A333,C-GEGI,94600,92775,94600,0,0,,,-24512,,48.75178450244968,15.438898990028747
4436407,117193,2026-09-27T09:01:26.462Z,C04FDD,ACA887,A333,C-GEGI,94600,94600,94600,0,0,,,-24512,,48.75178450244968,15.438898990028747
4436475,117193,2026-09-27T09:01:26.462Z,C04FDD,ACA887,A333,C-GEGI,94600,94600,17900,0,82.765,,-55603.21391892708,-28608,,48.75178450244968,15.438898990028747
4436126,117195,2026-09-27T09:00:42.522Z,49D327,TVS16H,B738,OK-TSD,86775,,,19.962,21.385,,,8128,70,48.472796941207626,19.10247802734375
4436260,117195,2026-09-27T09:01:26.950Z,49D327,TVS16H,B738,OK-TSD,74375,,67400,23.043,21.82,,-19179.651695692024,4032,815,48.547792596332094,19.049859297902913
4436330,117195,2026-09-27T09:01:48.770Z,49D327,TVS16H,B738,OK-TSD,67400,74375,,21.82,21.603,-19179.651695692024,,4032,565,48.584564208984375,19.024165226863033
4436797,117195,2026-09-27T09:04:19.723Z,49D327,TVS16H,B738,OK-TSD,92300,,,21.658,21.763,,,-12224,133,48.83115606792902,28.32427175421458
4436924,117195,2026-09-27T09:05:02.810Z,49D327,TVS16H,B738,OK-TSD,67800,,,21.324,21.718,,,-4032,568,48.89863586425781,18.802959735576906
4437404,117195,2026-09-27T09:07:33.680Z,49D327,TVS16H,B738,OK-TSD,92600,,80600,21.324,21.636,,-33277.87021630616,12224,140,49.12339782714844,18.64217904897839
4437473,117195,2026-09-27T09:07:55.316Z,49D327,TVS16H,B738,OK-TSD,80600,92600,,21.636,21.402,-33277.87021630616,,8128,814,49.1546630859375,18.61978384164661
4438056,117195,2026-09-27T09:11:02.117Z,49D327,TVS16H,B738,OK-TSD,99500,,,19.444,26.404,,,-20416,298,49.41245386155985,18.42681884765625
4438187,117195,2026-09-27T09:11:28.521Z,49D327,TVS16H,B738,OK-TSD,88300,,88300,0,0,,,-20416,801,49.44462145789195,18.39111328125
4438255,117195,2026-09-27T09:11:28.521Z,49D327,TVS16H,B738,OK-TSD,88300,88300,,0,,,,-20416,801,49.44462145789195,18.39111328125
4435053,117196,2026-09-27T08:55:00.399Z,4BCE16,SXS9LY,B738,TC-SPV,59875,42275,,32.495,21.407,32497.30727804278,,-8128,920,47.88990783691406,17.785903930664062
4435191,117196,2026-09-27T08:55:44.635Z,4BCE16,SXS9LY,B738,TC-SPV,80375,,,22.829,9.202,,,-16320,663,47.86137984970868,17.91384183443506
4435137,117197,2026-09-27T08:55:10.745Z,504E61,HYS445,A319,ER-SKY,80775,,80775,47.889,0,,,8128,,48.37638725668697,20.361207660875834
4435208,117197,2026-09-27T08:55:10.745Z,504E61,HYS445,A319,ER-SKY,80775,80775,,0,0,,,8128,,48.37638725668697,20.361207660875834
4435799,117197,2026-09-27T08:59:03.593Z,504E61,HYS445,A319,ER-SKY,80600,,80600,22.04,5.024,,0,12224,,48.53654479980469,19.72412109375
4435864,117197,2026-09-27T08:59:08.617Z,504E61,HYS445,A319,ER-SKY,80600,80600,36025,5.024,31.309,0,-85422.72190105081,12224,,48.53992526814089,19.710412276418538
4436024,117197,2026-09-27T09:00:01.646Z,504E61,HYS445,A319,ER-SKY,80600,36025,80775,21.72,21.273,123135.3591160221,493.58341559723596,12224,,48.57545471191406,19.566157414363033
4436085,117197,2026-09-27T09:00:22.919Z,504E61,HYS445,A319,ER-SKY,80775,80600,,21.273,20.804,493.58341559723596,,12224,,48.58964305813029,19.50868305407073
4436286,117197,2026-09-27T09:01:27.059Z,504E61,HYS445,A319,ER-SKY,80375,,80375,22.634,21.518,,0,12224,,48.632098699020126,19.335576107627503
4436356,117197,2026-09-27T09:01:48.577Z,504E61,HYS445,A319,ER-SKY,80375,80375,80375,21.518,21.988,0,0,12224,,48.6461574748411,19.277464214124166
4436424,117197,2026-09-27T09:02:10.565Z,504E61,HYS445,A319,ER-SKY,80375,80375,80200,21.988,17.801,0,-589.8545025560362,12224,,48.66049556408898,19.218195865028747
4436494,117197,2026-09-27T09:02:28.366Z,504E61,HYS445,A319,ER-SKY,80200,80375,80200,17.801,24.737,-589.8545025560362,0,12224,,48.672088623046875,19.170086200420656
4436561,117197,2026-09-27T09:02:53.103Z,504E61,HYS445,A319,ER-SKY,80200,80200,,24.737,22.12,0,,12224,,48.688201904296875,19.103252704326906
4439246,117197,2026-09-27T09:17:29.350Z,504E61,HYS445,A319,ER-SKY,80700,,80600,21.596,21.66,,-277.0083102493075,0,416,49.2352294921875,16.70413368626646
4439317,117197,2026-09-27T09:17:51.010Z,504E61,HYS445,A319,ER-SKY,80600,80700,,21.66,21.652,-277.0083102493075,,64,416,49.24790954589844,16.643723707932622
4439590,117197,2026-09-27T09:19:16.720Z,504E61,HYS445,A319,ER-SKY,87400,,93800,20.941,22.341,,17188.129448099906,1152,416,49.29931640625,16.40413724459131
4439658,117197,2026-09-27T09:19:39.061Z,504E61,HYS445,A319,ER-SKY,93800,87400,99000,22.341,21.137,17188.129448099906,14760.845910015612,896,414,49.3125,16.341810960036128
4439723,117197,2026-09-27T09:20:00.198Z,504E61,HYS445,A319,ER-SKY,99000,93800,,21.137,23.484,14760.845910015612,,832,414,49.325042724609375,16.28286508413464
4435764,117202,2026-09-27T08:58:51.466Z,3C0D0C,TUI4NH,B738,D-ATYL,81075,,,179.456,21.411,,,4032,551,47.44770812988281,13.406822204589844
4435294,117204,2026-09-27T08:56:17.840Z,49D3D5,TVS32R,B38M,OK-SWB,74375,,,,19.988,,,,,47.29930813029661,15.409311147836547
4435492,117204,2026-09-27T08:57:20.452Z,49D3D5,TVS32R,B38M,OK-SWB,59975,,54275,42.624,18.981,,-18018.018018018018,-16320,310,47.41219730700477,15.338111290564939
4435555,117204,2026-09-27T08:57:39.433Z,49D3D5,TVS32R,B38M,OK-SWB,54275,59975,,18.981,0,-18018.018018018018,,-16320,310,47.4466552734375,15.316383361816406
4436981,117204,2026-09-27T09:04:41.486Z,49D3D5,TVS32R,B38M,OK-SWB,101000,,,0,0,,,-4032,563,48.22535705566406,14.877953162560061
4437115,117204,2026-09-27T09:04:41.486Z,49D3D5,TVS32R,B38M,OK-SWB,87800,,,0,87.079,,,28608,310,48.22535705566406,14.877953162560061
4438320,117205,2026-09-27T09:12:33.536Z,4D24C2,WMT8DU,A320,9H-WZW,94775,,,20.121,21.982,,,16320,669,48.76658811407574,19.796351382606872
4435363,117206,2026-09-27T08:56:37.895Z,4D232C,CXI445,B738,9H-TJE,75000,,,,13.857,,,-8128,943,48.348358154296875,13.812842735877439
4435493,117206,2026-09-27T08:57:17.223Z,4D232C,CXI445,B738,9H-TJE,87000,,93400,25.471,25.813,,14876.225157866193,-8128,432,48.28330993652344,13.89495849609375
4435556,117206,2026-09-27T08:57:43.036Z,4D232C,CXI445,B738,9H-TJE,93400,87000,93400,25.813,0,14876.225157866193,,-8128,183,48.2398681640625,13.949749286358156
4435620,117206,2026-09-27T08:57:43.036Z,4D232C,CXI445,B738,9H-TJE,93400,93400,,0,164.689,,,-8128,183,48.2398681640625,13.949749286358156
4435427,117207,2026-09-27T08:56:50.934Z,503E9A,EWG5SK,A320,LY-WIZ,80750,,,13.462,21.871,,,-28608,46,47.06533658302436,14.013765775240358
4435475,117210,2026-09-27T08:57:16.628Z,3C743A,,B38M,D-AMAZ,87975,,,,0,,,-4032,569,47.45269775390625,13.221905048076906
4436562,117214,2026-09-27T09:02:53.622Z,471DAB,WMT837,A21N,HA-LGD,66200,,66200,22.061,21.438,,0,20416,160,49.44776916503906,17.70331131784542
4436631,117214,2026-09-27T09:03:15.060Z,471DAB,WMT837,A21N,HA-LGD,66200,66200,66300,21.438,16.193,0,370.53047613166177,20416,928,49.421539306640625,17.7685546875
4436690,117214,2026-09-27T09:03:31.253Z,471DAB,WMT837,A21N,HA-LGD,66300,66200,,16.193,27.168,370.53047613166177,,20416,928,49.401653742386124,17.818017256887288
4437614,117214,2026-09-27T09:08:38.236Z,471DAB,WMT837,A21N,HA-LGD,62700,,62600,21.682,21.706,,-276.4212660093983,16320,928,49.02304439221398,28.217371890419372
4437679,117214,2026-09-27T09:08:59.942Z,471DAB,WMT837,A21N,HA-LGD,62600,62700,,21.706,21.676,-276.4212660093983,,16320,928,48.996002197265625,18.80859375
4438062,117214,2026-09-27T09:11:09.158Z,471DAB,WMT837,A21N,HA-LGD,66300,,66375,22.034,21.245,,211.8145445987291,16320,929,48.83385609772245,19.1945608038651
4438127,117214,2026-09-27T09:11:30.403Z,471DAB,WMT837,A21N,HA-LGD,66375,66300,66375,21.245,21.877,211.8145445987291,0,16320,673,48.8070420087394,19.25773219058385
4438193,117214,2026-09-27T09:11:52.280Z,471DAB,WMT837,A21N,HA-LGD,66375,66375,66375,21.877,21.336,0,0,16320,417,48.77948308395127,19.322565982216247
4438260,117214,2026-09-27T09:12:13.616Z,471DAB,WMT837,A21N,HA-LGD,66375,66375,66200,21.336,21.586,0,-486.4263874733624,16320,161,48.75257589049258,19.38566509046052
4438327,117214,2026-09-27T09:12:35.202Z,471DAB,WMT837,A21N,HA-LGD,66200,66375,66200,21.586,21.684,-486.4263874733624,0,16320,929,48.72532653808594,19.449462890625
4438394,117214,2026-09-27T09:12:56.886Z,471DAB,WMT837,A21N,HA-LGD,66200,66200,66200,21.684,21.217,0,0,16320,673,48.69804382324219,19.513127253605717
4438460,117214,2026-09-27T09:13:18.103Z,471DAB,WMT837,A21N,HA-LGD,66200,66200,,21.217,20.781,0,,16320,417,48.671356201171875,19.575312687800533
4438724,117214,2026-09-27T09:14:44.554Z,471DAB,WMT837,A21N,HA-LGD,60775,,54600,21.186,22.647,,-16359.782752682477,16320,423,48.56287552138506,19.827214291221253
4438789,117214,2026-09-27T09:15:07.201Z,471DAB,WMT837,A21N,HA-LGD,54600,60775,48600,22.647,21.41,-16359.782752682477,-16814.572629612332,16320,420,48.53453063964844,19.89236684945911
4435840,117217,2026-09-27T08:59:14.680Z,48EA00,ENT5HA,B38M,SP-EXM,55825,,62225,20.317,9.31,,41245.97207303974,24512,,49.76756286621094,18.42103656969573
4435902,117217,2026-09-27T08:59:23.990Z,48EA00,ENT5HA,B38M,SP-EXM,62225,55825,22125,9.31,3.699,41245.97207303974,-650446.0665044608,24512,,49.75694274902344,18.40094315378292
4436047,117217,2026-09-27T08:59:57.440Z,48EA00,ENT5HA,B38M,SP-EXM,79500,22125,,29.751,24.438,115710.39628920036,,28608,,49.71853482521186,18.32823882231844
4436176,117217,2026-09-27T09:00:33.705Z,48EA00,ENT5HA,B38M,SP-EXM,94225,,2625,11.827,0,,,-4032,,49.67669677734375,18.249013800369994
4436770,117217,2026-09-27T09:03:56.185Z,48EA00,ENT5HA,B38M,SP-EXM,68600,,75500,19.282,23.812,,17386.19183604905,-28608,,49.429595947265625,17.787949411492605
4436832,117217,2026-09-27T09:04:19.997Z,48EA00,ENT5HA,B38M,SP-EXM,75500,68600,81800,23.812,21.377,17386.19183604905,17682.55601815035,-28608,,49.399233026019594,17.731789036801047
4436894,117217,2026-09-27T09:04:41.374Z,48EA00,ENT5HA,B38M,SP-EXM,81800,75500,,21.377,20.756,17682.55601815035,,4032,,49.371917724609375,17.681227463942378
4436301,117218,2026-09-27T09:01:27.005Z,49D67D,TVS7SX,B38M,OK-SWO,94600,,91800,21.242,21.053,,-7979.860352443832,8128,,48.29530334472656,20.244985727163453
4436371,117218,2026-09-27T09:01:48.058Z,49D67D,TVS7SX,B38M,OK-SWO,91800,94600,86775,21.053,20.148,-7979.860352443832,-14964.264443120906,8128,,48.31727600097656,20.203082744891844
4436441,117218,2026-09-27T09:02:08.206Z,49D67D,TVS7SX,B38M,OK-SWO,86775,91800,,20.148,24.033,-14964.264443120906,,4032,,48.33807476496292,20.163309197676767
4437149,117218,2026-09-27T09:06:07.257Z,49D67D,TVS7SX,B38M,OK-SWO,85800,,,21.357,21.406,,,4032,,48.60713195800781,19.720529409555297
4437291,117218,2026-09-27T09:06:50.481Z,49D67D,TVS7SX,B38M,OK-SWO,73575,,67400,21.818,20.946,,-17688.34144944142,4032,,48.65691104177701,19.641747725637288
4437358,117218,2026-09-27T09:07:11.427Z,49D67D,TVS7SX,B38M,OK-SWO,67400,73575,61575,20.946,21.734,-17688.34144944142,-16080.795067635961,4032,,48.68092346191406,19.603694035456783
4437424,117218,2026-09-27T09:07:33.161Z,49D67D,TVS7SX,B38M,OK-SWO,61575,67400,,21.734,22.155,-16080.795067635961,,4032,,48.70574433924788,19.564265200966247
4438069,117218,2026-09-27T09:11:08.616Z,49D67D,TVS7SX,B38M,OK-SWO,99800,,,20.921,21.954,,,-20416,550,48.94377136230469,19.18304443359375
4438265,117218,2026-09-27T09:12:13.903Z,49D67D,TVS7SX,B38M,OK-SWO,69000,,61100,21.816,21.217,,-22340.575953245043,-8128,304,49.01252746582031,19.072124774639406
4438333,117218,2026-09-27T09:12:35.120Z,49D67D,TVS7SX,B38M,OK-SWO,61100,69000,49900,21.217,21.465,-22340.575953245043,-31306.778476589796,-8128,801,49.03440313824152,19.036487780119273
4439646,117218,2026-09-27T09:18:57.908Z,49D67D,TVS7SX,B38M,OK-SWO,98200,,98200,0,0,,,-1920,276,49.40789794921875,18.431537334735594
4439712,117218,2026-09-27T09:18:57.908Z,49D67D,TVS7SX,B38M,OK-SWO,98200,98200,98200,0,0,,,-960,277,49.40789794921875,18.431537334735594
4439780,117218,2026-09-27T09:18:57.908Z,49D67D,TVS7SX,B38M,OK-SWO,98200,98200,,0,,,,-960,277,49.40789794921875,18.431537334735594
4435897,117220,2026-09-27T08:59:28.195Z,3C6759,DLH3HX,A320,D-AIZY,54775,,27975,15.618,3.664,,-438864.62882096064,24512,653,48.10298596398305,14.168208195613033
4436111,117220,2026-09-27T09:00:22.642Z,3C6759,DLH3HX,A320,D-AIZY,73400,27975,73400,50.783,0,53669.535080637215,,,,48.08074951171875,14.350616455078125
4436178,117220,2026-09-27T09:00:22.642Z,3C6759,DLH3HX,A320,D-AIZY,73400,73400,73400,0,0,,,,170,48.08074951171875,14.350616455078125
4436244,117220,2026-09-27T09:00:22.642Z,3C6759,DLH3HX,A320,D-AIZY,73400,73400,98375,0,59.002,,25397.44415443544,,170,48.08074951171875,14.350616455078125
4436309,117220,2026-09-27T09:01:21.644Z,3C6759,DLH3HX,A320,D-AIZY,98375,73400,2375,59.002,6.142,25397.44415443544,-937805.2751546727,-4032,921,48.05112677105402,14.542165902944703
4436897,117220,2026-09-27T09:04:38.856Z,3C6759,DLH3HX,A320,D-AIZY,55175,,,23.456,22.62,,,-12224,410,47.89298881918697,15.155005821814939
4437022,117220,2026-09-27T09:05:22.662Z,3C6759,DLH3HX,A320,D-AIZY,62775,,,21.186,23.238,,,-16320,916,47.857748775158896,15.290363018329344
4438792,117220,2026-09-27T09:15:06.372Z,3C6759,DLH3HX,A320,D-AIZY,66275,,,22.17,21.826,,,-4032,387,47.70867919921875,17.16558837890625
4438992,117220,2026-09-27T09:16:11.966Z,3C6759,DLH3HX,A320,D-AIZY,66275,,35000,21.518,10.21,,-183790.40156709106,-4032,132,47.69682312011719,17.37762451171875
4439318,117220,2026-09-27T09:17:50.486Z,3C6759,DLH3HX,A320,D-AIZY,62675,,,20.781,21.408,,,0,473,47.678192138671875,17.694854736328125
4437914,117221,2026-09-27T09:09:56.797Z,4D226E,RYR3EM,B738,9H-QCZ,98200,,,0,44.562,,,-24512,168,48.66873531018273,21.20939555921052
4436431,117226,2026-09-27T09:02:10.454Z,4D22B5,RYR7TM,A320,9H-LON,88200,,,21.713,21.322,,,24512,,48.391754150390625,16.3916015625
4436819,117226,2026-09-27T09:04:18.986Z,4D22B5,RYR7TM,A320,9H-LON,54375,,62600,20.729,22.225,,22204.72440944882,-12224,,48.503800731594275,16.10436690481083
4436881,117226,2026-09-27T09:04:41.211Z,4D22B5,RYR7TM,A320,9H-LON,62600,54375,,22.225,21.408,22204.72440944882,,-16320,,48.523590087890625,16.05313814603369
4437008,117226,2026-09-27T09:05:23.700Z,4D22B5,RYR7TM,A320,9H-LON,80775,,91975,21.081,21.736,,30916.451969083548,-20416,,48.56213068557998,15.953015779194061
4437072,117226,2026-09-27T09:05:45.436Z,4D22B5,RYR7TM,A320,9H-LON,91975,80775,99800,21.736,21.767,30916.451969083548,21569.348095741258,-24512,,48.58205504336599,15.901119834498331
4437141,117226,2026-09-27T09:06:07.203Z,4D22B5,RYR7TM,A320,9H-LON,99800,91975,4200,21.767,21.409,21569.348095741258,-267924.70456350135,-28608,,48.602142333984375,15.848764272836547
4437744,117226,2026-09-27T09:09:20.780Z,4D22B5,RYR7TM,A320,9H-LON,62600,,,20.56,21.271,,,16320,,48.784698486328125,15.367549015925533
4437871,117226,2026-09-27T09:09:54.665Z,4D22B5,RYR7TM,A320,9H-LON,75100,,81400,12.614,30.914,,12227.46975480365,20416,,48.81975076966366,15.28227153577302
4437936,117226,2026-09-27T09:10:25.579Z,4D22B5,RYR7TM,A320,9H-LON,81400,75100,87100,30.914,17.914,12227.46975480365,19091.213575974096,20416,,48.85514831542969,15.207895132211547
4438000,117226,2026-09-27T09:10:43.493Z,4D22B5,RYR7TM,A320,9H-LON,87100,81400,93100,17.914,0,19091.213575974096,,24512,,48.87575311175847,15.164385343852814
4438065,117226,2026-09-27T09:10:43.493Z,4D22B5,RYR7TM,A320,9H-LON,93100,87100,93100,0,0,,,24512,,48.87575311175847,15.164385343852814
4438130,117226,2026-09-27T09:10:43.493Z,4D22B5,RYR7TM,A320,9H-LON,93100,93100,5100,0,68.512,,-77066.79121905653,24512,,48.87575311175847,15.164385343852814
4438739,117226,2026-09-27T09:14:43.325Z,4D22B5,RYR7TM,A320,9H-LON,59800,,61400,21.321,11.417,,8408.51362004029,-4032,,49.13941955566406,14.578012319711547
4438806,117226,2026-09-27T09:14:54.742Z,4D22B5,RYR7TM,A320,9H-LON,61400,59800,61400,11.417,0,8408.51362004029,,-4032,,49.15168762207031,14.55047607421875
4438869,117226,2026-09-27T09:14:54.742Z,4D22B5,RYR7TM,A320,9H-LON,61400,61400,,0,,,,-4032,,49.15168762207031,14.55047607421875
4436460,117233,2026-09-27T09:02:05.184Z,4D22AE,RYR59KB,A320,9H-LMH,74775,,,28.144,37.815,,,4032,916,48.39561333090572,15.77304237767271
4436515,117238,2026-09-27T09:02:30.688Z,4BAA67,THY6HL,A321,TC-JSG,53575,37175,,52.979,23.016,18573.39700636101,,-4032,165,48.412977315611755,14.350096050061666
4436643,117238,2026-09-27T09:02:54.717Z,4BAA67,THY6HL,A321,TC-JSG,59800,,,1.013,0,,,-8128,668,48.3892822265625,14.421597994290892
4437695,117238,2026-09-27T09:08:59.860Z,4BAA67,THY6HL,A321,TC-JSG,62775,,62775,23.682,20.648,,0,-8128,410,48.02403336864406,15.499596228966311
4437763,117238,2026-09-27T09:09:20.508Z,4BAA67,THY6HL,A321,TC-JSG,62775,62775,,20.648,22.281,0,,-8128,410,48.003177966101696,15.559668907752439
4438076,117238,2026-09-27T09:11:08.042Z,4BAA67,THY6HL,A321,TC-JSG,66275,,66275,21.191,21.241,,0,-8128,410,47.893890380859375,15.872978210449219
4438140,117238,2026-09-27T09:11:29.283Z,4BAA67,THY6HL,A321,TC-JSG,66275,66275,66375,21.241,21.985,0,272.9133500113714,-4032,154,47.87214660644531,15.934913635253906
4438212,117238,2026-09-27T09:11:51.268Z,4BAA67,THY6HL,A321,TC-JSG,66375,66275,66275,21.985,22.066,272.9133500113714,-271.91153811293395,-4032,154,47.8496486857786,15.99884033203125
4438278,117238,2026-09-27T09:12:13.334Z,4BAA67,THY6HL,A321,TC-JSG,66275,66375,,22.066,21.294,-271.91153811293395,,-4032,154,47.82696533203125,16.062973022460938
4439339,117238,2026-09-27T09:17:51.169Z,4BAA67,THY6HL,A321,TC-JSG,62775,,,22.28,19.606,,,0,476,47.47671870862023,17.035710261418217
4440158,117238,2026-09-27T09:22:08.702Z,4BAA67,THY6HL,A321,TC-JSG,66275,35000,66275,41.319,0,45414.94227837072,,,,47.20509338378906,17.76605987548828
4440215,117238,2026-09-27T09:22:08.702Z,4BAA67,THY6HL,A321,TC-JSG,66275,66275,,0,,,,,,47.20509338378906,17.76605987548828
4436313,117240,2026-09-27T09:01:28.725Z,4B9067,PGT5678,A320,TC-DCG,85400,,87000,,16.958,,5661.044934544168,-20416,930,48.491363525390625,13.923551119290892
4436384,117240,2026-09-27T09:01:45.683Z,4B9067,PGT5678,A320,TC-DCG,87000,85400,88375,16.958,0,5661.044934544168,,-20416,420,48.469757080078125,13.969820462740358
4436453,117240,2026-09-27T09:01:45.683Z,4B9067,PGT5678,A320,TC-DCG,88375,87000,88375,0,0,,,-20416,167,48.469757080078125,13.969820462740358
4436520,117240,2026-09-27T09:01:45.683Z,4B9067,PGT5678,A320,TC-DCG,88375,88375,,0,92.793,,,-20416,167,48.469757080078125,13.969820462740358
4437637,117240,2026-09-27T09:08:39.817Z,4B9067,PGT5678,A320,TC-DCG,98375,,98375,26.894,22.695,,0,-20416,162,47.9391220868644,15.083242563100953
4437701,117240,2026-09-27T09:09:02.512Z,4B9067,PGT5678,A320,TC-DCG,98375,98375,98375,22.695,21.215,0,0,-20416,930,47.909747624801376,15.143526517427858
4437765,117240,2026-09-27T09:09:23.727Z,4B9067,PGT5678,A320,TC-DCG,98375,98375,,21.215,19.036,0,,-20416,674,47.882281804488876,15.199725811298094
4436387,117241,2026-09-27T09:01:55.926Z,4BD8C4,TKJ7MW,B38M,TC-VFD,55100,,66300,,23.812,,28221.065009239035,,936,49.385500115863344,15.939355147512288
4436459,117241,2026-09-27T09:02:19.738Z,4BD8C4,TKJ7MW,B38M,TC-VFD,66300,55100,,23.812,21.573,28221.065009239035,,4032,682,49.35393769862288,16.00028590152135
4436590,117241,2026-09-27T09:03:02.906Z,4BD8C4,TKJ7MW,B38M,TC-VFD,81000,,91900,21.595,21.302,,30701.342596939256,8128,189,49.295928955078125,16.11208402193506
4436657,117241,2026-09-27T09:03:24.208Z,4BD8C4,TKJ7MW,B38M,TC-VFD,91900,81000,99100,21.302,21.187,30701.342596939256,20389.861707650918,8128,430,49.267071222854874,16.167393734580628
4436723,117241,2026-09-27T09:03:45.395Z,4BD8C4,TKJ7MW,B38M,TC-VFD,99100,91900,4300,21.187,22.313,20389.861707650918,-254918.65728499086,12224,682,49.2381157309322,16.2227590460526
4437452,117241,2026-09-27T09:07:43.186Z,4BD8C4,TKJ7MW,B38M,TC-VFD,66700,,72600,21.655,21.573,,16409.4006396885,24512,180,48.89684127548993,16.844064812911142
4437518,117241,2026-09-27T09:08:04.759Z,4BD8C4,TKJ7MW,B38M,TC-VFD,72600,66700,75500,21.573,21.546,16409.4006396885,8075.744917850182,24512,178,48.86517333984375,16.901127741886967
4437584,117241,2026-09-27T09:08:26.305Z,4BD8C4,TKJ7MW,B38M,TC-VFD,75500,72600,81400,21.546,21.513,8075.744917850182,16455.166643424905,24512,178,48.833250918630824,16.958409359580628
4437650,117241,2026-09-27T09:08:47.818Z,4BD8C4,TKJ7MW,B38M,TC-VFD,81400,75500,87575,21.513,20.972,16455.166643424905,17666.412359336256,24512,178,48.80149841308594,17.01528695913464
4437715,117241,2026-09-27T09:09:08.790Z,4BD8C4,TKJ7MW,B38M,TC-VFD,87575,81400,93400,20.972,21.794,17666.412359336256,16036.523813893731,24512,682,48.77049850205243,17.070730108963744
4437780,117241,2026-09-27T09:09:30.584Z,4BD8C4,TKJ7MW,B38M,TC-VFD,93400,87575,,21.794,21.817,16036.523813893731,,24512,178,48.738372802734375,17.128037672776372
4436713,117242,2026-09-27T09:03:40.021Z,4D225C,RYR88RL,B738,9H-QDD,55475,,62375,24.715,21.434,,19315.106839600634,-28608,,47.72300720214844,17.570846557617188
4436776,117242,2026-09-27T09:04:01.455Z,4D225C,RYR88RL,B738,9H-QDD,62375,55475,,21.434,21.623,19315.106839600634,,-28608,,47.737550897113344,17.50974214993994
4436963,117242,2026-09-27T09:05:04.967Z,4D225C,RYR88RL,B738,9H-QDD,92275,,,20.589,22.204,,,4032,,47.78041076660156,17.32880401611328
4436792,117246,2026-09-27T09:04:16.801Z,3C7865,VJH713,E35L,D-ANCE,72700,,,21.409,21.488,,,-28608,935,49.3539842508607,17.575739810341247
4437329,117246,2026-09-27T09:07:08.967Z,3C7865,VJH713,E35L,D-ANCE,61500,,,21.295,21.576,,,28608,942,49.118290270789196,17.27079692639802
4437464,117246,2026-09-27T09:07:52.034Z,3C7865,VJH713,E35L,D-ANCE,85800,,,21.491,21.7,,,-8128,943,49.056610107421875,17.193673940805297
4438052,117246,2026-09-27T09:11:04.711Z,3C7865,VJH713,E35L,D-ANCE,53975,47575,,19.992,20.613,19207.68307322929,,-28608,943,48.766681218551376,16.83524683902135
4438180,117246,2026-09-27T09:11:49.190Z,3C7865,VJH713,E35L,D-ANCE,67575,,74200,23.866,21.521,,18470.33130430742,-28608,943,48.695083876787606,16.75169292249177
4438248,117246,2026-09-27T09:12:10.711Z,3C7865,VJH713,E35L,D-ANCE,74200,67575,80375,21.521,10.922,18470.33130430742,33922.3585423915,4032,190,48.658538818359375,16.71414888822119
4438317,117246,2026-09-27T09:12:21.633Z,3C7865,VJH713,E35L,D-ANCE,80375,74200,86775,10.922,32.137,33922.3585423915,11948.844011575444,4032,943,48.63964016154661,16.69495432000417
4438382,117246,2026-09-27T09:12:53.770Z,3C7865,VJH713,E35L,D-ANCE,86775,80375,92600,32.137,21.41,11948.844011575444,16324.147594581971,8128,943,48.58461541644597,16.638287995990936
4438448,117246,2026-09-27T09:13:15.180Z,3C7865,VJH713,E35L,D-ANCE,92600,86775,,21.41,21.765,16324.147594581971,,12224,944,48.5474853515625,16.60013052133411
4437043,117250,2026-09-27T09:05:35.856Z,4BB214,THY5UA,A21N,TC-LPT,66200,,,20.758,22.42,,,-24512,,49.49693298339844,21.621455142372497
4437027,117251,2026-09-27T09:05:26.707Z,4D2491,WZZ8EU,A321,9H-WDK,66375,,66200,21.849,19.33,,-543.1971029487843,-16320,799,48.26363773669227,15.032693963301767
4437091,117251,2026-09-27T09:05:46.037Z,4D2491,WZZ8EU,A321,9H-WDK,66200,66375,,19.33,23.242,-543.1971029487843,,-12224,799,48.28697204589844,15.081622783954344
4437844,117251,2026-09-27T09:09:50.706Z,4D2491,WZZ8EU,A321,9H-WDK,55175,,,122.88,19.415,,,-8128,77,48.580146401615465,15.703582763671875
4440178,117251,2026-09-27T09:22:24.622Z,4D2491,WZZ8EU,A321,9H-WDK,99500,,87800,20.754,21.378,,-32837.49649172046,-2240,442,49.41757460771981,17.720585873252503
4440241,117251,2026-09-27T09:22:46.000Z,4D2491,WZZ8EU,A321,9H-WDK,87800,99500,79000,21.378,22.473,-32837.49649172046,-23494.860499265786,-1664,437,49.43659973144531,17.78021561472042
4440294,117251,2026-09-27T09:23:08.473Z,4D2491,WZZ8EU,A321,9H-WDK,79000,87800,55800,22.473,21.111,-23494.860499265786,-65937.18914310075,-2304,428,49.45623779296875,17.841941431948953
4440350,117251,2026-09-27T09:23:29.584Z,4D2491,WZZ8EU,A321,9H-WDK,55800,79000,,21.111,21.791,-65937.18914310075,,-4032,436,49.4747314453125,17.899981046977814
4437660,117257,2026-09-27T09:08:53.961Z,4D20BF,WMT6AL,A21N,9H-WMK,66200,,66200,22.442,19.719,,0,28608,938,49.2608642578125,16.573932354266844
4437722,117257,2026-09-27T09:09:13.680Z,4D20BF,WMT6AL,A21N,9H-WMK,66200,66200,,19.719,21.9,0,,28608,682,49.22950744628906,16.62252572866589
4438042,117257,2026-09-27T09:11:01.356Z,4D20BF,WMT6AL,A21N,9H-WMK,62700,,62700,20.083,21.986,,0,28608,426,49.05795857057733,16.886419998972087
4438107,117257,2026-09-27T09:11:23.342Z,4D20BF,WMT6AL,A21N,9H-WMK,62700,62700,62700,21.986,22.653,0,0,28608,426,49.02285818326271,16.940122905530416
4438174,117257,2026-09-27T09:11:45.995Z,4D20BF,WMT6AL,A21N,9H-WMK,62700,62700,,22.653,21.331,0,,28608,426,48.986593990002646,16.995488217002503
4438377,117257,2026-09-27T09:12:50.821Z,4D20BF,WMT6AL,A21N,9H-WMK,66200,,,21.541,19.142,,,28608,426,48.88275146484375,17.15353158804089
4438511,117257,2026-09-27T09:13:33.778Z,4D20BF,WMT6AL,A21N,9H-WMK,66300,,66375,23.815,21.655,,207.80420226275686,28608,170,48.813745530985166,17.25793135793583
4438579,117257,2026-09-27T09:13:55.433Z,4D20BF,WMT6AL,A21N,9H-WMK,66375,66300,66200,21.655,20.886,207.80420226275686,-502.729100833094,28608,170,48.77892445709745,17.31055008737667
4438647,117257,2026-09-27T09:14:16.319Z,4D20BF,WMT6AL,A21N,9H-WMK,66200,66375,66375,20.886,21.93,-502.729100833094,478.79616963064296,28608,938,48.745330810546875,17.361074594350953
4438710,117257,2026-09-27T09:14:38.249Z,4D20BF,WMT6AL,A21N,9H-WMK,66375,66200,66375,21.93,22.421,478.79616963064296,0,28608,682,48.710027145127114,17.414052862869994
4438774,117257,2026-09-27T09:15:00.670Z,4D20BF,WMT6AL,A21N,9H-WMK,66375,66375,,22.421,22.023,0,,28608,682,48.674088817531775,17.46797260485198
4439105,117257,2026-09-27T09:16:46.370Z,4D20BF,WMT6AL,A21N,9H-WMK,62600,34975,62600,24.985,21.301,66339.8038823294,0,0,489,48.50422668457031,17.721017690805297
4439171,117257,2026-09-27T09:17:07.671Z,4D20BF,WMT6AL,A21N,9H-WMK,62600,62600,,21.301,21.761,0,,0,489,48.46989440917969,17.771864670973628
4439581,117257,2026-09-27T09:19:17.627Z,4D20BF,WMT6AL,A21N,9H-WMK,66200,,,22.53,21.461,,,0,488,48.26087951660156,18.079270582932622
4439715,117257,2026-09-27T09:20:00.552Z,4D20BF,WMT6AL,A21N,9H-WMK,66200,,,21.464,21.171,,,0,488,48.19102478027344,18.181034968449467
4439982,117257,2026-09-27T09:21:11.094Z,4D20BF,WMT6AL,A21N,9H-WMK,66375,35025,,0.742,,2535040.4312668466,,0,486,48.078313277939614,27.57547231820911
4437453,117259,2026-09-27T09:07:42.828Z,4BC848,PGT906,A21N,TC-RBH,55875,,67575,21.98,21.984,,31932.31441048035,-12224,658,47.96003723144531,17.46723175048828
4437520,117259,2026-09-27T09:08:04.812Z,4BC848,PGT906,A21N,TC-RBH,67575,55875,80275,21.984,21.359,31932.31441048035,35675.82752001498,-12224,423,47.94731528072034,17.52474271334131
4437587,117259,2026-09-27T09:08:26.171Z,4BC848,PGT906,A21N,TC-RBH,80275,67575,92775,21.359,20.777,35675.82752001498,36097.60793184771,-20416,427,47.934906005859375,17.581283569335938
4437651,117259,2026-09-27T09:08:46.948Z,4BC848,PGT906,A21N,TC-RBH,92775,80275,101175,20.777,22.142,36097.60793184771,22762.17143889441,-24512,666,47.92268914691472,17.637141301081783
4437716,117259,2026-09-27T09:09:09.090Z,4BC848,PGT906,A21N,TC-RBH,101175,92775,,22.142,21.439,22762.17143889441,,-24512,181,47.90937520689883,17.69735483022839
4438099,117259,2026-09-27T09:11:18.336Z,4BC848,PGT906,A21N,TC-RBH,60375,,67975,21.626,21.46,,21248.835041938488,8128,181,47.82111216399629,27.29257436899036
4438165,117259,2026-09-27T09:11:39.796Z,4BC848,PGT906,A21N,TC-RBH,67975,60375,,21.46,21.846,21248.835041938488,,12224,178,47.80207229872881,27.352787898136967
4438300,117259,2026-09-27T09:12:21.880Z,4BC848,PGT906,A21N,TC-RBH,81975,,92775,20.238,22.473,,28834.601521826193,20416,178,47.76529603085275,27.47286283052881
4438368,117259,2026-09-27T09:12:44.353Z,4BC848,PGT906,A21N,TC-RBH,92775,81975,99075,22.473,21.491,28834.601521826193,17588.758084779674,20416,166,47.74923550880561,27.539555476261967
4438431,117259,2026-09-27T09:13:05.844Z,4BC848,PGT906,A21N,TC-RBH,99075,92775,101075,21.491,21.135,17588.758084779674,5677.785663591199,24512,911,47.737335205078125,18.374359130859375
4438498,117259,2026-09-27T09:13:26.979Z,4BC848,PGT906,A21N,TC-RBH,101075,99075,,21.135,15.318,5677.785663591199,,24512,648,47.728912353515625,18.439796447753906
4438094,117265,2026-09-27T09:11:13.803Z,39BDB9,AFR32GL,BCS3,F-HPNZ,81175,,74375,25.071,22.555,,-18089.115495455553,-4032,920,48.734001547603285,15.500118857935831
4438159,117265,2026-09-27T09:11:36.358Z,39BDB9,AFR32GL,BCS3,F-HPNZ,74375,81175,,22.555,20.863,-18089.115495455553,,-4032,170,48.715008234573624,15.568711130242605
4438361,117265,2026-09-27T09:12:41.536Z,39BDB9,AFR32GL,BCS3,F-HPNZ,54375,,,26.703,21.263,,,28608,170,48.65942486261917,15.767766049033753
4439333,117265,2026-09-27T09:17:50.977Z,39BDB9,AFR32GL,BCS3,F-HPNZ,100775,9175,93000,22.197,21.685,247601.02716583322,-21512.566290062256,-1536,480,48.39035292803231,16.710927862869994
4439402,117265,2026-09-27T09:18:12.662Z,39BDB9,AFR32GL,BCS3,F-HPNZ,93000,100775,,21.685,21.241,-21512.566290062256,,-1536,479,48.37110900878906,16.776968149038453
4439532,117265,2026-09-27T09:18:55.725Z,39BDB9,AFR32GL,BCS3,F-HPNZ,75000,,,21.822,21.902,,,-1536,481,48.33274841308594,16.907958984375
4440711,117265,2026-09-27T09:25:38.419Z,39BDB9,AFR32GL,BCS3,F-HPNZ,62675,,,20.838,14.17,,,-1856,429,47.97990417480469,18.078758239746094
4437318,117266,2026-09-27T09:07:00.041Z,505F15,ENT4767,B738,OM-MEX,66300,,,24.01,19.743,,,12224,,49.45449053230932,20.609089619404585
4437454,117266,2026-09-27T09:07:41.683Z,505F15,ENT4767,B738,OM-MEX,85900,,92700,21.899,0,,,12224,437,49.38941050384004,20.68609940378292
4437521,117266,2026-09-27T09:07:41.683Z,505F15,ENT4767,B738,OM-MEX,92700,85900,94300,0,0,,,20416,942,49.38941050384004,20.68609940378292
4437585,117266,2026-09-27T09:07:41.683Z,505F15,ENT4767,B738,OM-MEX,94300,92700,5100,0,62.453,,-85696.4437256817,24512,942,49.38941050384004,20.68609940378292
4437918,117268,2026-09-27T09:10:23.204Z,4A2023,HLJ5AF,A320,YR-HAC,74275,,74375,217.09,1.526,,3931.8479685452166,-28608,,47.74974060058594,13.294075012207031
4437986,117268,2026-09-27T09:10:24.730Z,4A2023,HLJ5AF,A320,YR-HAC,74375,74275,,1.526,0,3931.8479685452166,,-28608,,47.75258726992849,13.296414888822142
4437458,117269,2026-09-27T09:07:44.604Z,45AB50,SAS1694,B738,OY-JZP,54375,36375,69175,20.426,22.199,52873.788309017924,40001.801882967695,8128,,48.36530782408633,16.427379407380727
4437525,117269,2026-09-27T09:08:06.803Z,45AB50,SAS1694,B738,OY-JZP,69175,54375,87000,22.199,22.149,40001.801882967695,48286.604361370715,8128,,48.39263398768538,16.385674727590413
4437591,117269,2026-09-27T09:08:28.952Z,45AB50,SAS1694,B738,OY-JZP,87000,69175,,22.149,21.433,48286.604361370715,,16320,,48.420135498046875,16.343430739182622
4438040,117269,2026-09-27T09:10:59.729Z,45AB50,SAS1694,B738,OY-JZP,75575,,87000,21.424,21.286,,32204.265714554167,-12224,,48.61557265459481,16.041990581311666
4438104,117269,2026-09-27T09:11:21.015Z,45AB50,SAS1694,B738,OY-JZP,87000,75575,,21.286,21.488,32204.265714554167,,-16320,,48.644439697265625,15.997220552884642
4438705,117269,2026-09-27T09:14:35.270Z,45AB50,SAS1694,B738,OY-JZP,69000,,81100,21.678,21.982,,33027.02210899827,8128,,48.921478271484375,15.579669658954344
4438768,117269,2026-09-27T09:14:57.252Z,45AB50,SAS1694,B738,OY-JZP,81100,69000,,21.982,22.149,33027.02210899827,,12224,,48.9574522891287,15.539944297388956
4439319,117269,2026-09-27T09:17:50.923Z,45AB50,SAS1694,B738,OY-JZP,55500,47500,62600,21.951,20.125,21866.885335520023,21167.70186335404,1600,421,49.25943665585275,15.29600444592927
4439388,117269,2026-09-27T09:18:11.048Z,45AB50,SAS1694,B738,OY-JZP,62600,55500,62600,20.125,0,21167.70186335404,,1472,420,49.29620361328125,15.276207557091311
4439456,117269,2026-09-27T09:18:11.048Z,45AB50,SAS1694,B738,OY-JZP,62600,62600,,0,,,,1408,418,49.29620361328125,15.276207557091311
4437838,117273,2026-09-27T09:09:48.876Z,48A5F0,SRN156,SF34,SP-KPR,79900,,,21.433,21.713,,,-12224,,49.2017584331965,17.031482897306773
4437962,117273,2026-09-27T09:10:32.079Z,48A5F0,SRN156,SF34,SP-KPR,92600,,99500,21.49,21.896,,18907.563025210085,-16320,,49.21330261230469,17.078106219951906
4438031,117273,2026-09-27T09:10:53.975Z,48A5F0,SRN156,SF34,SP-KPR,99500,92600,,21.896,21.082,18907.563025210085,,-20416,,49.21921552237818,17.101954409950622
4438755,117273,2026-09-27T09:14:51.299Z,48A5F0,SRN156,SF34,SP-KPR,56300,,,21.733,22.118,,,-28608,,49.286017983646715,17.375672992907084
4438885,117273,2026-09-27T09:15:34.883Z,48A5F0,SRN156,SF34,SP-KPR,67000,,,21.466,22.12,,,4032,,49.299041748046875,17.4298095703125
4439164,117273,2026-09-27T09:17:08.000Z,48A5F0,SRN156,SF34,SP-KPR,85800,,87800,21.494,21.405,,5606.166783461807,576,175,49.33515930175781,17.536433293269283
4439231,117273,2026-09-27T09:17:29.405Z,48A5F0,SRN156,SF34,SP-KPR,87800,85800,,21.405,21.705,5606.166783461807,,832,174,49.350860595703125,17.547419621394283
4437713,117274,2026-09-27T09:09:08.981Z,471F67,WZZ219,A321,HA-LXF,66200,,66375,,3.975,,2641.509433962264,-4032,423,48.72724914550781,14.543715256911128
4437778,117274,2026-09-27T09:09:12.956Z,471F67,WZZ219,A321,HA-LXF,66375,66200,66200,3.975,0,2641.509433962264,,-4032,423,48.72189796577065,14.552837171052602
4437843,117274,2026-09-27T09:09:12.956Z,471F67,WZZ219,A321,HA-LXF,66200,66375,66200,0,0,,,-4032,423,48.72189796577065,14.552837171052602
4437905,117274,2026-09-27T09:09:12.956Z,471F67,WZZ219,A321,HA-LXF,66200,66200,,0,126.797,,,-4032,423,48.72189796577065,14.552837171052602
4437762,117275,2026-09-27T09:09:21.617Z,471DBF,WZZ4GN,A21N,HA-LGX,62775,,,,18.992,,,-16320,,47.333384368379235,15.521921011117797
4438146,117275,2026-09-27T09:11:21.555Z,471DBF,WZZ4GN,A21N,HA-LGX,62775,,62775,48.005,26.136,,0,-12224,,47.56000066207627,15.623544546274047
4438209,117275,2026-09-27T09:11:47.691Z,471DBF,WZZ4GN,A21N,HA-LGX,62775,62775,62675,26.136,18.242,0,-328.9113035851332,-12224,,47.60943913863877,15.645939753605717
4438276,117275,2026-09-27T09:12:05.933Z,471DBF,WZZ4GN,A21N,HA-LGX,62675,62775,,18.242,0,-328.9113035851332,,-12224,,47.64390563964844,15.66156005859375
4438474,117275,2026-09-27T09:13:17.775Z,471DBF,WZZ4GN,A21N,HA-LGX,66375,,66275,25.834,21.219,,-282.76544606249115,-12224,,47.780704821570446,15.723477877103392
4438541,117275,2026-09-27T09:13:38.994Z,471DBF,WZZ4GN,A21N,HA-LGX,66275,66375,,21.219,20.671,-282.76544606249115,,-12224,,47.82124328613281,15.741966247558594
4438736,117275,2026-09-27T09:14:09.411Z,471DBF,WZZ4GN,A21N,HA-LGX,66275,,66375,0,41.588,,144.2723862652688,-12224,,47.87925590903072,15.768479567307622
4438801,117275,2026-09-27T09:14:50.999Z,471DBF,WZZ4GN,A21N,HA-LGX,66375,66275,66375,41.588,37.612,144.2723862652688,0,-8128,,47.95867402674788,15.804818960336547
4438867,117275,2026-09-27T09:15:28.611Z,471DBF,WZZ4GN,A21N,HA-LGX,66375,66375,,37.612,5.726,0,,-12224,,48.030411025225106,15.837355393629878
4439267,117275,2026-09-27T09:17:29.487Z,471DBF,WZZ4GN,A21N,HA-LGX,66375,,66200,23.499,13.93,,-753.7688442211055,0,438,48.259122169623936,15.955039576480203
4439336,117275,2026-09-27T09:17:43.417Z,471DBF,WZZ4GN,A21N,HA-LGX,66200,66375,66375,13.93,27.549,-753.7688442211055,381.1390613089404,0,438,48.284271240234375,15.974191518930297
4439405,117275,2026-09-27T09:18:10.966Z,471DBF,WZZ4GN,A21N,HA-LGX,66375,66200,66375,27.549,4.946,381.1390613089404,0,0,438,48.33416437698623,16.01127222964635
4439473,117275,2026-09-27T09:18:15.912Z,471DBF,WZZ4GN,A21N,HA-LGX,66375,66375,,4.946,37.502,0,,0,436,48.34310240664724,16.017849570826456
4440579,117275,2026-09-27T09:24:55.519Z,471DBF,WZZ4GN,A21N,HA-LGX,66200,,,21.189,21.6,,,0,432,49.06068420410156,16.557664137620122
4440752,117275,2026-09-27T09:26:00.290Z,471DBF,WZZ4GN,A21N,HA-LGX,62700,,62600,20.997,21.602,,-277.75205999444495,0,433,49.176340911347985,16.646238628186666
4440809,117275,2026-09-27T09:26:21.892Z,471DBF,WZZ4GN,A21N,HA-LGX,62600,62700,,21.602,22.005,-277.75205999444495,,0,433,49.21490478515625,16.675908015324467
4441450,117275,2026-09-27T09:29:59.495Z,471DBF,WZZ4GN,A21N,HA-LGX,66300,,66225,21.327,21.903,,-205.45130803999453,0,436,49.604202529131356,16.97840510187916
4441518,117275,2026-09-27T09:30:21.398Z,471DBF,WZZ4GN,A21N,HA-LGX,66225,66300,66300,21.903,20.75,-205.45130803999453,216.86746987951807,0,436,49.64332580566406,17.009148848684163
4441579,117275,2026-09-27T09:30:42.148Z,471DBF,WZZ4GN,A21N,HA-LGX,66300,66225,66225,20.75,22.31,216.86746987951807,-201.70327207530258,0,436,49.68054819915254,17.038384514886047
4441644,117275,2026-09-27T09:31:04.458Z,471DBF,WZZ4GN,A21N,HA-LGX,66225,66300,,22.31,21.162,-201.70327207530258,,0,436,49.72041320800781,17.06971821032073
4437764,117276,2026-09-27T09:09:19.740Z,4CAFB4,,B738,EI-GSH,98275,,,,0,,,-24512,938,47.15061950683594,13.022781372070312
4438841,117277,2026-09-27T09:15:19.099Z,48C232,RYR88MT,B738,SP-RST,99900,,98200,22.17,4.153,,-24560.55863231399,-24512,311,48.90103097689354,20.979116339432494
4438906,117277,2026-09-27T09:15:23.252Z,48C232,RYR88MT,B738,SP-RST,98200,99900,,4.153,0,-24560.55863231399,,-24512,305,48.9085693359375,20.977548452524047
4441355,117278,2026-09-27T09:29:16.107Z,48C239,RYR9694,B738,SP-RSQ,98300,3400,85900,21.083,21.273,270075.41621211404,-34973.910590889864,-2240,435,49.415107339115465,17.409643875925212
4441417,117278,2026-09-27T09:29:37.380Z,48C239,RYR9694,B738,SP-RSQ,85900,98300,73000,21.273,22.088,-34973.910590889864,-35041.651575516116,-2176,430,49.45132498013771,17.443690944362288
4441481,117278,2026-09-27T09:29:59.468Z,48C239,RYR9694,B738,SP-RSQ,73000,85900,,22.088,21.903,-35041.651575516116,,-2112,425,49.48841857910156,17.47866981907896
4438302,117279,2026-09-27T09:12:21.633Z,4BB84E,PGT1176,A20N,TC-NBN,62775,,62775,20.944,2.57,,0,-4032,412,48.57199975999735,15.324843557257395
4438369,117279,2026-09-27T09:12:24.203Z,4BB84E,PGT1176,A20N,TC-NBN,62775,62775,62600,2.57,32.793,0,-320.19028451193856,-4032,412,48.5692531779661,15.33199912623354
4438432,117279,2026-09-27T09:12:56.996Z,4BB84E,PGT1176,A20N,TC-NBN,62600,62775,62600,32.793,0,-320.19028451193856,,-4032,156,48.53407287597656,15.423184908353392
4438499,117279,2026-09-27T09:12:56.996Z,4BB84E,PGT1176,A20N,TC-NBN,62600,62600,,0,0,,,-4032,156,48.53407287597656,15.423184908353392
4438631,117279,2026-09-27T09:13:58.274Z,4BB84E,PGT1176,A20N,TC-NBN,62600,,,61.278,56.067,,,-4032,156,48.46797180175781,15.593120868389406
4438962,117279,2026-09-27T09:15:59.160Z,4BB84E,PGT1176,A20N,TC-NBN,66200,,35000,22.364,20.151,,-92898.61545332738,-4032,924,48.337005615234375,15.927499624399047
4439754,117279,2026-09-27T09:20:01.531Z,4BB84E,PGT1176,A20N,TC-NBN,66200,,66375,23.287,21.3,,492.95774647887316,0,463,48.052001953125,16.574249267578125
4439819,117279,2026-09-27T09:20:22.831Z,4BB84E,PGT1176,A20N,TC-NBN,66375,66200,,21.3,21.848,492.95774647887316,,0,463,48.0262213238215,16.630061222956783
4439949,117279,2026-09-27T09:21:06.415Z,4BB84E,PGT1176,A20N,TC-NBN,66275,,,21.736,22.147,,,0,462,47.9732666015625,16.74433135986328
4440410,117279,2026-09-27T09:23:51.512Z,4BB84E,PGT1176,A20N,TC-NBN,62775,,,22.31,20.18,,,0,460,47.772651284427965,17.173321063701906
4440762,117279,2026-09-27T09:26:00.471Z,4BB84E,PGT1176,A20N,TC-NBN,66375,,,21.401,21.53,,,0,458,47.61563058626854,17.504319411057622
4441155,117279,2026-09-27T09:28:10.626Z,4BB84E,PGT1176,A20N,TC-NBN,62675,34975,62775,21.892,18.292,75918.1436141056,328.0122457905095,0,457,47.4569091796875,17.834930419921875
4441221,117279,2026-09-27T09:28:28.918Z,4BB84E,PGT1176,A20N,TC-NBN,62775,62675,62775,18.292,25.396,328.0122457905095,0,0,457,47.43454238115731,17.881234975961547
4441289,117279,2026-09-27T09:28:54.314Z,4BB84E,PGT1176,A20N,TC-NBN,62775,62775,,25.396,20.071,0,,0,457,47.4033989340572,17.94546274038464
4438479,117281,2026-09-27T09:13:17.803Z,502D0D,AUA27PQ,BCS3,YL-AAQ,55900,,43400,136.592,8.244,,-90975.25473071325,12224,,48.87528758938029,15.790461490028747
4438936,117281,2026-09-27T09:15:50.122Z,502D0D,AUA27PQ,BCS3,YL-AAQ,81575,,75175,22.116,18.149,,-21158.190533913716,-24512,,48.634845281051376,15.941668058696564
4439002,117281,2026-09-27T09:16:08.271Z,502D0D,AUA27PQ,BCS3,YL-AAQ,75175,81575,9850,18.149,12.798,-21158.190533913716,-306258.7904360056,-20416,,48.60896223682468,15.957858436986044
4439108,117281,2026-09-27T09:16:45.336Z,502D0D,AUA27PQ,BCS3,YL-AAQ,62375,9850,55000,24.267,22.734,129867.72159723082,-19464.238585378727,-1344,314,48.55770822298729,15.989805522717916
4439174,117281,2026-09-27T09:17:08.070Z,502D0D,AUA27PQ,BCS3,YL-AAQ,55000,62375,48200,22.734,21.472,-19464.238585378727,-19001.49031296572,-1344,308,48.52766418457031,16.008488581730717
4439612,117282,2026-09-27T09:19:17.628Z,516091,MNE344,E195,4O-AOA,80375,,,24.145,21.242,,,-832,418,48.29385013903602,16.202593351665314
4439744,117282,2026-09-27T09:20:00.962Z,516091,MNE344,E195,4O-AOA,62200,,,22.092,20.762,,,-1600,419,48.3779296875,16.2030029296875
4440314,117282,2026-09-27T09:23:08.473Z,516091,MNE344,E195,4O-AOA,87175,,,22.964,21.572,,,-576,431,48.74885171146716,16.2007863898026
4440426,117282,2026-09-27T09:23:51.540Z,516091,MNE344,E195,4O-AOA,86600,,,21.495,20.699,,,64,423,48.82283020019531,16.142437274639406
4439368,117285,2026-09-27T09:18:12.553Z,8990F3,CAL068,A359,B-18906,67800,,,21.194,20.535,,,704,528,48.919921875,17.386850210336547
4439573,117285,2026-09-27T09:19:13.935Z,8990F3,CAL068,A359,B-18906,79000,,,18.319,25.236,,,640,533,48.832305908203125,17.572209284855717
4439841,117285,2026-09-27T09:20:45.281Z,8990F3,CAL068,A359,B-18906,92775,,,22.009,21.513,,,512,539,48.69983220504502,17.85003662109375
4438295,117289,2026-09-27T09:12:19.773Z,4D24D4,WMT4TG,A321,9H-WDV,80300,,,,20.071,,,-8128,695,49.13402492717161,14.515035528885619
4439211,117289,2026-09-27T09:16:32.127Z,4D24D4,WMT4TG,A321,9H-WDV,80600,,80775,0,55.262,,190.00398103579312,0,460,48.61033630371094,14.356313852163453
4439277,117289,2026-09-27T09:17:27.389Z,4D24D4,WMT4TG,A321,9H-WDV,80775,80600,80775,55.262,0,190.00398103579312,,0,460,48.495793746689614,14.319522255345419
4439346,117289,2026-09-27T09:17:27.389Z,4D24D4,WMT4TG,A321,9H-WDV,80775,80775,80775,0,44.86,,0,0,460,48.495793746689614,14.319522255345419
4439415,117289,2026-09-27T09:18:12.249Z,4D24D4,WMT4TG,A321,9H-WDV,80775,80775,,44.86,21.6,0,,-64,459,48.40152546510858,14.289598966899689
4440019,117289,2026-09-27T09:21:30.661Z,4D24D4,WMT4TG,A321,9H-WDV,80375,,36000,150.677,9.36,,-284455.1282051282,0,457,47.99172611559852,14.16046142578125
4438348,117291,2026-09-27T09:12:34.738Z,4D24B3,WMT906,A321,9H-WDS,80700,,80700,,12.072,,0,4032,436,49.612628484176376,28.821072965054896
4438413,117291,2026-09-27T09:12:46.810Z,4D24B3,WMT906,A321,9H-WDS,80700,80700,80625,12.072,27.904,0,-161.2672018348624,8128,180,49.58902649960275,28.804964632601354
4438478,117291,2026-09-27T09:13:14.714Z,4D24B3,WMT906,A321,9H-WDS,80625,80700,,27.904,7.508,-161.2672018348624,,8128,692,49.534515380859375,19.03800562808385
4438741,117291,2026-09-27T09:14:45.225Z,4D24B3,WMT906,A321,9H-WDS,80300,,80200,22.432,21.26,,-282.2201317027281,12224,686,49.37716726529396,28.352026688425212
4438805,117291,2026-09-27T09:15:06.485Z,4D24B3,WMT906,A321,9H-WDS,80200,80300,80300,21.26,22.391,-282.2201317027281,267.96480728864276,12224,686,49.345550537109375,18.832327035757203
4438871,117291,2026-09-27T09:15:28.876Z,4D24B3,WMT906,A321,9H-WDS,80300,80200,80300,22.391,21.679,267.96480728864276,0,12224,686,49.31222689353813,28.257847836143128
4438935,117291,2026-09-27T09:15:50.555Z,4D24B3,WMT906,A321,9H-WDS,80300,80300,80300,21.679,22.04,0,0,12224,686,49.27977998377913,28.21130049856083
4439001,117291,2026-09-27T09:16:12.595Z,4D24B3,WMT906,A321,9H-WDS,80300,80300,35975,22.04,9.91,0,-268365.28758829465,12224,686,49.24682099940413,28.16403037623354
4439112,117291,2026-09-27T09:16:46.643Z,4D24B3,WMT906,A321,9H-WDS,80200,35975,,24.138,20.179,109930.40019885656,,0,444,49.195953369140625,18.61724853515625
4439587,117291,2026-09-27T09:19:17.108Z,4D24B3,WMT906,A321,9H-WDS,80600,,80700,23.352,21.082,,284.60297884451194,64,445,48.97041320800781,18.29610971304089
4439655,117291,2026-09-27T09:19:38.190Z,4D24B3,WMT906,A321,9H-WDS,80700,80600,,21.082,22.662,284.60297884451194,,0,445,48.93841242386123,18.250965319181773
4440155,117291,2026-09-27T09:22:03.651Z,4D24B3,WMT906,A321,9H-WDS,80375,35975,80200,24.051,20.671,110764.62517151055,-507.9580088046055,0,446,48.7191513837394,17.942986739309163
4440212,117291,2026-09-27T09:22:24.322Z,4D24B3,WMT906,A321,9H-WDS,80200,80375,80200,20.671,22.552,-507.9580088046055,0,0,447,48.68792724609375,17.899404672475953
4440270,117291,2026-09-27T09:22:46.874Z,4D24B3,WMT906,A321,9H-WDS,80200,80200,80200,22.552,20.13,0,0,0,447,48.653778076171875,17.851797250600953
4440327,117291,2026-09-27T09:23:07.004Z,4D24B3,WMT906,A321,9H-WDS,80200,80200,,20.13,22.308,0,,0,447,48.62315368652344,17.809330866886967
4440671,117291,2026-09-27T09:25:17.392Z,4D24B3,WMT906,A321,9H-WDS,80775,,80775,22.091,19.96,,0,0,451,48.423777434785485,17.534251965974477
4440728,117291,2026-09-27T09:25:37.352Z,4D24B3,WMT906,A321,9H-WDS,80775,80775,80775,19.96,22.721,0,0,0,452,48.39305295782574,17.49211361533719
4440783,117291,2026-09-27T09:26:00.073Z,4D24B3,WMT906,A321,9H-WDS,80775,80775,80600,22.721,20.517,0,-511.770726714432,0,452,48.358045674986755,17.44412070826479
4440836,117291,2026-09-27T09:26:20.590Z,4D24B3,WMT906,A321,9H-WDS,80600,80775,80600,20.517,13.94,-511.770726714432,0,0,451,48.32661437988281,17.40121694711536
4440892,117291,2026-09-27T09:26:34.530Z,4D24B3,WMT906,A321,9H-WDS,80600,80600,80775,13.94,30.48,0,344.48818897637796,0,451,48.30491638183594,17.371708796574467
4440953,117291,2026-09-27T09:27:05.010Z,4D24B3,WMT906,A321,9H-WDS,80775,80600,,30.48,22.416,344.48818897637796,,-64,451,48.25795836367849,17.30780350534542
4442512,117291,2026-09-27T09:35:41.649Z,4D24B3,WMT906,A321,9H-WDS,79975,,75175,19.006,22.614,,-12735.473600424515,-576,454,47.45358224642479,16.23779296875
4442578,117291,2026-09-27T09:36:04.263Z,4D24B3,WMT906,A321,9H-WDS,75175,79975,73975,22.614,24.658,-12735.473600424515,-2919.944845486252,-448,452,47.418155993445446,16.191664475661128
4442644,117291,2026-09-27T09:36:28.921Z,4D24B3,WMT906,A321,9H-WDS,73975,75175,,24.658,18.401,-2919.944845486252,,-448,454,47.37942453158104,16.14138089693506
4442841,117291,2026-09-27T09:37:18.291Z,4D24B3,WMT906,A321,9H-WDS,66750,,,7.294,33.857,,,-512,454,47.3016357421875,16.04067288912256
4438504,117293,2026-09-27T09:13:26.241Z,39DE40,TVF47TR,A20N,F-HXSA,79475,,94275,20.811,21.816,,40704.07040704071,20416,,47.993408203125,16.086456298828125
4438570,117293,2026-09-27T09:13:48.057Z,39DE40,TVF47TR,A20N,F-HXSA,94275,79475,,21.816,22.691,40704.07040704071,,28608,,47.99739074707031,16.035507202148438
4438894,117293,2026-09-27T09:15:37.557Z,39DE40,TVF47TR,A20N,F-HXSA,68600,,80600,21.846,21.984,,32751.09170305677,-24512,,48.00984191894531,15.77032470703125
4438960,117293,2026-09-27T09:15:59.541Z,39DE40,TVF47TR,A20N,F-HXSA,80600,68600,24200,21.984,21.55,32751.09170305677,-157030.16241299303,-24512,,48.00819396972656,15.713951110839844
4439601,117293,2026-09-27T09:19:17.628Z,39DE40,TVF47TR,A20N,F-HXSA,75475,,,23.217,17.273,,,1536,408,47.99336242675781,15.180152893066406
4439800,117293,2026-09-27T09:20:22.152Z,39DE40,TVF47TR,A20N,F-HXSA,99475,,2775,21.574,22.856,,-253850.19250962549,1408,421,47.98773193359375,14.995925903320312
4438835,117294,2026-09-27T09:15:06.785Z,44001B,AUA22D,A320,OE-LBO,99000,,80600,9.069,34.239,,-32243.932357837555,-12224,931,48.58795166015625,15.271489070011967
4438901,117294,2026-09-27T09:15:41.024Z,44001B,AUA22D,A320,OE-LBO,80600,99000,,34.239,21.356,-32243.932357837555,,-8128,927,48.554534912109375,15.354590782752439
4439161,117294,2026-09-27T09:17:03.931Z,44001B,AUA22D,A320,OE-LBO,54775,16225,,45.484,21.954,50853.04722539794,,-1728,357,48.51390256720074,15.558013916015625
4439571,117294,2026-09-27T09:19:14.214Z,44001B,AUA22D,A320,OE-LBO,99175,5000,,22.998,21.953,245695.27785024783,,-1536,334,48.432110285354874,15.825299714740936
4439704,117294,2026-09-27T09:19:58.232Z,44001B,AUA22D,A320,OE-LBO,86200,,81000,22.065,20.04,,-15568.862275449104,-704,303,48.384429931640625,15.892357459435061
4439774,117294,2026-09-27T09:20:18.272Z,44001B,AUA22D,A320,OE-LBO,81000,86200,,20.04,23.618,-15568.862275449104,,-832,285,48.3687744140625,15.923274113581783
4439904,117294,2026-09-27T09:21:04.098Z,44001B,AUA22D,A320,OE-LBO,67575,,55175,22.208,21.323,,-34891.90076443277,-1728,259,48.333512645656775,15.993274889494273
4439973,117294,2026-09-27T09:21:25.421Z,44001B,AUA22D,A320,OE-LBO,55175,67575,8200,21.323,14.304,-34891.90076443277,-197042.78523489932,-2688,253,48.31833661612818,16.023198177940003
4438571,117296,2026-09-27T09:13:51.115Z,738058,,B738,4X-EKU,69175,,69175,,0,,,20416,436,47.48291015625,13.231623722956783
4438643,117296,2026-09-27T09:13:51.115Z,738058,,B738,4X-EKU,69175,69175,31325,0,93.614,,-24259.192001196403,20416,436,47.48291015625,13.231623722956783
4438641,117297,2026-09-27T09:13:53.173Z,501D13,9ACRO,CL64,9A-CRO,59875,,85875,3.233,234.178,,6661.599296261818,24512,,47.25608825683594,14.345466613769531
4439296,117297,2026-09-27T09:17:47.351Z,501D13,9ACRO,CL64,9A-CRO,85875,59875,85875,234.178,0,6661.599296261818,,-1216,363,47.51856994628906,13.782760620117188
4439366,117297,2026-09-27T09:17:47.351Z,501D13,9ACRO,CL64,9A-CRO,85875,85875,69175,0,46.932,,-21350.03835336231,-1216,364,47.51856994628906,13.782760620117188
4439493,117297,2026-09-27T09:18:34.283Z,501D13,9ACRO,CL64,9A-CRO,69175,85875,62775,46.932,21.578,-21350.03835336231,-17795.903234776164,-1024,374,47.56339897543697,13.685373159555297
4439558,117297,2026-09-27T09:18:55.861Z,501D13,9ACRO,CL64,9A-CRO,62775,69175,62775,21.578,0,-17795.903234776164,,-1280,379,47.58453369140625,13.639385516826906
4439625,117297,2026-09-27T09:18:55.861Z,501D13,9ACRO,CL64,9A-CRO,62775,62775,,0,,,,-1344,379,47.58453369140625,13.639385516826906
4440776,117299,2026-09-27T09:25:45.150Z,471EFC,WMT358,A321,HA-LTC,80600,,80600,6.517,29.477,,0,64,418,48.78794860839844,15.735661433293217
4440828,117299,2026-09-27T09:26:14.627Z,471EFC,WMT358,A321,HA-LTC,80600,80600,80600,29.477,29.215,0,0,0,418,48.84210205078125,15.708899864783689
4440886,117299,2026-09-27T09:26:43.842Z,471EFC,WMT358,A321,HA-LTC,80600,80600,80700,29.215,21.466,0,279.5117860803131,0,416,48.89552307128906,15.682419996995122
4440947,117299,2026-09-27T09:27:05.308Z,471EFC,WMT358,A321,HA-LTC,80700,80600,,21.466,21.6,279.5117860803131,,0,415,48.934595140360166,15.662889982524689
4441158,117299,2026-09-27T09:28:07.704Z,471EFC,WMT358,A321,HA-LTC,80300,36000,80300,19.488,24.876,136391.62561576357,0,0,413,49.04776363049523,15.606585050884064
4441223,117299,2026-09-27T09:28:32.580Z,471EFC,WMT358,A321,HA-LTC,80300,80300,80200,24.876,22.253,0,-269.62656720442186,0,413,49.09287274894068,15.584034166838023
4441292,117299,2026-09-27T09:28:54.833Z,471EFC,WMT358,A321,HA-LTC,80200,80300,80200,22.253,19.347,-269.62656720442186,0,0,413,49.13310241699219,15.563894418569703
4441366,117299,2026-09-27T09:29:14.180Z,471EFC,WMT358,A321,HA-LTC,80200,80200,80200,19.347,23.117,0,0,0,413,49.16716003417969,15.546710674579344
4441424,117299,2026-09-27T09:29:37.297Z,471EFC,WMT358,A321,HA-LTC,80200,80200,,23.117,21.816,0,,-64,414,49.2099609375,15.525160569411128
4441549,117299,2026-09-27T09:30:20.166Z,471EFC,WMT358,A321,HA-LTC,80300,,80300,21.053,20.789,,0,0,417,49.28848525225106,15.488048352693227
4441614,117299,2026-09-27T09:30:40.955Z,471EFC,WMT358,A321,HA-LTC,80300,80300,80300,20.789,19.793,0,0,64,418,49.32582014698093,15.471424303556773
4441685,117299,2026-09-27T09:31:00.748Z,471EFC,WMT358,A321,HA-LTC,80300,80300,,19.793,14.415,0,,64,419,49.36362056408898,15.454222026624166
4440172,117300,2026-09-27T09:22:25.414Z,440DA5,EJU79XD,A320,OE-IDS,94775,,,21.463,21.598,,,0,477,48.52763547735699,15.91890033922698
4440811,117300,2026-09-27T09:26:22.740Z,440DA5,EJU79XD,A320,OE-IDS,94600,,,23.887,20.338,,,0,473,48.041473388671875,16.194190979003906
4438896,117301,2026-09-27T09:15:41.253Z,408041,WUK7005,A21N,G-WUNA,54200,,,,0,,,,,48.041656494140625,20.24402618408203
4440322,117301,2026-09-27T09:23:08.337Z,408041,WUK7005,A21N,G-WUNA,55400,49400,61400,22.035,20.921,16337.644656228726,17207.590459347066,1024,408,48.38090515136719,19.10128079927881
4440375,117301,2026-09-27T09:23:29.258Z,408041,WUK7005,A21N,G-WUNA,61400,55400,67975,20.921,21.654,17207.590459347066,18218.34303131061,1024,407,48.3966064453125,19.047123835636967
4440431,117301,2026-09-27T09:23:50.912Z,408041,WUK7005,A21N,G-WUNA,67975,61400,73800,21.654,21.327,18218.34303131061,16387.67759178506,1152,404,48.412791106660485,18.991241455078125
4440489,117301,2026-09-27T09:24:12.239Z,408041,WUK7005,A21N,G-WUNA,73800,67975,79175,21.327,21.567,16387.67759178506,14953.401029350396,768,403,48.428558349609375,18.93648587740381
4440549,117301,2026-09-27T09:24:33.806Z,408041,WUK7005,A21N,G-WUNA,79175,73800,80375,21.567,22.15,14953.401029350396,3250.564334085779,768,403,48.4444931806144,28.354773270456462
4440608,117301,2026-09-27T09:24:55.956Z,408041,WUK7005,A21N,G-WUNA,80375,79175,,22.15,21.327,3250.564334085779,,0,403,48.46078646385063,28.297890111019797
4441147,117301,2026-09-27T09:28:08.766Z,408041,WUK7005,A21N,G-WUNA,80375,35975,80375,21.404,22.641,124462.7172491123,0,0,401,48.60118801310911,18.329604299444895
4441210,117301,2026-09-27T09:28:31.407Z,408041,WUK7005,A21N,G-WUNA,80375,80375,80375,22.641,22.798,0,0,0,401,48.61748129634534,18.271275570518128
4441280,117301,2026-09-27T09:28:54.205Z,408041,WUK7005,A21N,G-WUNA,80375,80375,80375,22.798,21.957,0,0,0,402,48.63396078853284,18.212657727693227
4441349,117301,2026-09-27T09:29:16.162Z,408041,WUK7005,A21N,G-WUNA,80375,80375,80375,21.957,21.656,0,0,0,402,48.64969544491525,18.15613596062917
4441413,117301,2026-09-27T09:29:37.818Z,408041,WUK7005,A21N,G-WUNA,80375,80375,,21.656,21.623,0,,0,402,48.665290444584215,18.100192421361044
4439210,117302,2026-09-27T09:17:06.658Z,502D59,BTI9TZ,BCS3,YL-ABH,80300,,80225,24.958,22.884,,-196.6439433665443,-64,426,49.86815371755826,17.920408506651142
4439281,117302,2026-09-27T09:17:29.542Z,502D59,BTI9TZ,BCS3,YL-ABH,80225,80300,,22.884,21.847,-196.6439433665443,,0,424,49.84117126464844,17.864781429893128
4439941,117302,2026-09-27T09:21:06.904Z,502D59,BTI9TZ,BCS3,YL-ABH,80300,,80300,21.816,22.148,,0,0,426,49.58371954449152,17.342438568939997
4440012,117302,2026-09-27T09:21:29.052Z,502D59,BTI9TZ,BCS3,YL-ABH,80300,80300,35975,22.148,12.726,0,-208981.61244695898,0,426,49.55704511222193,17.28914003114437
4440296,117302,2026-09-27T09:23:08.391Z,502D59,BTI9TZ,BCS3,YL-ABH,80200,,,21.353,21.463,,,0,426,49.43760681152344,17.05135947779604
4440647,117302,2026-09-27T09:25:17.365Z,502D59,BTI9TZ,BCS3,YL-ABH,80200,,,21.628,21.596,,,0,425,49.28192138671875,16.744642991286128
4440995,117302,2026-09-27T09:27:27.782Z,502D59,BTI9TZ,BCS3,YL-ABH,80200,,36000,22.719,20.501,,-129359.54343690551,0,429,49.1231689453125,16.435476449819703
4441131,117302,2026-09-27T09:28:11.581Z,502D59,BTI9TZ,BCS3,YL-ABH,80200,36000,80200,23.298,21.056,113829.51326294104,0,0,430,49.06938171386719,16.331599308894283
4441195,117302,2026-09-27T09:28:32.637Z,502D59,BTI9TZ,BCS3,YL-ABH,80200,80200,,21.056,22.168,0,,0,431,49.04351806640625,16.28173828125
4441591,117302,2026-09-27T09:30:42.066Z,502D59,BTI9TZ,BCS3,YL-ABH,80300,,,20.968,22.419,,,0,435,48.882549738479874,15.973615144428436
4442059,117302,2026-09-27T09:33:13.322Z,502D59,BTI9TZ,BCS3,YL-ABH,80200,,,24.143,22.907,,,0,434,48.69282531738281,15.615023099459108
4442439,117302,2026-09-27T09:35:09.956Z,502D59,BTI9TZ,BCS3,YL-ABH,80200,,,37.277,33.909,,,-64,434,48.5460205078125,15.340857872596189
4442566,117302,2026-09-27T09:36:06.307Z,502D59,BTI9TZ,BCS3,YL-ABH,80200,,80375,22.442,21.903,,479.3863854266539,0,432,48.474700927734375,15.208528958834108
4442633,117302,2026-09-27T09:36:28.210Z,502D59,BTI9TZ,BCS3,YL-ABH,80375,80200,80375,21.903,3.956,479.3863854266539,0,-64,432,48.44714665817002,15.157663445723642
4442695,117302,2026-09-27T09:36:32.166Z,502D59,BTI9TZ,BCS3,YL-ABH,80375,80375,80200,3.956,39.732,0,-264.2706131078224,-64,432,48.44207246424788,15.148339522512288
4442757,117302,2026-09-27T09:37:11.898Z,502D59,BTI9TZ,BCS3,YL-ABH,80200,80375,,39.732,21.795,-264.2706131078224,,0,433,48.39198303222656,15.056058443509642
4439629,117309,2026-09-27T09:19:23.675Z,48ADA2,LOT7CR,E195,SP-LNC,53800,,,21.946,21.992,,,832,475,49.27207946777344,19.639117901141844
4439500,117310,2026-09-27T09:18:43.327Z,44007C,AUA3AG,B772,OE-LPC,60375,48600,68600,21.22,21.491,33294.062205466544,22963.100832906795,1792,377,48.402223748675844,16.260849802117605
4439566,117310,2026-09-27T09:19:04.818Z,44007C,AUA3AG,B772,OE-LPC,68600,60375,80375,21.491,21.924,22963.100832906795,32224.95894909688,1728,380,48.422698974609375,16.213496281550533
4439634,117310,2026-09-27T09:19:26.742Z,44007C,AUA3AG,B772,OE-LPC,80375,68600,,21.924,22.15,32224.95894909688,,1856,383,48.44374834480932,16.164647152549378
4440336,117310,2026-09-27T09:23:29.449Z,44007C,AUA3AG,B772,OE-LPC,74775,,,20.863,21.267,,,1152,415,48.684888936705505,15.599429481907919
4440451,117310,2026-09-27T09:24:11.692Z,44007C,AUA3AG,B772,OE-LPC,87800,,,20.976,21.077,,,1216,422,48.728759765625,15.495229867788453
4439224,117312,2026-09-27T09:17:14.091Z,49C2C7,OKMUU56,FDCT,OK-MUU56,67500,,67500,,13.979,,0,,,48.9904112735037,16.98052657277958
4439291,117312,2026-09-27T09:17:28.070Z,49C2C7,OKMUU56,FDCT,OK-MUU56,67500,67500,67500,13.979,0,0,,,101,48.98826987056409,16.98977821751646
4439358,117312,2026-09-27T09:17:28.070Z,49C2C7,OKMUU56,FDCT,OK-MUU56,67500,67500,,0,0,,,,99,48.98826987056409,16.98977821751646
4439564,117312,2026-09-27T09:18:58.292Z,49C2C7,OKMUU56,FDCT,OK-MUU56,67800,,67800,19.989,24.165,,0,,98,48.97434997558594,17.048527644230717
4439631,117312,2026-09-27T09:19:22.457Z,49C2C7,OKMUU56,FDCT,OK-MUU56,67800,67800,67900,24.165,23.376,0,256.6735112936345,,99,48.97059631347656,17.064091609074467
4439698,117312,2026-09-27T09:19:45.833Z,49C2C7,OKMUU56,FDCT,OK-MUU56,67900,67800,67900,23.376,21.924,256.6735112936345,0,,101,48.96690239340572,17.079620361328125
4439764,117312,2026-09-27T09:20:07.757Z,49C2C7,OKMUU56,FDCT,OK-MUU56,67900,67900,,21.924,21.876,0,,,102,48.96341097556938,17.094365170127503
4440341,117312,2026-09-27T09:23:29.909Z,49C2C7,OKMUU56,FDCT,OK-MUU56,67800,,67800,22.279,21.176,,0,,101,48.93141174316406,17.229168231670656
4440398,117312,2026-09-27T09:23:51.085Z,49C2C7,OKMUU56,FDCT,OK-MUU56,67800,67800,67800,21.176,21.671,0,0,,103,48.928802490234375,17.243816669170656
4440457,117312,2026-09-27T09:24:12.756Z,49C2C7,OKMUU56,FDCT,OK-MUU56,67800,67800,,21.671,21.682,0,,,103,48.926605224609375,17.259028508113033
4441115,117312,2026-09-27T09:28:10.872Z,49C2C7,OKMUU56,FDCT,OK-MUU56,69100,3350,,22.087,22.227,178611.85312627337,,,105,48.90489481263241,17.426340203536142
4441578,117312,2026-09-27T09:30:42.776Z,49C2C7,OKMUU56,FDCT,OK-MUU56,68600,,,23.097,21.084,,,,102,48.890716552734375,17.5360107421875
4441708,117312,2026-09-27T09:31:26.060Z,49C2C7,OKMUU56,FDCT,OK-MUU56,69100,,,22.2,18.702,,,,103,48.88669288764565,17.566126773231872
4439491,117314,2026-09-27T09:18:30.384Z,502CD7,AUA312U,BCS3,YL-CSH,99800,11000,,21.545,12.424,247296.3564632165,,-3072,423,48.61180114746094,15.209514911358156
4439960,117314,2026-09-27T09:21:12.395Z,502CD7,AUA312U,BCS3,YL-CSH,100600,4200,94200,21.244,19.198,272265.1101487479,-20002.08355036983,-1024,365,48.459503173828125,15.601078913761967
4440026,117314,2026-09-27T09:21:31.593Z,502CD7,AUA312U,BCS3,YL-CSH,94200,100600,11050,19.198,10.274,-20002.08355036983,-485594.7050807865,-1984,351,48.44343566894531,15.642136793870122
4440154,117314,2026-09-27T09:22:03.951Z,502CD7,AUA312U,BCS3,YL-CSH,81800,11050,75400,22.084,21.053,192220.61220793336,-18239.680805585904,-1280,325,48.417572021484375,15.707913912259642
4440211,117314,2026-09-27T09:22:25.004Z,502CD7,AUA312U,BCS3,YL-CSH,75400,81800,72600,21.053,14.609,-18239.680805585904,-11499.760421657882,-1152,307,48.402099609375,15.747352013221189
4440269,117314,2026-09-27T09:22:39.613Z,502CD7,AUA312U,BCS3,YL-CSH,72600,75400,,14.609,28.86,-11499.760421657882,,-1536,296,48.391845703125,15.773479755108156
4440727,117314,2026-09-27T09:25:13.866Z,502CD7,AUA312U,BCS3,YL-CSH,99975,4375,99975,0,0,,,-1472,262,48.29054493015095,16.02934184827302
4440782,117314,2026-09-27T09:25:13.866Z,502CD7,AUA312U,BCS3,YL-CSH,99975,99975,,0,,,,-1472,262,48.29054493015095,16.02934184827302
4439825,117317,2026-09-27T09:20:25.864Z,452198,EAF9787,A320,LZ-EAN,85500,,88300,21.516,22.417,,7494.31235223268,960,318,48.88985843981727,16.678257992393128
4439888,117317,2026-09-27T09:20:48.281Z,452198,EAF9787,A320,LZ-EAN,88300,85500,94600,22.417,21.739,7494.31235223268,17388.10432862597,1024,339,48.857690843485166,16.66047748766448
4439952,117317,2026-09-27T09:21:10.020Z,452198,EAF9787,A320,LZ-EAN,94600,88300,5000,21.739,21.655,17388.10432862597,-248256.75363657353,1536,364,48.82420349121094,16.642103928786128
4440346,117317,2026-09-27T09:23:29.854Z,452198,EAF9787,A320,LZ-EAN,59975,,,21.654,20.948,,,1024,386,48.64736783302436,16.39579371402135
4440462,117317,2026-09-27T09:24:12.702Z,452198,EAF9787,A320,LZ-EAN,67000,,,21.9,21.818,,,512,388,48.59513854980469,16.311105581430297
4440640,117317,2026-09-27T09:25:17.554Z,452198,EAF9787,A320,LZ-EAN,79800,,,21.434,21.134,,,1216,393,48.51512145996094,16.182086651141844
4441199,117317,2026-09-27T09:28:33.155Z,452198,EAF9787,A320,LZ-EAN,56200,49000,66200,21.573,21.623,20025.03128911139,27748.231050270544,1408,422,48.263946533203125,15.780099722055297
4441269,117317,2026-09-27T09:28:54.778Z,452198,EAF9787,A320,LZ-EAN,66200,56200,,21.623,21.248,27748.231050270544,,1152,428,48.23478698730469,15.733900803786128
4441466,117317,2026-09-27T09:29:59.386Z,452198,EAF9787,A320,LZ-EAN,92775,,,21.706,21.467,,,1856,434,48.146000231726696,15.593684269831783
4442123,117317,2026-09-27T09:33:35.765Z,452198,EAF9787,A320,LZ-EAN,54775,48275,60775,22.443,20.892,17377.355968453412,17231.47616312464,1024,464,47.83572956667108,15.109018179086547
4442188,117317,2026-09-27T09:33:56.657Z,452198,EAF9787,A320,LZ-EAN,60775,54775,,20.892,13.842,17231.47616312464,,1024,466,47.80463267180879,15.060988206129878
4442586,117317,2026-09-27T09:36:07.320Z,452198,EAF9787,A320,LZ-EAN,98775,,,25.204,1.475,,,1024,469,47.608135675979874,14.759145883413453
4440213,117320,2026-09-27T09:22:25.031Z,407464,BAW716,A20N,G-TTNA,94775,,,21.272,6.089,,,0,476,48.37256997318591,14.468994140625
4440328,117320,2026-09-27T09:23:08.418Z,407464,BAW716,A20N,G-TTNA,94775,,,37.298,21.14,,,0,475,48.329974675582626,14.596927040501669
4442698,117320,2026-09-27T09:36:50.681Z,407464,BAW716,A20N,G-TTNA,98275,,98275,22.198,21.49,,0,0,476,47.49604797363281,16.980743408203125
4442762,117320,2026-09-27T09:37:12.171Z,407464,BAW716,A20N,G-TTNA,98275,98275,,21.49,22.722,0,,0,477,47.47352600097656,17.042129516601562
4440601,117322,2026-09-27T09:24:55.301Z,4BB264,THY1YM,A21N,TC-LSD,66300,,,21.44,22.037,,,0,491,49.234112238479874,16.852232280530416
4440883,117322,2026-09-27T09:26:43.815Z,4BB264,THY1YM,A21N,TC-LSD,62600,,62600,21.843,21.712,,0,0,491,49.068511962890625,17.129094050480717
4440941,117322,2026-09-27T09:27:05.527Z,4BB264,THY1YM,A21N,TC-LSD,62600,62600,62600,21.712,20.758,0,0,0,491,49.035186767578125,17.1844482421875
4441001,117322,2026-09-27T09:27:26.285Z,4BB264,THY1YM,A21N,TC-LSD,62600,62600,34975,20.758,13.945,0,-118859.80638221586,0,490,49.003692626953125,17.236774151141844
4441483,117322,2026-09-27T09:29:55.703Z,4BB264,THY1YM,A21N,TC-LSD,66375,,,31.124,24.545,,,0,491,48.77724857653602,17.61961284436677
4439837,117323,2026-09-27T09:20:42.168Z,406ADE,EXS32VA,A321,G-HLYB,66275,,66350,,3.194,,1408.891671884784,-128,457,47.212646484375,12.775726318359375
4439907,117323,2026-09-27T09:20:45.362Z,406ADE,EXS32VA,A321,G-HLYB,66350,66275,35000,3.194,49.153,1408.891671884784,-38268.26439891767,0,457,47.20736746060646,12.781888521634642
4439896,117324,2026-09-27T09:20:52.763Z,44D2B6,TFL70K,B738,OO-TUV,94675,36975,94675,0.032,0,108187500,,0,456,47.415435791015625,12.981170654296875
4439964,117324,2026-09-27T09:20:52.763Z,44D2B6,TFL70K,B738,OO-TUV,94675,94675,,0,347.998,,,0,456,47.415435791015625,12.981170654296875
4440921,117324,2026-09-27T09:26:46.001Z,44D2B6,TFL70K,B738,OO-TUV,94750,,,5.24,,,,0,453,46.8946295269465,13.756925142728392
4439902,117326,2026-09-27T09:20:57.647Z,4BAA55,THY46P,A321,TC-JRU,53475,,34325,,6.723,,-170905.84560464078,896,462,47.475860595703125,13.108612060546875
4439969,117326,2026-09-27T09:21:05.158Z,4BAA55,THY46P,A321,TC-JRU,54375,34325,35000,0.788,351.447,1526649.7461928932,-3307.7533739084415,896,461,47.46829275357521,13.126478928786128
4439966,117328,2026-09-27T09:21:14.825Z,468D07,SEH7AG,A20N,SX-CHG,98750,,,,15.216,,,,,47.025627524165785,13.945382925180297
4440787,117328,2026-09-27T09:26:00.590Z,468D07,SEH7AG,A20N,SX-CHG,81475,30100,79975,258.826,7.644,11909.545408884733,-11773.940345368916,-1536,392,47.44660949707031,13.442047119140625
4440840,117328,2026-09-27T09:26:08.234Z,468D07,SEH7AG,A20N,SX-CHG,79975,81475,,7.644,,-11773.940345368916,,-1664,397,47.457399529925844,13.429025503305297
4439970,117329,2026-09-27T09:21:17.403Z,4D2368,RYR506G,B38M,9H-VUR,94200,,12400,,24.223,,-202617.34714940345,2304,344,48.244903564453125,16.656118539663453
4440247,117329,2026-09-27T09:22:46.576Z,4D2368,RYR506G,B38M,9H-VUR,53575,37000,,21.49,20.455,46277.33829688228,,2112,351,48.322340108580505,16.47587826377469
4440475,117329,2026-09-27T09:24:12.565Z,4D2368,RYR506G,B38M,9H-VUR,99975,,,21.218,21.572,,,1920,363,48.39822025622352,16.295832583778747
4440822,117329,2026-09-27T09:26:22.600Z,4D2368,RYR506G,B38M,9H-VUR,60775,,68600,21.681,21.415,,21923.885127247257,1600,382,48.517440537274894,16.011561343544372
4440880,117329,2026-09-27T09:26:44.015Z,4D2368,RYR506G,B38M,9H-VUR,68600,60775,79400,21.415,21.457,21923.885127247257,30199.934753227382,1664,385,48.53764343261719,15.963064340444703
4440939,117329,2026-09-27T09:27:05.472Z,4D2368,RYR506G,B38M,9H-VUR,79400,68600,87000,21.457,22.227,30199.934753227382,20515.589148333107,1600,390,48.55810546875,15.913977989783689
4440999,117329,2026-09-27T09:27:27.699Z,4D2368,RYR506G,B38M,9H-VUR,87000,79400,24150,22.227,21.023,20515.589148333107,-179374.97027065596,1472,394,48.57948303222656,15.862497182992797
4441598,117329,2026-09-27T09:30:42.066Z,4D2368,RYR506G,B38M,9H-VUR,55800,49575,,20.995,21.467,17789.9499880924,,1088,413,48.771148681640625,15.39642333984375
4441727,117329,2026-09-27T09:31:23.985Z,4D2368,RYR506G,B38M,9H-VUR,68600,,,20.452,23.371,,,1152,417,48.814178466796875,15.293673001802858
4441861,117329,2026-09-27T09:32:09.041Z,4D2368,RYR506G,B38M,9H-VUR,81400,,,21.685,9.476,,,1088,423,48.865264892578125,15.185992901141844
4440384,117333,2026-09-27T09:23:35.510Z,44004F,AUA362M,A320,OE-LBQ,69175,,60200,,21.136,,-25477.85768357305,-1920,405,48.693547652939614,15.011516370271352
4440443,117333,2026-09-27T09:23:56.646Z,44004F,AUA362M,A320,OE-LBQ,60200,69175,47575,21.136,22.142,-25477.85768357305,-34211.00171619547,-2176,402,48.673095703125,15.062467134915892
4440845,117333,2026-09-27T09:26:18.284Z,44004F,AUA362M,A320,OE-LBQ,101175,3800,93575,12.178,0,479758.58104779106,,-1536,353,48.54262529793432,15.385918868215413
4440902,117333,2026-09-27T09:26:18.284Z,44004F,AUA362M,A320,OE-LBQ,93575,101175,79800,0,41.232,,-20045.11059371362,-1536,353,48.54262529793432,15.385918868215413
4440961,117333,2026-09-27T09:26:59.516Z,44004F,AUA362M,A320,OE-LBQ,79800,93575,,41.232,33.044,-20045.11059371362,,-1216,343,48.51823192531779,15.477712530838744
4441583,117333,2026-09-27T09:30:42.176Z,44004F,AUA362M,A320,OE-LBQ,100375,8600,,34.568,22.09,159294.72344364732,,-1984,303,48.48792641849841,15.980987548828125
4441779,117333,2026-09-27T09:31:45.578Z,44004F,AUA362M,A320,OE-LBQ,62600,,55175,19.6,24.033,,-18537.011609037574,-1792,289,48.41679382324219,16.041447566105717
4441847,117333,2026-09-27T09:32:09.611Z,44004F,AUA362M,A320,OE-LBQ,55175,62600,,24.033,20.345,-18537.011609037574,,-1088,274,48.385697704250525,16.050663998252503
4441208,117334,2026-09-27T09:28:32.991Z,4CA27F,EIN67T,A320,EI-DEK,62600,,,21.41,21.487,,,0,490,49.03962707519531,16.215468186598628
4441411,117334,2026-09-27T09:29:37.909Z,4CA27F,EIN67T,A320,EI-DEK,66200,,60700,21.392,21.914,,-15058.86647805056,0,490,48.97993469238281,16.41927865835339
4441474,117334,2026-09-27T09:29:59.823Z,4CA27F,EIN67T,A320,EI-DEK,60700,66200,54600,21.914,21.548,-15058.86647805056,-16985.335065899388,-1088,490,48.959593692068324,16.48831016138979
4441538,117334,2026-09-27T09:30:21.371Z,4CA27F,EIN67T,A320,EI-DEK,54600,60700,,21.548,21.323,-16985.335065899388,,-1024,489,48.93965148925781,16.55548095703125
4442908,117334,2026-09-27T09:37:56.627Z,4CA27F,EIN67T,A320,EI-DEK,92600,,75000,22.252,21.412,,-49318.139361105925,-2752,493,48.382965087890625,17.87088247445911
4440616,117335,2026-09-27T09:24:54.919Z,3C9674,DBEST,F2TH,D-BEST,67400,,,21.904,22.419,,,2368,342,48.091827392578125,16.05384063720703
4441150,117335,2026-09-27T09:28:11.417Z,3C9674,DBEST,F2TH,D-BEST,85975,22600,,22.951,21.601,165679.05537885058,,2368,347,48.11178433693061,15.584951547475953
4441607,117335,2026-09-27T09:30:42.858Z,3C9674,DBEST,F2TH,D-BEST,67575,,,21.514,21.6,,,1920,349,48.121746515823624,15.224374624399047
4441813,117336,2026-09-27T09:31:45.578Z,4868BA,TRA5146,A21N,PH-YHR,80275,,80275,19.876,23.682,,0,-64,416,47.779266357421875,15.931617736816406
4441880,117336,2026-09-27T09:32:09.260Z,4868BA,TRA5146,A21N,PH-YHR,80275,80275,,23.682,14.882,0,,0,417,47.81048583984375,15.881973266601562
4442581,117336,2026-09-27T09:36:02.296Z,4868BA,TRA5146,A21N,PH-YHR,80775,,80600,16.168,26.461,,-396.8104002116322,0,417,48.11788268008474,15.398676945613033
4442647,117336,2026-09-27T09:36:28.757Z,4868BA,TRA5146,A21N,PH-YHR,80600,80775,,26.461,22.196,-396.8104002116322,,0,416,48.15399169921875,15.3424072265625
4440509,117340,2026-09-27T09:24:26.325Z,489227,ENT6XP,B738,SP-ESH,55900,,61025,,15.555,,19768.56316297011,960,410,49.71630031779661,18.511072107263544
4440568,117340,2026-09-27T09:24:41.880Z,489227,ENT6XP,B738,SP-ESH,61025,55900,61500,15.555,0,19768.56316297011,,128,411,49.69880676269531,18.474305805407084
4440628,117340,2026-09-27T09:24:41.880Z,489227,ENT6XP,B738,SP-ESH,61500,61025,61425,0,49.27,,-91.33346864217576,128,411,49.69880676269531,18.474305805407084
4440686,117340,2026-09-27T09:25:31.150Z,489227,ENT6XP,B738,SP-ESH,61425,61500,67900,49.27,23.298,-91.33346864217576,16675.25109451455,896,428,49.64268493652344,18.356781005859375
4440739,117340,2026-09-27T09:25:54.448Z,489227,ENT6XP,B738,SP-ESH,67900,61425,69025,23.298,8.008,16675.25109451455,8429.070929070931,1088,435,49.61509575278072,18.299139899176453
4440798,117340,2026-09-27T09:26:02.456Z,489227,ENT6XP,B738,SP-ESH,69025,67900,,8.008,0,8429.070929070931,,1024,438,49.60551452636719,18.279153924239267
4440916,117340,2026-09-27T09:26:55.981Z,489227,ENT6XP,B738,SP-ESH,85900,,,53.525,25.548,,,1024,444,49.5407518289857,18.144366290118228
4441395,117340,2026-09-27T09:29:37.909Z,489227,ENT6XP,B738,SP-ESH,59800,49400,,21.774,21.614,28658.032515844585,,1344,447,49.34413146972656,17.739609938401372
4441653,117340,2026-09-27T09:31:04.377Z,489227,ENT6XP,B738,SP-ESH,85900,,93500,21.492,21.63,,21081.830790568656,1152,461,49.234624313095864,17.51741108141448
4441718,117340,2026-09-27T09:31:26.007Z,489227,ENT6XP,B738,SP-ESH,93500,85900,101100,21.63,9.171,21081.830790568656,49721.9496238142,1600,461,49.206832627118644,17.461395263671875
4441784,117340,2026-09-27T09:31:35.178Z,489227,ENT6XP,B738,SP-ESH,101100,93500,,9.171,32.036,49721.9496238142,,1472,460,49.195037841796875,17.437556340144283
4440623,117341,2026-09-27T09:25:05.023Z,4BB205,THY9HC,A21N,TC-LPE,62700,,62700,21.304,21.436,,0,0,488,49.55387956005031,16.05592469911312
4440680,117341,2026-09-27T09:25:26.459Z,4BB205,THY9HC,A21N,TC-LPE,62700,62700,62700,21.436,21.898,0,0,0,489,49.52050160553495,16.109965556376665
4440737,117341,2026-09-27T09:25:48.357Z,4BB205,THY9HC,A21N,TC-LPE,62700,62700,62600,21.898,19.932,0,-301.02347983142687,0,489,49.48642536745233,16.164971428948547
4440793,117341,2026-09-27T09:26:08.289Z,4BB205,THY9HC,A21N,TC-LPE,62600,62700,62700,19.932,23.592,-301.02347983142687,254.323499491353,0,489,49.45545959472656,16.21495297080594
4440851,117341,2026-09-27T09:26:31.881Z,4BB205,THY9HC,A21N,TC-LPE,62700,62600,62700,23.592,20.457,254.323499491353,0,0,489,49.418645309189614,16.274149041426767
4440910,117341,2026-09-27T09:26:52.338Z,4BB205,THY9HC,A21N,TC-LPE,62700,62700,62600,20.457,22.068,0,-271.8868950516585,0,489,49.38671047404661,16.325539036801047
4440969,117341,2026-09-27T09:27:14.406Z,4BB205,THY9HC,A21N,TC-LPE,62600,62700,62700,22.068,22.55,-271.8868950516585,266.0753880266075,0,490,49.352325439453125,16.380615234375
4441028,117341,2026-09-27T09:27:36.956Z,4BB205,THY9HC,A21N,TC-LPE,62700,62600,34975,22.55,11.235,266.0753880266075,-148064.08544726303,0,489,49.317021774033364,16.43706472296458
4441149,117341,2026-09-27T09:28:09.749Z,4BB205,THY9HC,A21N,TC-LPE,62600,34975,62700,21.558,23.133,76885.61091010297,259.36973155232783,0,489,49.265716552734375,16.518789438100953
4441212,117341,2026-09-27T09:28:32.882Z,4BB205,THY9HC,A21N,TC-LPE,62700,62600,62700,23.133,21.432,259.36973155232783,0,0,489,49.22964322364936,16.576273064864267
4441282,117341,2026-09-27T09:28:54.314Z,4BB205,THY9HC,A21N,TC-LPE,62700,62700,62700,21.432,21.74,0,0,0,489,49.19612561242055,16.629470022101145
4441351,117341,2026-09-27T09:29:16.054Z,4BB205,THY9HC,A21N,TC-LPE,62700,62700,62700,21.74,20.343,0,0,0,489,49.162189031051376,16.683245207134064
4441420,117341,2026-09-27T09:29:36.397Z,4BB205,THY9HC,A21N,TC-LPE,62700,62700,62700,20.343,23.48,0,0,0,488,49.13016109143273,16.733984696237712
4441478,117341,2026-09-27T09:29:59.877Z,4BB205,THY9HC,A21N,TC-LPE,62700,62700,62700,23.48,21.002,0,0,0,488,49.09366413698358,16.79137380499583
4441541,117341,2026-09-27T09:30:20.879Z,4BB205,THY9HC,A21N,TC-LPE,62700,62700,,21.002,20.892,0,,0,487,49.06065860037076,16.84326974969167
4442196,117341,2026-09-27T09:33:57.559Z,4BB205,THY9HC,A21N,TC-LPE,62775,,62775,21.822,20.94,,0,0,488,48.72250314486229,17.37516704358552
4442259,117341,2026-09-27T09:34:18.499Z,4BB205,THY9HC,A21N,TC-LPE,62775,62775,62775,20.94,22.474,0,0,0,488,48.690009682865465,17.426701595908753
4442323,117341,2026-09-27T09:34:40.973Z,4BB205,THY9HC,A21N,TC-LPE,62775,62775,62775,22.474,20.946,0,0,0,488,48.654909295550844,17.482066907380727
4442387,117341,2026-09-27T09:35:01.919Z,4BB205,THY9HC,A21N,TC-LPE,62775,62775,62600,20.946,21.874,0,-480.0219438602908,0,488,48.62227617684057,17.53331234580594
4442448,117341,2026-09-27T09:35:23.793Z,4BB205,THY9HC,A21N,TC-LPE,62600,62775,62775,21.874,21.952,-480.0219438602908,478.31632653061223,0,488,48.58799743652344,17.586787297175533
4442509,117341,2026-09-27T09:35:45.745Z,4BB205,THY9HC,A21N,TC-LPE,62775,62600,62600,21.952,21.217,478.31632653061223,-494.88617617947875,0,488,48.552820238016416,17.63941714638156
4442575,117341,2026-09-27T09:36:06.962Z,4BB205,THY9HC,A21N,TC-LPE,62600,62775,62775,21.217,21.714,-494.88617617947875,483.55899419729207,0,488,48.51873779296875,17.6898193359375
4442641,117341,2026-09-27T09:36:28.676Z,4BB205,THY9HC,A21N,TC-LPE,62775,62600,62775,21.714,22.059,483.55899419729207,0,0,488,48.483969478283896,17.7414743523849
4442703,117341,2026-09-27T09:36:50.735Z,4BB205,THY9HC,A21N,TC-LPE,62775,62775,62600,22.059,22.009,0,-477.0775591803353,0,487,48.448636329780186,17.794093081825622
4442767,117341,2026-09-27T09:37:12.744Z,4BB205,THY9HC,A21N,TC-LPE,62600,62775,62775,22.009,21.631,-477.0775591803353,485.41445148166986,0,486,48.413543701171875,17.846444936899047
4442838,117341,2026-09-27T09:37:34.375Z,4BB205,THY9HC,A21N,TC-LPE,62775,62600,,21.631,22.306,485.41445148166986,,0,486,48.37913383871822,17.897740414268128
4440965,117345,2026-09-27T09:27:11.671Z,01025A,NMA608,A320,SU-NMR,80600,,80700,23.046,21.548,,278.4481158344162,64,422,49.088836669921875,21.142202524038453
4441022,117345,2026-09-27T09:27:33.219Z,01025A,NMA608,A320,SU-NMR,80700,80600,36050,21.548,13.177,278.4481158344162,-203308.79562874706,0,420,49.129649016816735,21.156559994346253
4441118,117345,2026-09-27T09:28:11.691Z,01025A,NMA608,A320,SU-NMR,80700,36050,80600,25.295,19.316,105910.25894445542,-310.62331745703045,-64,419,49.20259637347722,21.1801950555099
4441182,117345,2026-09-27T09:28:31.007Z,01025A,NMA608,A320,SU-NMR,80600,80700,,19.316,15.856,-310.62331745703045,,-64,418,49.23866271972656,21.191641000600953
4441501,117345,2026-09-27T09:30:07.800Z,01025A,NMA608,A320,SU-NMR,80200,,,65.973,21.323,,,0,418,49.42140197753906,21.25093900240381
4441826,117345,2026-09-27T09:31:56.098Z,01025A,NMA608,A320,SU-NMR,86300,,,20.592,22.692,,,512,421,49.62631484209481,21.31830163904135
4442028,117345,2026-09-27T09:32:37.606Z,01025A,NMA608,A320,SU-NMR,93100,,,0,,,,512,420,49.70522088519597,21.344431284311668
4441311,117346,2026-09-27T09:28:23.648Z,507C55,UZB236,B788,UK78705,99875,,10375,0,63.683,,-84323.91690089977,1600,522,47.940673828125,14.609550476074219
4441900,117346,2026-09-27T09:32:21.412Z,507C55,UZB236,B788,UK78705,59875,,,28.51,13.786,,,576,513,47.788238525390625,15.426383972167969
4442413,117346,2026-09-27T09:35:13.964Z,507C55,UZB236,B788,UK78705,62775,,62675,22.758,22.66,,-264.783759929391,-64,511,47.651801675052965,15.996234600360594
4442478,117346,2026-09-27T09:35:36.624Z,507C55,UZB236,B788,UK78705,62675,62775,,22.66,21.03,-264.783759929391,,-64,512,47.63365173339844,16.070938110351562
4441030,117352,2026-09-27T09:27:36.821Z,4D200F,WZZ298,A21N,9H-WNO,94700,,36975,21.737,12.035,,-287785.6252596593,0,499,49.54047251555879,16.11516179265209
4441135,117352,2026-09-27T09:28:11.093Z,4D200F,WZZ298,A21N,9H-WNO,94600,36975,,22.237,22.143,155484.10307145747,,64,499,49.485076904296875,16.20150917454771
4441594,117352,2026-09-27T09:30:42.503Z,4D200F,WZZ298,A21N,9H-WNO,81100,,75100,22.774,21.521,,-16727.847218995397,-896,494,49.24016402939618,16.58053749486021
4441658,117352,2026-09-27T09:31:04.024Z,4D200F,WZZ298,A21N,9H-WNO,75100,81100,69100,21.521,20.641,-16727.847218995397,-17441.015454677585,-1024,493,49.20552916445974,16.633517616673544
4441723,117352,2026-09-27T09:31:24.665Z,4D200F,WZZ298,A21N,9H-WNO,69100,75100,,20.641,23.348,-17441.015454677585,,-1024,491,49.17224431442002,16.684112548828125
4441399,117354,2026-09-27T09:29:31.646Z,502D27,AUA204,BCS3,YL-AAW,93800,2200,,94.379,17.8,58233.2934233251,,-896,358,48.56117248535156,15.334308330829344
4441592,117354,2026-09-27T09:30:38.382Z,502D27,AUA204,BCS3,YL-AAW,69175,,69175,48.936,0,,,-1472,337,48.51818537307998,15.479736328125
4441657,117354,2026-09-27T09:30:38.382Z,502D27,AUA204,BCS3,YL-AAW,69175,69175,,0,48.062,,,-1472,337,48.51818537307998,15.479736328125
4442142,117354,2026-09-27T09:33:35.492Z,502D27,AUA204,BCS3,YL-AAW,87000,,,22.69,19.224,,,-2048,302,48.40814208984375,15.816509540264406
4441027,117355,2026-09-27T09:27:36.548Z,44081D,AUA52HS,E195,OE-LWA,54775,8775,47400,0.031,33.037,89032258.06451613,-13394.073311741382,-960,300,48.1036376953125,15.853201059194703
4441700,117363,2026-09-27T09:31:19.699Z,4BAA4D,THY6GD,A321,TC-JRM,66200,,66300,21.819,22.035,,272.2940776038121,64,501,49.29359436035156,16.523296649639406
4441765,117363,2026-09-27T09:31:41.734Z,4BAA4D,THY6GD,A321,TC-JRM,66300,66200,,22.035,21.163,272.2940776038121,,0,501,49.25785387976695,16.578730532997497
4442418,117363,2026-09-27T09:35:17.950Z,4BAA4D,THY6GD,A321,TC-JRM,62700,,,21.19,21.544,,,0,499,48.90629137976695,17.118361623663645
4442545,117363,2026-09-27T09:35:59.647Z,4BAA4D,THY6GD,A321,TC-JRM,62700,,62775,20.153,18.433,,244.12738024195738,0,499,48.838138903601696,17.22164756373354
4442612,117363,2026-09-27T09:36:18.080Z,4BAA4D,THY6GD,A321,TC-JRM,62775,62700,,18.433,26.596,244.12738024195738,,0,500,48.808112710209215,17.26711072419812
4441178,117364,2026-09-27T09:28:25.754Z,3C0ACA,CFG3KJ,A321,D-ATCF,54600,,,20.043,21.788,,,2368,361,48.08711242675781,15.897560119628906
4441315,117364,2026-09-27T09:29:09.114Z,3C0ACA,CFG3KJ,A321,D-ATCF,79800,,,21.572,21.467,,,2240,370,48.10478210449219,15.791336059570312
4441903,117364,2026-09-27T09:32:19.632Z,3C0ACA,CFG3KJ,A321,D-ATCF,81175,,81175,44.263,0,,,2048,387,48.184964454780186,15.300702546772186
4441971,117364,2026-09-27T09:32:19.632Z,3C0ACA,CFG3KJ,A321,D-ATCF,81175,81175,,0,38.479,,,2048,387,48.184964454780186,15.300702546772186
4442476,117364,2026-09-27T09:35:32.663Z,3C0ACA,CFG3KJ,A321,D-ATCF,55000,,66200,130.629,0,,,1920,414,48.254791259765625,14.783372145432622
4442538,117364,2026-09-27T09:35:32.663Z,3C0ACA,CFG3KJ,A321,D-ATCF,66200,55000,,0,42.14,,,1536,412,48.254791259765625,14.783372145432622
4442144,117366,2026-09-27T09:33:31.454Z,4BB4EE,MGH745,B738,TC-MGN,53400,,,18.868,26.241,,,1984,427,48.048065185546875,15.26824951171875
4441626,117371,2026-09-27T09:30:51.926Z,4CA8D7,RYR1KH,B738,EI-ENL,92300,,86300,21.243,22.012,,-16354.715609667453,-1024,499,49.700751870365465,17.718052219700212
4441692,117371,2026-09-27T09:31:13.938Z,4CA8D7,RYR1KH,B738,EI-ENL,86300,92300,,22.012,21.431,-16354.715609667453,,-960,499,49.651313393802965,17.73527403135563
4441825,117371,2026-09-27T09:31:57.053Z,4CA8D7,RYR1KH,B738,EI-ENL,74300,,68300,21.684,21.574,,-16686.75257254102,-1024,491,49.55504336599576,17.76860417546459
4441896,117371,2026-09-27T09:32:18.627Z,4CA8D7,RYR1KH,B738,EI-ENL,68300,74300,62300,21.574,21.323,-16686.75257254102,-16883.177789241665,-1024,486,49.50765318789724,17.784860971811668
4441962,117371,2026-09-27T09:32:39.950Z,4CA8D7,RYR1KH,B738,EI-ENL,62300,68300,,21.323,21.849,-16883.177789241665,,-960,484,49.46105439784163,17.80089507231844
4441317,117372,2026-09-27T09:29:13.104Z,49D66F,TIE823R,CL60,OK-RHO,61800,,,21.876,21.405,,,1024,460,49.359100341796875,16.001657339242797
4441448,117372,2026-09-27T09:29:56.249Z,49D66F,TIE823R,CL60,OK-RHO,73100,,75400,21.74,21.869,,6310.302254332617,832,465,49.30761822199417,16.118605764288645
4441512,117372,2026-09-27T09:30:18.118Z,49D66F,TIE823R,CL60,OK-RHO,75400,73100,,21.869,21.49,6310.302254332617,,832,467,49.281280517578125,16.178354116586547
4441707,117372,2026-09-27T09:31:22.975Z,49D66F,TIE823R,CL60,OK-RHO,91900,,94200,21.571,21.924,,6294.471811713191,832,471,49.20259637347722,16.35618510999177
4441772,117372,2026-09-27T09:31:44.899Z,49D66F,TIE823R,CL60,OK-RHO,94200,91900,,21.924,20.917,6294.471811713191,,832,472,49.175811767578125,16.41632080078125
4441300,117373,2026-09-27T09:28:53.986Z,44065C,AUA374V,A320,OE-LBX,60375,,53400,,21.796,,-19200.77078363002,-1472,292,48.094047934322035,15.842355581430297
4441370,117373,2026-09-27T09:29:15.782Z,44065C,AUA374V,A320,OE-LBX,53400,60375,,21.796,22.359,-19200.77078363002,,-960,286,48.11778259277344,15.867416381835938
4441299,117374,2026-09-27T09:28:53.795Z,485E30,KLM567,B78X,PH-BKK,94750,,94750,,16.659,,0,,,47.18087923728813,12.588219275841311
4441369,117374,2026-09-27T09:29:10.454Z,485E30,KLM567,B78X,PH-BKK,94750,94750,94750,16.659,6.727,0,0,-64,498,47.15043407375529,12.622023362379878
4441433,117374,2026-09-27T09:29:17.181Z,485E30,KLM567,B78X,PH-BKK,94750,94750,,6.727,0,0,,0,498,47.13907532772775,12.634629469651372
4441687,117375,2026-09-27T09:30:24.153Z,48C221,RYR3706,B738,SP-RSB,61575,37000,85975,0,65.208,,22451.232977548767,2816,420,48.00421142578125,18.048202514648438
4441754,117375,2026-09-27T09:31:29.361Z,48C221,RYR3706,B738,SP-RSB,85975,61575,100375,65.208,21.218,22451.232977548767,40720.143274578186,2688,429,47.95499639996027,27.45279165414661
4441820,117375,2026-09-27T09:31:50.579Z,48C221,RYR3706,B738,SP-RSB,100375,85975,11175,21.218,20.371,40720.143274578186,-262726.4248195965,2688,432,47.93856346001059,27.510751577524047
4442272,117381,2026-09-27T09:34:16.451Z,40666A,EZY51RK,A320,G-EZUP,98275,,,42.024,24.959,,,,,47.37103271484375,13.924415588378906
4441889,117385,2026-09-27T09:32:12.209Z,3C6759,,A320,D-AIZY,66375,,66375,,0,,,,,47.47732388771186,20.466754619891844
4441954,117385,2026-09-27T09:32:12.209Z,3C6759,,A320,D-AIZY,66375,66375,,0,,,,,,47.47732388771186,20.466754619891844
4441980,117389,2026-09-27T09:32:46.235Z,4BB849,PGT19D,A20N,TC-NBI,75075,,80675,18.213,18.103,,18560.45959233276,1152,455,47.285888671875,13.028823852539062
4442046,117389,2026-09-27T09:33:04.338Z,4BB849,PGT19D,A20N,TC-NBI,80675,75075,80675,18.103,0,18560.45959233276,,896,456,47.258148193359375,13.067276000976562
4442108,117389,2026-09-27T09:33:04.338Z,4BB849,PGT19D,A20N,TC-NBI,80675,80675,,0,151.713,,,896,456,47.258148193359375,13.067276000976562
4442027,117390,2026-09-27T09:33:02.399Z,440C8D,AUA29SK,A321,OE-LBB,60775,,,21.876,20.313,,,1728,369,48.105220471398304,15.788339468149047
4442157,117390,2026-09-27T09:33:44.233Z,440C8D,AUA29SK,A321,OE-LBB,81000,,,21.521,13.681,,,1984,376,48.12309265136719,15.683670043945312
4442665,117390,2026-09-27T09:36:16.957Z,440C8D,AUA29SK,A321,OE-LBB,55400,,62200,0,0,,,1152,401,48.18663024902344,15.287686861478392
4442729,117390,2026-09-27T09:36:16.957Z,440C8D,AUA29SK,A321,OE-LBB,62200,55400,67575,0,0,,,1088,403,48.18663024902344,15.287686861478392
4442796,117390,2026-09-27T09:36:16.957Z,440C8D,AUA29SK,A321,OE-LBB,67575,62200,,0,85.455,,,1280,407,48.18663024902344,15.287686861478392
4442013,117391,2026-09-27T09:32:52.128Z,48C22B,RYS5096,B738,SP-RSL,88375,,,,20.313,,,-1024,413,47.320023876125525,17.371779221754878
4442458,117391,2026-09-27T09:35:24.340Z,48C22B,RYS5096,B738,SP-RSL,62275,,56375,22.092,20.75,,-17060.240963855424,-832,413,47.6048583984375,17.465858459472656
4442518,117391,2026-09-27T09:35:45.090Z,48C22B,RYS5096,B738,SP-RSL,56375,62275,,20.75,22.313,-17060.240963855424,,-1024,413,47.64346882448358,17.47861422025244
4442290,117393,2026-09-27T09:34:28.087Z,3C658B,DLH9KW,A319,D-AILK,73875,,81475,53.086,13.213,,34511.46598047378,1344,481,47.29866027832031,13.438888549804688
4442353,117393,2026-09-27T09:34:41.300Z,3C658B,DLH9KW,A319,D-AILK,81475,73875,81475,13.213,0,34511.46598047378,,1664,481,47.287811279296875,13.478919982910156
4442415,117393,2026-09-27T09:34:41.300Z,3C658B,DLH9KW,A319,D-AILK,81475,81475,,0,,,,1664,481,47.287811279296875,13.478919982910156
4442347,117398,2026-09-27T09:34:48.759Z,511187,MBU5TA,A20N,ES-MBD,66375,,66375,43.357,0,,,0,466,47.61320986990201,13.476703350360594
4442407,117398,2026-09-27T09:34:48.759Z,511187,MBU5TA,A20N,ES-MBD,66375,66375,,0,127.41,,,0,466,47.61320986990201,13.476703350360594
4442473,117400,2026-09-27T09:35:31.619Z,471FAD,WZZ67,A21N,HA-LZX,59875,,67175,20.881,23.547,,18601.09568097847,1344,392,47.67521667480469,17.69739532470703
4442536,117400,2026-09-27T09:35:55.166Z,471FAD,WZZ67,A21N,HA-LZX,67175,59875,,23.547,21.661,18601.09568097847,,1216,394,47.691138316009,17.638479379507203
4442869,117400,2026-09-27T09:37:43.523Z,471FAD,WZZ67,A21N,HA-LZX,99875,,3575,21.494,22.227,,-259954.10986637874,1024,407,47.7652587890625,17.3616943359375
4442299,117401,2026-09-27T09:34:37.864Z,896465,ETD4EA,B789,A6-BLG,62600,,62700,,20.152,,297.7371973005161,-64,538,49.48246765136719,20.81569470857312
4442365,117401,2026-09-27T09:34:58.016Z,896465,ETD4EA,B789,A6-BLG,62700,62600,62600,20.152,11.94,297.7371973005161,-502.5125628140704,0,538,49.44480766684322,20.86600638724667
4442428,117401,2026-09-27T09:35:09.956Z,896465,ETD4EA,B789,A6-BLG,62600,62700,,11.94,31.065,-502.5125628140704,,0,538,49.42323303222656,39.35626690204322
4442689,117401,2026-09-27T09:36:46.366Z,896465,ETD4EA,B789,A6-BLG,62700,,62700,24.904,22.996,,0,0,537,49.22461558196504,21.101483796772186
4442752,117401,2026-09-27T09:37:09.362Z,896465,ETD4EA,B789,A6-BLG,62700,62700,,22.996,13.821,0,,0,537,49.17424606064618,21.142465691817392
4442557,117402,2026-09-27T09:36:02.296Z,4D216F,ULC91,GLEX,9H-ORNET,59875,,66375,19.714,23.973,,16268.301839569518,960,442,47.47760009765625,17.57585906982422
4442623,117402,2026-09-27T09:36:26.269Z,4D216F,ULC91,GLEX,9H-ORNET,66375,59875,69175,23.973,19.805,16268.301839569518,8482.70638727594,1088,442,47.48938091730667,17.503474308894283
4442685,117402,2026-09-27T09:36:46.074Z,4D216F,ULC91,GLEX,9H-ORNET,69175,66375,,19.805,23.043,8482.70638727594,,960,442,47.49883102158368,17.44537353515625
4442818,117402,2026-09-27T09:37:30.223Z,4D216F,ULC91,GLEX,9H-ORNET,98375,,9975,21.106,23.541,,-225309.0353001147,2752,436,47.51963987188824,17.316213754507203
4442495,117403,2026-09-27T09:35:41.981Z,48C12B,RYR38MM,B738,SP-RKL,75575,,92775,21.956,0,,,3008,370,48.187152409957626,16.64067318564969
4442558,117403,2026-09-27T09:35:41.981Z,48C12B,RYR38MM,B738,SP-RKL,92775,75575,5000,0,43.987,,-119728.55616432126,2624,375,48.187152409957626,16.64067318564969
4442892,117403,2026-09-27T09:37:36.583Z,48C12B,RYR38MM,B738,SP-RKL,53975,,,8.216,38.458,,,2304,399,48.105127366922666,16.361459585336547
4442339,117404,2026-09-27T09:34:41.949Z,440604,AUA134W,A320,OE-LZE,92775,,,,17.896,,,-1856,482,47.87641622252383,13.6395263671875
4442462,117404,2026-09-27T09:35:20.487Z,440604,AUA134W,A320,OE-LZE,73475,,,20.642,22.321,,,-1920,487,47.87892150878906,13.768409729003906
4442926,117404,2026-09-27T09:37:01.608Z,440604,AUA134W,A320,OE-LZE,93175,9975,93175,0,0,,,-1984,499,47.88488872980667,14.111515925480717
4442996,117404,2026-09-27T09:37:01.608Z,440604,AUA134W,A320,OE-LZE,93175,93175,34675,0,172.911,,-20299.46041605219,-1984,499,47.88488872980667,14.111515925480717
4442813,117406,2026-09-27T09:37:28.204Z,503D72,HST3518,A320,LY-MAF,80775,,80600,132.197,14.854,,-706.8803016022621,0,427,48.13417596332097,20.889446551983156
4442886,117406,2026-09-27T09:37:43.058Z,503D72,HST3518,A320,LY-MAF,80600,80775,,14.854,8.571,-706.8803016022621,,0,427,48.162322998046875,2.4397395207331556
4442786,117409,2026-09-27T09:37:13.645Z,452037,GPX8DT,A320,LZ-LAE,80350,,80350,74.372,9.538,,0,0,429,47.22231072894597,14.512376051682622
4442856,117409,2026-09-27T09:37:23.183Z,452037,GPX8DT,A320,LZ-LAE,80350,80350,80350,9.538,34.948,0,0,0,429,47.23636950476695,14.492657001201906
4442928,117409,2026-09-27T09:37:58.131Z,452037,GPX8DT,A320,LZ-LAE,80350,80350,80350,34.948,0,0,,0,429,47.286692473847985,14.42138671875
4442998,117409,2026-09-27T09:37:58.131Z,452037,GPX8DT,A320,LZ-LAE,80350,80350,,0,114.005,,,0,429,47.286692473847985,14.42138671875
4442654,117412,2026-09-27T09:36:27.501Z,471DC1,WZZ6813,A21N,HA-LGZ,55000,,66775,21.467,22.562,,31313.713323286942,1664,369,48.084228515625,19.423004150390625
4442716,117412,2026-09-27T09:36:50.063Z,471DC1,WZZ6813,A21N,HA-LGZ,66775,55000,75400,22.562,22.52,31313.713323286942,22979.573712255773,1920,373,48.1203965009269,19.443547175480717
4442779,117412,2026-09-27T09:37:12.583Z,471DC1,WZZ6813,A21N,HA-LGZ,75400,66775,,22.52,20.454,22979.573712255773,,1792,375,48.15673828125,19.464271545410156
4442927,117413,2026-09-27T09:37:58.406Z,44001E,AUA55,B763,OE-LAY,68600,,81400,22.7,23.152,,33172.080165860396,2112,392,48.37815856933594,16.27532958984375
4442864,117415,2026-09-27T09:37:36.612Z,4BB18A,THY1KD,B789,TC-LLJ,61975,,72675,17.446,18.708,,34316.86978832585,1792,440,47.85137111857786,17.956096942608156
4442936,117415,2026-09-27T09:37:55.320Z,4BB18A,THY1KD,B789,TC-LLJ,72675,61975,81575,18.708,12.777,34316.86978832585,41793.84832120216,1792,444,47.83721923828125,18.00872039794922
4443005,117415,2026-09-27T09:38:08.097Z,4BB18A,THY1KD,B789,TC-LLJ,81575,72675,81575,12.777,0,41793.84832120216,,1728,447,47.82655334472656,18.044357299804688
4443069,117415,2026-09-27T09:38:08.097Z,4BB18A,THY1KD,B789,TC-LLJ,81575,81575,9875,0,84.221,,-51079.896937818354,1728,447,47.82655334472656,18.044357299804688
4457506,117681,2026-09-27T10:43:36.278Z,45C86B,FLI7121,A20N,OY-RCK,76400,38025,38025,0,0.013,,-177115384.61538464,0,406.4,49.4989013671875,15.395459626850311
4455328,117710,2026-09-27T10:32:20.980Z,4BCCB9,SXS6KN,B738,TC-SEY,76400,38000,38000,17.549,0,131289.53216707506,,-64,453,47.16380310058594,13.763191223144531
4458473,117738,2026-09-27T10:48:16.174Z,73806E,ELY2372,B738,4X-EKJ,71000,36150,35000,0,0.012,,-180000000,0,504,48.24330139160156,20.84261380709131
4457762,117802,2026-09-27T10:44:59.991Z,502D28,BTI688,BCS3,YL-AAX,72800,36000,36000,0,0.009,,-245333333.33333334,0,443,47.01915676310911,13.380854679988033
4457826,117802,2026-09-27T10:45:00.009Z,502D28,BTI688,BCS3,YL-AAX,72800,36000,36000,0.004,0.002,552000000,-1104000000,0,443,47.01915676310911,13.380854679988033
4458227,117816,2026-09-27T10:47:24.519Z,4BB215,THY2SE,A21N,TC-LPU,71000,35000,35000,0.998,0.025,2164328.6573146293,-86400000,64,476.1,49.59740590240995,21.95714177312084
4458896,117827,2026-09-27T10:50:02.804Z,710105,SVA144,B77W,HZ-AK27,66600,33000,33000,0,0.007,,-288000000,0,504,47.44990539550781,13.357658386230469
