flightPositionId,flightId,recordedAt,icao,callsign,previousPositionId,previousAltitude,previousRecordedAt,currentAltitude,nextPositionId,nextAltitude,nextRecordedAt,deltaPrev,deltaNext,secondsPrev,secondsNext,impliedVerticalRatePrev,impliedVerticalRateNext,aircraftType,flightMaxAltitude,classification,classificationReason,proposedAction
4444277,117301,2026-09-27T09:44:42.246Z,408041,WUK7005,4444199,36000,2026-09-27T09:44:20.645Z,72800,4444363,36000,2026-09-27T09:45:04.527Z,36800,-36800,21.601,22.281,102217.48993102172,-99097.88609128854,A21N,80375,HIGH_CONFIDENCE_BUG,~2x surrounding altitude with impossible implied vertical rates,SET_ALTITUDE_NULL
4444445,117301,2026-09-27T09:45:26.045Z,408041,WUK7005,4444363,36000,2026-09-27T09:45:04.527Z,72800,4444530,36000,2026-09-27T09:45:48.215Z,36800,-36800,21.518,22.17,102611.7668928339,-99594.04600811908,A21N,80375,HIGH_CONFIDENCE_BUG,~2x surrounding altitude with impossible implied vertical rates,SET_ALTITUDE_NULL
4444609,117301,2026-09-27T09:46:08.640Z,408041,WUK7005,4444530,36000,2026-09-27T09:45:48.215Z,72800,4444691,36000,2026-09-27T09:46:20.795Z,36800,-36800,20.425,12.155,108102.81517747858,-181653.6404771699,A21N,80375,HIGH_CONFIDENCE_BUG,~2x surrounding altitude with impossible implied vertical rates,SET_ALTITUDE_NULL
4443691,117339,2026-09-27T09:41:48.352Z,4BC842,PGT54XN,4443619,34000,2026-09-27T09:41:21.456Z,68400,4443766,34000,2026-09-27T09:42:05.669Z,34400,-34400,26.896,17.317,76740.03569303986,-119189.23601085637,A21N,68400,HIGH_CONFIDENCE_BUG,~2x surrounding altitude with impossible implied vertical rates,SET_ALTITUDE_NULL
4443841,117339,2026-09-27T09:42:30.545Z,4BC842,PGT54XN,4443766,34000,2026-09-27T09:42:05.669Z,68400,4443917,34000,2026-09-27T09:42:43.662Z,34400,-34400,24.876,13.117,82971.53883260975,-157353.05328962416,A21N,68400,HIGH_CONFIDENCE_BUG,~2x surrounding altitude with impossible implied vertical rates,SET_ALTITUDE_NULL
4443672,117340,2026-09-27T09:41:40.543Z,489227,ENT6XP,4443596,36000,2026-09-27T09:41:17.019Z,72800,4443745,36000,2026-09-27T09:41:54.226Z,36800,-36800,23.524,13.683,93861.58816527801,-161368.12102609075,B738,101100,HIGH_CONFIDENCE_BUG,~2x surrounding altitude with impossible implied vertical rates,SET_ALTITUDE_NULL
4444147,117346,2026-09-27T09:43:46.291Z,507C55,UZB236,4444070,35500,2026-09-27T09:43:31.026Z,72600,4444224,35950,2026-09-27T09:44:07.835Z,37100,-36650,15.265,21.544,145823.77988863413,-102070.18195321204,B788,99875,HIGH_CONFIDENCE_BUG,~2x surrounding altitude with impossible implied vertical rates,SET_ALTITUDE_NULL
4443707,117356,2026-09-27T09:41:45.596Z,48AD0D,LOT591,4443645,37000,2026-09-27T09:41:24.858Z,74600,4443782,37000,2026-09-27T09:41:49.968Z,37600,-37600,20.738,4.372,108785.80383836436,-516010.9789569991,E75S,74600,HIGH_CONFIDENCE_BUG,~2x surrounding altitude with impossible implied vertical rates,SET_ALTITUDE_NULL
4444004,117365,2026-09-27T09:43:15.655Z,4BA9D4,THY2XR,4443928,40000,2026-09-27T09:42:53.973Z,80800,4444082,40000,2026-09-27T09:43:36.599Z,40800,-40800,21.682,20.944,112904.71358730744,-116883.11688311688,A333,102600,HIGH_CONFIDENCE_BUG,~2x surrounding altitude with impossible implied vertical rates,SET_ALTITUDE_NULL
4444162,117365,2026-09-27T09:43:57.065Z,4BA9D4,THY2XR,4444082,40000,2026-09-27T09:43:36.599Z,80800,4444232,40000,2026-09-27T09:44:20.888Z,40800,-40800,20.466,23.823,119613.01671064204,-102757.83906309029,A333,102600,HIGH_CONFIDENCE_BUG,~2x surrounding altitude with impossible implied vertical rates,SET_ALTITUDE_NULL
4444312,117365,2026-09-27T09:44:42.299Z,4BA9D4,THY2XR,4444232,40000,2026-09-27T09:44:20.888Z,80800,4444396,40000,2026-09-27T09:45:00.321Z,40800,-40800,21.411,18.022,114333.75367801597,-135833.98069026746,A333,102600,HIGH_CONFIDENCE_BUG,~2x surrounding altitude with impossible implied vertical rates,SET_ALTITUDE_NULL
4443713,117368,2026-09-27T09:41:43.959Z,4A0441,KRP635,4443650,38000,2026-09-27T09:41:25.278Z,76400,4443785,38000,2026-09-27T09:42:09.300Z,38400,-38400,18.681,25.341,123333.86863658261,-90919.85320232034,A319,118700,HIGH_CONFIDENCE_BUG,~2x surrounding altitude with impossible implied vertical rates,SET_ALTITUDE_NULL
4444896,117368,2026-09-27T09:47:14.423Z,4A0441,KRP635,4444813,37950,2026-09-27T09:46:52.389Z,76375,4444979,37975,2026-09-27T09:47:36.163Z,38425,-38400,22.034,21.74,104633.74784424072,-105979.76080956761,A319,118700,HIGH_CONFIDENCE_BUG,~2x surrounding altitude with impossible implied vertical rates,SET_ALTITUDE_NULL
4444314,117369,2026-09-27T09:44:41.261Z,4CAD0F,RYR4HH,4444229,37000,2026-09-27T09:44:16.452Z,74600,4444393,37000,2026-09-27T09:45:01.223Z,37600,-37600,24.809,19.962,90934.74142448306,-113014.72798316802,B38M,74600,HIGH_CONFIDENCE_BUG,~2x surrounding altitude with impossible implied vertical rates,SET_ALTITUDE_NULL
4444475,117369,2026-09-27T09:45:24.379Z,4CAD0F,RYR4HH,4444393,37000,2026-09-27T09:45:01.223Z,74600,4444558,37000,2026-09-27T09:45:48.133Z,37600,-37600,23.156,23.754,97426.15304888581,-94973.47815104826,B38M,74600,HIGH_CONFIDENCE_BUG,~2x surrounding altitude with impossible implied vertical rates,SET_ALTITUDE_NULL
4445147,117369,2026-09-27T09:48:08.083Z,4CAD0F,RYR4HH,4445061,37000,2026-09-27T09:47:58.932Z,74600,4445232,37000,2026-09-27T09:48:42.218Z,37600,-37600,9.151,34.135,246530.43383236806,-66090.52292368538,B38M,74600,HIGH_CONFIDENCE_BUG,~2x surrounding altitude with impossible implied vertical rates,SET_ALTITUDE_NULL
4445400,117369,2026-09-27T09:49:21.922Z,4CAD0F,RYR4HH,4445319,37000,2026-09-27T09:49:04.092Z,74600,4445484,37000,2026-09-27T09:49:30.902Z,37600,-37600,17.83,8.98,126528.32305103757,-251224.94432071268,B38M,74600,HIGH_CONFIDENCE_BUG,~2x surrounding altitude with impossible implied vertical rates,SET_ALTITUDE_NULL
4443683,117376,2026-09-27T09:41:46.672Z,4BB1E3,THY6BZ,4443611,38000,2026-09-27T09:41:25.874Z,76400,4443754,38000,2026-09-27T09:42:09.708Z,38400,-38400,20.798,23.036,110779.88268102701,-100017.36412571627,A333,118700,HIGH_CONFIDENCE_BUG,~2x surrounding altitude with impossible implied vertical rates,SET_ALTITUDE_NULL
4443978,117376,2026-09-27T09:43:14.696Z,4BB1E3,THY6BZ,4443906,38000,2026-09-27T09:42:53.261Z,76400,4444053,38000,2026-09-27T09:43:36.626Z,38400,-38400,21.435,21.93,107487.75367389782,-105061.55950752394,A333,118700,HIGH_CONFIDENCE_BUG,~2x surrounding altitude with impossible implied vertical rates,SET_ALTITUDE_NULL
4446813,117376,2026-09-27T09:55:35.014Z,4BB1E3,THY6BZ,4446732,38000,2026-09-27T09:55:12.512Z,76400,4447075,38000,2026-09-27T09:55:57.380Z,38400,-38400,22.502,22.366,102390.89858679229,-103013.50263793257,A333,118700,HIGH_CONFIDENCE_BUG,~2x surrounding altitude with impossible implied vertical rates,SET_ALTITUDE_NULL
4443787,117377,2026-09-27T09:42:09.874Z,48C2AF,RYR4CH,4443715,38000,2026-09-27T09:41:47.724Z,71700,4443861,38000,2026-09-27T09:42:30.545Z,33700,-33700,22.15,20.671,91286.68171557563,-97818.19940980116,B38M,118700,HIGH_CONFIDENCE_BUG,~2x surrounding altitude with impossible implied vertical rates,SET_ALTITUDE_NULL
4444002,117384,2026-09-27T09:43:15.819Z,48C238,RYR511,4443926,37000,2026-09-27T09:42:54.053Z,74600,4444080,37000,2026-09-27T09:43:36.900Z,37600,-37600,21.766,21.081,103647.8912064688,-107015.79621460082,B738,74600,HIGH_CONFIDENCE_BUG,~2x surrounding altitude with impossible implied vertical rates,SET_ALTITUDE_NULL
4444641,117384,2026-09-27T09:46:08.285Z,48C238,RYR511,4444560,37000,2026-09-27T09:45:47.999Z,74600,4444723,37000,2026-09-27T09:46:31.199Z,37600,-37600,20.286,22.914,111209.70127181307,-98455.09295627127,B738,74600,HIGH_CONFIDENCE_BUG,~2x surrounding altitude with impossible implied vertical rates,SET_ALTITUDE_NULL
4444807,117384,2026-09-27T09:46:52.608Z,48C238,RYR511,4444723,37000,2026-09-27T09:46:31.199Z,74250,4444893,36300,2026-09-27T09:47:15.136Z,37250,-37950,21.409,22.528,104395.34775094586,-101074.21875,B738,74600,HIGH_CONFIDENCE_BUG,~2x surrounding altitude with impossible implied vertical rates,SET_ALTITUDE_NULL
4445654,117384,2026-09-27T09:50:31.035Z,48C238,RYR511,4445571,35000,2026-09-27T09:50:09.377Z,71000,4445740,35000,2026-09-27T09:50:52.826Z,36000,-36000,21.658,21.791,99732.2005725367,-99123.49134963975,B738,74600,HIGH_CONFIDENCE_BUG,~2x surrounding altitude with impossible implied vertical rates,SET_ALTITUDE_NULL
4445918,117384,2026-09-27T09:51:32.284Z,48C238,RYR511,4445828,35000,2026-09-27T09:51:14.043Z,71000,4446008,35000,2026-09-27T09:51:57.871Z,36000,-36000,18.241,25.587,118414.56060522998,-84417.86844882167,B738,74600,HIGH_CONFIDENCE_BUG,~2x surrounding altitude with impossible implied vertical rates,SET_ALTITUDE_NULL
4444295,117388,2026-09-27T09:44:41.591Z,3C70CA,GEC8410,4444214,39000,2026-09-27T09:44:20.126Z,79000,4444382,39000,2026-09-27T09:45:03.431Z,40000,-40000,21.465,21.84,111809.92313067784,-109890.10989010989,B77L,93800,HIGH_CONFIDENCE_BUG,~2x surrounding altitude with impossible implied vertical rates,SET_ALTITUDE_NULL
4446422,117388,2026-09-27T09:53:45.842Z,3C70CA,GEC8410,4446343,39000,2026-09-27T09:53:20.895Z,79000,4446668,39000,2026-09-27T09:53:51.587Z,40000,-40000,24.947,5.745,96203.95237904358,-417754.56919060054,B77L,93800,HIGH_CONFIDENCE_BUG,~2x surrounding altitude with impossible implied vertical rates,SET_ALTITUDE_NULL
4444970,117391,2026-09-27T09:47:36.926Z,48C22B,RYS5096,4444888,30000,2026-09-27T09:47:13.794Z,60400,4445058,30000,2026-09-27T09:47:58.363Z,30400,-30400,23.132,21.437,78851.80702057756,-85086.53263049867,B738,88375,HIGH_CONFIDENCE_BUG,~2x surrounding altitude with impossible implied vertical rates,SET_ALTITUDE_NULL
4444452,117394,2026-09-27T09:45:25.526Z,4D201F,WZZ1EB,4444375,34000,2026-09-27T09:45:02.944Z,68400,4444534,34000,2026-09-27T09:45:46.240Z,34400,-34400,22.582,20.714,91400.23027189796,-99642.75369315439,A21N,85900,HIGH_CONFIDENCE_BUG,~2x surrounding altitude with impossible implied vertical rates,SET_ALTITUDE_NULL
4447257,117399,2026-09-27T09:57:23.528Z,5004E3,MEA199,4447167,33975,2026-09-27T09:56:43.116Z,68375,4447347,34000,2026-09-27T09:57:32.662Z,34400,-34375,40.412,9.134,51073.938434128475,-225804.68578935845,A320,85900,HIGH_CONFIDENCE_BUG,~2x surrounding altitude with impossible implied vertical rates,SET_ALTITUDE_NULL
4444540,117400,2026-09-27T09:45:47.040Z,471FAD,WZZ67,4444458,34125,2026-09-27T09:45:22.386Z,69825,4444624,34950,2026-09-27T09:46:09.763Z,35700,-34875,24.654,22.723,86882.4531516184,-92087.31241473397,A21N,99875,HIGH_CONFIDENCE_BUG,~2x surrounding altitude with impossible implied vertical rates,SET_ALTITUDE_NULL
4445895,117400,2026-09-27T09:51:35.993Z,471FAD,WZZ67,4445805,35000,2026-09-27T09:51:14.831Z,71000,4445977,35000,2026-09-27T09:51:58.199Z,36000,-36000,21.162,22.206,102069.74766090162,-97271.00783572008,A21N,99875,HIGH_CONFIDENCE_BUG,~2x surrounding altitude with impossible implied vertical rates,SET_ALTITUDE_NULL
4446157,117400,2026-09-27T09:52:41.039Z,471FAD,WZZ67,4446068,35000,2026-09-27T09:52:19.277Z,71000,4446240,35125,2026-09-27T09:53:00.919Z,36000,-35875,21.762,19.88,99255.58312655086,-108274.64788732395,A21N,99875,HIGH_CONFIDENCE_BUG,~2x surrounding altitude with impossible implied vertical rates,SET_ALTITUDE_NULL
4444615,117402,2026-09-27T09:46:08.613Z,4D216F,ULC91,4444532,37900,2026-09-27T09:45:47.863Z,80800,4444694,37900,2026-09-27T09:46:31.308Z,42900,-42900,20.75,22.695,124048.19277108434,-113417.05221414409,GLEX,98375,HIGH_CONFIDENCE_BUG,~2x surrounding altitude with impossible implied vertical rates,SET_ALTITUDE_NULL
4443743,117407,2026-09-27T09:41:53.626Z,76CCE7,SIA23,4443670,37000,2026-09-27T09:41:46.672Z,74600,4443817,37000,2026-09-27T09:42:27.243Z,37600,-37600,6.954,33.617,324417.6013805004,-67108.90323348306,A359,74600,HIGH_CONFIDENCE_BUG,~2x surrounding altitude with impossible implied vertical rates,SET_ALTITUDE_NULL
4445307,117407,2026-09-27T09:49:03.053Z,76CCE7,SIA23,4445220,37000,2026-09-27T09:48:06.933Z,74600,4445390,37000,2026-09-27T09:49:25.523Z,37600,-37600,56.12,22.47,40199.57234497505,-100400.53404539386,A359,74600,HIGH_CONFIDENCE_BUG,~2x surrounding altitude with impossible implied vertical rates,SET_ALTITUDE_NULL
4445474,117407,2026-09-27T09:49:45.905Z,76CCE7,SIA23,4445390,37000,2026-09-27T09:49:25.523Z,74600,4445555,37000,2026-09-27T09:50:05.152Z,37600,-37600,20.382,19.247,110685.899322932,-117213.07216709098,A359,74600,HIGH_CONFIDENCE_BUG,~2x surrounding altitude with impossible implied vertical rates,SET_ALTITUDE_NULL
4445643,117407,2026-09-27T09:50:30.349Z,76CCE7,SIA23,4445555,37000,2026-09-27T09:50:05.152Z,74600,4445735,37000,2026-09-27T09:50:52.238Z,37600,-37600,25.197,21.889,89534.46838909395,-103065.466672758,A359,74600,HIGH_CONFIDENCE_BUG,~2x surrounding altitude with impossible implied vertical rates,SET_ALTITUDE_NULL
4446170,117407,2026-09-27T09:52:42.050Z,76CCE7,SIA23,4446083,37000,2026-09-27T09:52:20.318Z,74600,4446254,37000,2026-09-27T09:53:00.837Z,37600,-37600,21.732,18.787,103810.04969630038,-120083.0361420131,A359,74600,HIGH_CONFIDENCE_BUG,~2x surrounding altitude with impossible implied vertical rates,SET_ALTITUDE_NULL
4445566,117412,2026-09-27T09:50:09.191Z,471DC1,WZZ6813,4445485,35000,2026-09-27T09:49:46.167Z,71000,4445655,35000,2026-09-27T09:50:29.382Z,36000,-36000,23.024,20.191,93815.14940931203,-106978.35669357634,A21N,85800,HIGH_CONFIDENCE_BUG,~2x surrounding altitude with impossible implied vertical rates,SET_ALTITUDE_NULL
4443668,117416,2026-09-27T09:41:47.806Z,4BB15A,THY6474,4443590,37000,2026-09-27T09:41:25.872Z,74600,4443741,37000,2026-09-27T09:42:09.000Z,37600,-37600,21.934,21.194,102854.01659524027,-106445.22034538076,B77L,74600,HIGH_CONFIDENCE_BUG,~2x surrounding altitude with impossible implied vertical rates,SET_ALTITUDE_NULL
4443967,117416,2026-09-27T09:43:14.614Z,4BB15A,THY6474,4443891,37000,2026-09-27T09:42:46.517Z,74600,4444044,37000,2026-09-27T09:43:29.663Z,37600,-37600,28.097,15.049,80293.26974410079,-149910.29304272708,B77L,74600,HIGH_CONFIDENCE_BUG,~2x surrounding altitude with impossible implied vertical rates,SET_ALTITUDE_NULL
4445640,117416,2026-09-27T09:50:29.643Z,4BB15A,THY6474,4445554,37000,2026-09-27T09:50:08.453Z,74600,4445730,37000,2026-09-27T09:50:52.471Z,37600,-37600,21.19,22.828,106465.31382727702,-98826.00315402138,B77L,74600,HIGH_CONFIDENCE_BUG,~2x surrounding altitude with impossible implied vertical rates,SET_ALTITUDE_NULL
4447002,117416,2026-09-27T09:56:18.431Z,4BB15A,THY6474,4446915,37000,2026-09-27T09:55:43.479Z,74600,4447088,37000,2026-09-27T09:56:40.144Z,37600,-37600,34.952,21.713,64545.66262302586,-103900.88886841985,B77L,74600,HIGH_CONFIDENCE_BUG,~2x surrounding altitude with impossible implied vertical rates,SET_ALTITUDE_NULL
4444171,117417,2026-09-27T09:44:01.532Z,4080E4,BAW706,4444096,38000,2026-09-27T09:43:26.104Z,76375,4444247,38000,2026-09-27T09:44:23.482Z,38375,-38375,35.428,21.95,64990.96759625155,-104897.49430523918,A20N,117800,HIGH_CONFIDENCE_BUG,~2x surrounding altitude with impossible implied vertical rates,SET_ALTITUDE_NULL
4446543,117419,2026-09-27T09:54:23.248Z,4BC8C5,PGT583Y,4446461,34000,2026-09-27T09:53:58.020Z,68400,4446624,34000,2026-09-27T09:54:45.499Z,34400,-34400,25.228,22.251,81813.8576185191,-92759.87596063098,A21N,102900,HIGH_CONFIDENCE_BUG,~2x surrounding altitude with impossible implied vertical rates,SET_ALTITUDE_NULL
4444255,117422,2026-09-27T09:44:20.399Z,896749,ABY774,4444175,36000,2026-09-27T09:43:20.324Z,72800,4444335,36000,2026-09-27T09:44:47.649Z,36800,-36800,60.075,27.25,36754.057428214735,-81027.52293577982,A20N,110900,HIGH_CONFIDENCE_BUG,~2x surrounding altitude with impossible implied vertical rates,SET_ALTITUDE_NULL
4444830,117422,2026-09-27T09:46:58.041Z,896749,ABY774,4444748,36000,2026-09-27T09:46:32.798Z,72800,4444914,36000,2026-09-27T09:47:21.143Z,36800,-36800,25.243,23.102,87469.79360614823,-95576.14059388798,A20N,110900,HIGH_CONFIDENCE_BUG,~2x surrounding altitude with impossible implied vertical rates,SET_ALTITUDE_NULL
4445082,117422,2026-09-27T09:47:58.363Z,896749,ABY774,4444999,36000,2026-09-27T09:47:42.224Z,72800,4445164,36000,2026-09-27T09:48:26.680Z,36800,-36800,16.139,28.317,136811.4505235764,-77974.36169085708,A20N,110900,HIGH_CONFIDENCE_BUG,~2x surrounding altitude with impossible implied vertical rates,SET_ALTITUDE_NULL
4445032,117424,2026-09-27T09:47:53.668Z,4080E0,BAW7WN,4444944,30325,2026-09-27T09:47:32.128Z,63000,4445116,31550,2026-09-27T09:48:19.222Z,32675,-31450,21.54,25.554,91016.713091922,-73843.62526414651,A20N,87500,HIGH_CONFIDENCE_BUG,~2x surrounding altitude with impossible implied vertical rates,SET_ALTITUDE_NULL
4445799,117424,2026-09-27T09:51:13.558Z,4080E0,BAW7WN,4445711,34650,2026-09-27T09:50:52.331Z,71050,4445890,35425,2026-09-27T09:51:36.243Z,36400,-35625,21.227,22.685,102887.8315353088,-94225.25898170598,A20N,87500,HIGH_CONFIDENCE_BUG,~2x surrounding altitude with impossible implied vertical rates,SET_ALTITUDE_NULL
4443890,117427,2026-09-27T09:42:53.588Z,3C6758,DLH686,4443811,35000,2026-09-27T09:42:22.377Z,71000,4443965,35000,2026-09-27T09:43:15.436Z,36000,-36000,31.211,21.848,69206.36954919739,-98864.88465763457,A320,71000,HIGH_CONFIDENCE_BUG,~2x surrounding altitude with impossible implied vertical rates,SET_ALTITUDE_NULL
4444447,117427,2026-09-27T09:45:25.198Z,3C6758,DLH686,4444362,35000,2026-09-27T09:44:56.617Z,71000,4444528,35000,2026-09-27T09:45:29.210Z,36000,-36000,28.581,4.012,75574.68248136874,-538384.8454636091,A320,71000,HIGH_CONFIDENCE_BUG,~2x surrounding altitude with impossible implied vertical rates,SET_ALTITUDE_NULL
4445123,117429,2026-09-27T09:48:19.140Z,501C2F,CFG5KR,4445039,34000,2026-09-27T09:47:57.572Z,68400,4445209,34000,2026-09-27T09:48:37.379Z,34400,-34400,21.568,18.239,95697.3293768546,-113164.09890893141,A319,85900,HIGH_CONFIDENCE_BUG,~2x surrounding altitude with impossible implied vertical rates,SET_ALTITUDE_NULL
4444319,117430,2026-09-27T09:44:41.078Z,06A2B4,QTR21X,4444238,32000,2026-09-27T09:44:19.595Z,64800,4444402,32000,2026-09-27T09:44:54.370Z,32800,-32800,21.483,13.292,91607.31741376904,-148058.98284682515,B77W,118900,HIGH_CONFIDENCE_BUG,~2x surrounding altitude with impossible implied vertical rates,SET_ALTITUDE_NULL
4444416,117432,2026-09-27T09:45:09.416Z,4CADF7,RYR6BZ,4444333,37000,2026-09-27T09:44:49.045Z,74600,4444502,37000,2026-09-27T09:45:32.190Z,37600,-37600,20.371,22.774,110745.6678611752,-99060.3319574954,B38M,74600,HIGH_CONFIDENCE_BUG,~2x surrounding altitude with impossible implied vertical rates,SET_ALTITUDE_NULL
4444582,117432,2026-09-27T09:45:53.982Z,4CADF7,RYR6BZ,4444502,37000,2026-09-27T09:45:32.190Z,74600,4444664,37000,2026-09-27T09:46:14.168Z,37600,-37600,21.792,20.186,103524.22907488987,-111760.62617655801,B38M,74600,HIGH_CONFIDENCE_BUG,~2x surrounding altitude with impossible implied vertical rates,SET_ALTITUDE_NULL
4445843,117432,2026-09-27T09:51:20.122Z,4CADF7,RYR6BZ,4445754,37000,2026-09-27T09:50:58.916Z,74600,4445931,37000,2026-09-27T09:51:42.934Z,37600,-37600,21.206,22.812,106384.9853814958,-98895.31825355077,B38M,74600,HIGH_CONFIDENCE_BUG,~2x surrounding altitude with impossible implied vertical rates,SET_ALTITUDE_NULL
4446764,117432,2026-09-27T09:55:22.177Z,4CADF7,RYR6BZ,4446680,37000,2026-09-27T09:55:01.454Z,74600,4446847,37000,2026-09-27T09:55:43.642Z,37600,-37600,20.723,21.465,108864.54663900015,-105101.32774283718,B38M,74600,HIGH_CONFIDENCE_BUG,~2x surrounding altitude with impossible implied vertical rates,SET_ALTITUDE_NULL
4447114,117432,2026-09-27T09:56:46.413Z,4CADF7,RYR6BZ,4447023,37000,2026-09-27T09:56:22.145Z,74600,4447204,37000,2026-09-27T09:57:09.331Z,37600,-37600,24.268,22.918,92961.92516894676,-98437.90906710882,B38M,74600,HIGH_CONFIDENCE_BUG,~2x surrounding altitude with impossible implied vertical rates,SET_ALTITUDE_NULL
4447383,117432,2026-09-27T09:57:48.102Z,4CADF7,RYR6BZ,4447293,37000,2026-09-27T09:57:30.958Z,74600,4447470,37000,2026-09-27T09:58:17.869Z,37600,-37600,17.144,29.767,131591.22725151657,-75788.62498740216,B38M,74600,HIGH_CONFIDENCE_BUG,~2x surrounding altitude with impossible implied vertical rates,SET_ALTITUDE_NULL
4447552,117432,2026-09-27T09:58:34.693Z,4CADF7,RYR6BZ,4447470,37000,2026-09-27T09:58:17.869Z,74600,4447639,37000,2026-09-27T09:59:02.897Z,37600,-37600,16.824,28.204,134094.1512125535,-79988.65409161821,B38M,74600,HIGH_CONFIDENCE_BUG,~2x surrounding altitude with impossible implied vertical rates,SET_ALTITUDE_NULL
4444024,117433,2026-09-27T09:43:21.362Z,4BCE05,SXS3XF,4443947,33000,2026-09-27T09:42:49.425Z,66600,4444100,33000,2026-09-27T09:43:35.576Z,33600,-33600,31.937,14.214,63124.275918213985,-141831.9966230477,B738,79700,HIGH_CONFIDENCE_BUG,~2x surrounding altitude with impossible implied vertical rates,SET_ALTITUDE_NULL
4445415,117433,2026-09-27T09:49:30.411Z,4BCE05,SXS3XF,4445334,34425,2026-09-27T09:49:06.102Z,70050,4445498,34975,2026-09-27T09:49:53.785Z,35625,-35075,24.309,23.374,87930.39614957423,-90035.93736630444,B738,79700,HIGH_CONFIDENCE_BUG,~2x surrounding altitude with impossible implied vertical rates,SET_ALTITUDE_NULL
4445668,117433,2026-09-27T09:50:32.627Z,4BCE05,SXS3XF,4445580,35000,2026-09-27T09:50:14.499Z,71000,4445755,35000,2026-09-27T09:50:58.411Z,36000,-36000,18.128,25.784,119152.69196822596,-83772.88240769469,B738,79700,HIGH_CONFIDENCE_BUG,~2x surrounding altitude with impossible implied vertical rates,SET_ALTITUDE_NULL
4445932,117433,2026-09-27T09:51:41.179Z,4BCE05,SXS3XF,4445845,35000,2026-09-27T09:51:20.266Z,71000,4446018,35000,2026-09-27T09:52:04.672Z,36000,-36000,20.913,23.493,103285.03801463204,-91942.2806793513,B738,79700,HIGH_CONFIDENCE_BUG,~2x surrounding altitude with impossible implied vertical rates,SET_ALTITUDE_NULL
4446191,117433,2026-09-27T09:52:46.828Z,4BCE05,SXS3XF,4446108,35000,2026-09-27T09:52:16.170Z,71000,4446272,35000,2026-09-27T09:53:06.698Z,36000,-36000,30.658,19.87,70454.6937177898,-108706.59285354806,B738,79700,HIGH_CONFIDENCE_BUG,~2x surrounding altitude with impossible implied vertical rates,SET_ALTITUDE_NULL
4446356,117433,2026-09-27T09:53:33.526Z,4BCE05,SXS3XF,4446272,35000,2026-09-27T09:53:06.698Z,71350,4446436,35675,2026-09-27T09:53:51.681Z,36350,-35675,26.828,18.155,81295.66124944089,-117901.40457174333,B738,79700,HIGH_CONFIDENCE_BUG,~2x surrounding altitude with impossible implied vertical rates,SET_ALTITUDE_NULL
4446765,117433,2026-09-27T09:55:21.903Z,4BCE05,SXS3XF,4446682,36850,2026-09-27T09:55:00.707Z,74600,4446848,37000,2026-09-27T09:55:44.434Z,37750,-37600,21.196,22.531,106859.78486506888,-100128.71155297146,B738,79700,HIGH_CONFIDENCE_BUG,~2x surrounding altitude with impossible implied vertical rates,SET_ALTITUDE_NULL
4444995,117434,2026-09-27T09:47:41.624Z,896596,ETD8NY,4444911,37000,2026-09-27T09:47:20.979Z,74600,4445079,37000,2026-09-27T09:48:03.220Z,37600,-37600,20.645,21.596,109275.85371760717,-104463.78959066494,A35K,74600,HIGH_CONFIDENCE_BUG,~2x surrounding altitude with impossible implied vertical rates,SET_ALTITUDE_NULL
4445930,117434,2026-09-27T09:51:41.176Z,896596,ETD8NY,4445846,37000,2026-09-27T09:51:20.123Z,74600,4446016,37000,2026-09-27T09:52:00.601Z,37600,-37600,21.053,19.425,107158.12473281717,-116138.99613899614,A35K,74600,HIGH_CONFIDENCE_BUG,~2x surrounding altitude with impossible implied vertical rates,SET_ALTITUDE_NULL
4444246,117435,2026-09-27T09:44:23.376Z,501C4B,CTN4409,4444170,34650,2026-09-27T09:43:35.833Z,69400,4444327,33900,2026-09-27T09:44:42.628Z,34750,-35500,47.543,19.252,43855.03649327977,-110637.85580718885,BCS1,79700,HIGH_CONFIDENCE_BUG,~2x surrounding altitude with impossible implied vertical rates,SET_ALTITUDE_NULL
4444409,117435,2026-09-27T09:45:06.006Z,501C4B,CTN4409,4444327,33900,2026-09-27T09:44:42.628Z,67900,4444491,33175,2026-09-27T09:45:27.453Z,34000,-34725,23.378,21.447,87261.52793224399,-97146.45404951742,BCS1,79700,HIGH_CONFIDENCE_BUG,~2x surrounding altitude with impossible implied vertical rates,SET_ALTITUDE_NULL
4445155,117435,2026-09-27T09:48:23.293Z,501C4B,CTN4409,4445071,33000,2026-09-27T09:48:01.448Z,66600,4445241,32675,2026-09-27T09:48:41.753Z,33600,-33925,21.845,18.46,92286.56443121996,-110265.43878656556,BCS1,79700,HIGH_CONFIDENCE_BUG,~2x surrounding altitude with impossible implied vertical rates,SET_ALTITUDE_NULL
4444107,117437,2026-09-27T09:43:41.523Z,4C01ED,ASL131,4444027,35000,2026-09-27T09:42:53.072Z,66300,4444183,35025,2026-09-27T09:43:48.970Z,31300,-31275,48.451,7.447,38760.80989040474,-251980.6633543709,A319,66300,HIGH_CONFIDENCE_BUG,~2x surrounding altitude with impossible implied vertical rates,SET_ALTITUDE_NULL
4444290,117438,2026-09-27T09:44:41.078Z,4BCDAB,SXS6PL,4444211,37000,2026-09-27T09:44:20.290Z,74600,4444377,37000,2026-09-27T09:45:04.664Z,37600,-37600,20.788,23.586,108524.1485472388,-95649.96184177054,B38M,74600,HIGH_CONFIDENCE_BUG,~2x surrounding altitude with impossible implied vertical rates,SET_ALTITUDE_NULL
4447450,117438,2026-09-27T09:58:09.236Z,4BCDAB,SXS6PL,4447362,37000,2026-09-27T09:57:38.060Z,74600,4447534,37000,2026-09-27T09:58:31.361Z,37600,-37600,31.176,22.125,72363.35642802157,-101966.10169491525,B38M,74600,HIGH_CONFIDENCE_BUG,~2x surrounding altitude with impossible implied vertical rates,SET_ALTITUDE_NULL
4447621,117438,2026-09-27T09:58:36.478Z,4BCDAB,SXS6PL,4447534,37000,2026-09-27T09:58:31.361Z,74600,4447708,37000,2026-09-27T09:59:13.664Z,37600,-37600,5.117,37.186,440883.33007621655,-60667.993330823425,B38M,74600,HIGH_CONFIDENCE_BUG,~2x surrounding altitude with impossible implied vertical rates,SET_ALTITUDE_NULL
4447796,117438,2026-09-27T09:59:17.621Z,4BCDAB,SXS6PL,4447708,37000,2026-09-27T09:59:13.664Z,74600,4447881,37000,2026-09-27T09:59:58.633Z,37600,-37600,3.957,41.012,570128.8855193328,-55008.29025651029,B38M,74600,HIGH_CONFIDENCE_BUG,~2x surrounding altitude with impossible implied vertical rates,SET_ALTITUDE_NULL
4443750,117439,2026-09-27T09:42:08.744Z,3C48F1,EWG43Q,4443603,38025,2026-09-27T09:41:23.392Z,76425,4443825,38025,2026-09-27T09:42:27.245Z,38400,-38400,45.352,18.501,50802.610689716,-124533.8089832982,A319,118700,HIGH_CONFIDENCE_BUG,~2x surrounding altitude with impossible implied vertical rates,SET_ALTITUDE_NULL
4444129,117439,2026-09-27T09:43:58.823Z,3C48F1,EWG43Q,4444058,38025,2026-09-27T09:43:29.854Z,71700,4444205,38000,2026-09-27T09:44:20.699Z,33675,-33700,28.969,21.876,69746.9708999275,-92430.06034009875,A319,118700,HIGH_CONFIDENCE_BUG,~2x surrounding altitude with impossible implied vertical rates,SET_ALTITUDE_NULL
4444872,117439,2026-09-27T09:47:13.767Z,3C48F1,EWG43Q,4444784,38000,2026-09-27T09:46:51.617Z,76400,4444954,38000,2026-09-27T09:47:28.818Z,38400,-38400,22.15,15.051,104018.05869074493,-153079.52959936217,A319,118700,HIGH_CONFIDENCE_BUG,~2x surrounding altitude with impossible implied vertical rates,SET_ALTITUDE_NULL
4446401,117440,2026-09-27T09:53:45.542Z,AC6346,TWY65,4446318,35275,2026-09-27T09:53:20.893Z,74700,4446483,35975,2026-09-27T09:54:01.458Z,39425,-38725,24.649,15.916,95967.3820438963,-145985.1721538075,G650,91800,HIGH_CONFIDENCE_BUG,~2x surrounding altitude with impossible implied vertical rates,SET_ALTITUDE_NULL
4446565,117440,2026-09-27T09:54:25.496Z,AC6346,TWY65,4446483,35975,2026-09-27T09:54:01.458Z,73250,4446646,36700,2026-09-27T09:54:45.724Z,37275,-36550,24.038,20.228,93040.18637157833,-108414.079493771,G650,91800,HIGH_CONFIDENCE_BUG,~2x surrounding altitude with impossible implied vertical rates,SET_ALTITUDE_NULL
4444546,117441,2026-09-27T09:45:47.918Z,4BCDA9,SXS8HN,4444462,35000,2026-09-27T09:45:26.264Z,71000,4444629,35000,2026-09-27T09:46:09.872Z,36000,-36000,21.654,21.954,99750.62344139651,-98387.53757857338,B38M,71000,HIGH_CONFIDENCE_BUG,~2x surrounding altitude with impossible implied vertical rates,SET_ALTITUDE_NULL
4444794,117441,2026-09-27T09:46:52.771Z,4BCDA9,SXS8HN,4444710,35000,2026-09-27T09:46:31.501Z,71000,4444882,35000,2026-09-27T09:47:15.163Z,36000,-36000,21.27,22.392,101551.48095909733,-96463.02250803859,B38M,71000,HIGH_CONFIDENCE_BUG,~2x surrounding altitude with impossible implied vertical rates,SET_ALTITUDE_NULL
4446084,117441,2026-09-27T09:52:20.259Z,4BCDA9,SXS8HN,4445998,35000,2026-09-27T09:51:58.061Z,71000,4446178,35000,2026-09-27T09:52:41.039Z,36000,-36000,22.198,20.78,97306.06360933417,-103946.10202117421,B38M,71000,HIGH_CONFIDENCE_BUG,~2x surrounding altitude with impossible implied vertical rates,SET_ALTITUDE_NULL
4446665,117441,2026-09-27T09:54:33.238Z,4BCDA9,SXS8HN,4446584,35000,2026-09-27T09:54:27.236Z,71000,4446748,35000,2026-09-27T09:55:12.842Z,36000,-36000,6.002,39.604,359880.0399866711,-54539.945460054536,B38M,71000,HIGH_CONFIDENCE_BUG,~2x surrounding altitude with impossible implied vertical rates,SET_ALTITUDE_NULL
4446917,117441,2026-09-27T09:55:56.313Z,4BCDA9,SXS8HN,4446831,35000,2026-09-27T09:55:34.631Z,71000,4447004,35000,2026-09-27T09:56:19.196Z,36000,-36000,21.682,22.883,99621.80610644774,-94393.21767250798,B38M,71000,HIGH_CONFIDENCE_BUG,~2x surrounding altitude with impossible implied vertical rates,SET_ALTITUDE_NULL
4447451,117441,2026-09-27T09:58:00.560Z,4BCDA9,SXS8HN,4447363,35000,2026-09-27T09:57:11.568Z,71000,4447535,35000,2026-09-27T09:58:27.672Z,36000,-36000,48.992,27.112,44088.83082952319,-79669.51903216288,B38M,71000,HIGH_CONFIDENCE_BUG,~2x surrounding altitude with impossible implied vertical rates,SET_ALTITUDE_NULL
4446914,117442,2026-09-27T09:55:56.094Z,471D70,WZZ976,4446828,36000,2026-09-27T09:55:34.410Z,72800,4447001,36000,2026-09-27T09:56:19.252Z,36800,-36800,21.684,23.158,101826.2313226342,-95345.02115899473,A21N,101100,HIGH_CONFIDENCE_BUG,~2x surrounding altitude with impossible implied vertical rates,SET_ALTITUDE_NULL
4447788,117442,2026-09-27T09:59:35.729Z,471D70,WZZ976,4447702,36000,2026-09-27T09:59:10.902Z,72800,4447876,36000,2026-09-27T09:59:43.176Z,36800,-36800,24.827,7.447,88935.43319772829,-296495.23297972337,A21N,101100,HIGH_CONFIDENCE_BUG,~2x surrounding altitude with impossible implied vertical rates,SET_ALTITUDE_NULL
4443846,117443,2026-09-27T09:42:31.991Z,490D84,NJE283D,4443770,36000,2026-09-27T09:42:10.418Z,72800,4443918,36000,2026-09-27T09:42:53.561Z,36800,-36800,21.573,21.57,102350.15992212489,-102364.3949930459,CL60,72800,HIGH_CONFIDENCE_BUG,~2x surrounding altitude with impossible implied vertical rates,SET_ALTITUDE_NULL
4444883,117443,2026-09-27T09:47:15.082Z,490D84,NJE283D,4444797,36000,2026-09-27T09:46:53.532Z,72800,4444964,36000,2026-09-27T09:47:36.953Z,36800,-36800,21.55,21.871,102459.39675174013,-100955.60331031961,CL60,72800,HIGH_CONFIDENCE_BUG,~2x surrounding altitude with impossible implied vertical rates,SET_ALTITUDE_NULL
4446161,117443,2026-09-27T09:52:41.914Z,490D84,NJE283D,4446075,36000,2026-09-27T09:52:20.341Z,72800,4446246,36000,2026-09-27T09:53:00.007Z,36800,-36800,21.573,18.093,102350.15992212489,-122036.14657602388,CL60,72800,HIGH_CONFIDENCE_BUG,~2x surrounding altitude with impossible implied vertical rates,SET_ALTITUDE_NULL
4446492,117443,2026-09-27T09:54:08.068Z,490D84,NJE283D,4446411,36000,2026-09-27T09:53:46.493Z,72800,4446573,36000,2026-09-27T09:54:30.423Z,36800,-36800,21.575,22.355,102340.67207415991,-98769.85014538135,CL60,72800,HIGH_CONFIDENCE_BUG,~2x surrounding altitude with impossible implied vertical rates,SET_ALTITUDE_NULL
4447263,117443,2026-09-27T09:57:23.412Z,490D84,NJE283D,4447173,36000,2026-09-27T09:56:59.853Z,72800,4447353,36000,2026-09-27T09:57:43.498Z,36800,-36800,23.559,20.086,93722.1444034127,-109927.31255600916,CL60,72800,HIGH_CONFIDENCE_BUG,~2x surrounding altitude with impossible implied vertical rates,SET_ALTITUDE_NULL
4448037,117443,2026-09-27T10:00:41.100Z,490D84,NJE283D,4447953,36000,2026-09-27T10:00:19.630Z,72800,4448122,36000,2026-09-27T10:00:54.374Z,36800,-36800,21.47,13.274,102841.17373078714,-166340.21395208678,CL60,72800,HIGH_CONFIDENCE_BUG,~2x surrounding altitude with impossible implied vertical rates,SET_ALTITUDE_NULL
4445112,117453,2026-09-27T09:48:09.441Z,8963F7,UAE1,4445028,40000,2026-09-27T09:46:57.768Z,80800,4445200,40000,2026-09-27T09:48:29.762Z,40800,-40800,71.673,20.321,34155.12117533799,-120466.51247477978,A388,101900,HIGH_CONFIDENCE_BUG,~2x surrounding altitude with impossible implied vertical rates,SET_ALTITUDE_NULL
4445618,117453,2026-09-27T09:50:23.303Z,8963F7,UAE1,4445533,40000,2026-09-27T09:50:02.110Z,80800,4445706,40000,2026-09-27T09:50:48.164Z,40800,-40800,21.193,24.861,115509.83815410748,-98467.4791842645,A388,101900,HIGH_CONFIDENCE_BUG,~2x surrounding altitude with impossible implied vertical rates,SET_ALTITUDE_NULL
4447943,117453,2026-09-27T10:00:16.678Z,8963F7,UAE1,4447857,40000,2026-09-27T09:59:49.401Z,80800,4448027,40000,2026-09-27T10:00:19.525Z,40800,-40800,27.277,2.847,89745.93980276423,-859852.4762908325,A388,101900,HIGH_CONFIDENCE_BUG,~2x surrounding altitude with impossible implied vertical rates,SET_ALTITUDE_NULL
4444758,117454,2026-09-27T09:46:36.042Z,4BC84B,PGT6BT,4444675,34000,2026-09-27T09:46:17.231Z,68400,4444843,34000,2026-09-27T09:46:58.885Z,34400,-34400,18.811,22.843,109723.03439476901,-90355.90771790045,A21N,85900,HIGH_CONFIDENCE_BUG,~2x surrounding altitude with impossible implied vertical rates,SET_ALTITUDE_NULL
4445176,117454,2026-09-27T09:48:31.432Z,4BC84B,PGT6BT,4445094,34000,2026-09-27T09:47:22.507Z,68400,4445262,34000,2026-09-27T09:48:50.582Z,34400,-34400,68.925,19.15,29945.593035908598,-107780.67885117493,A21N,85900,HIGH_CONFIDENCE_BUG,~2x surrounding altitude with impossible implied vertical rates,SET_ALTITUDE_NULL
4444421,117457,2026-09-27T09:44:57.650Z,4BCE15,SXS1322,4444339,36000,2026-09-27T09:44:01.912Z,72800,4444504,36000,2026-09-27T09:45:34.153Z,36800,-36800,55.738,36.503,39613.9079263698,-60488.179053776395,B738,94375,HIGH_CONFIDENCE_BUG,~2x surrounding altitude with impossible implied vertical rates,SET_ALTITUDE_NULL
4444860,117458,2026-09-27T09:47:07.170Z,3C6522,LHX6UW,4444773,35000,2026-09-27T09:46:51.761Z,71000,4444943,35000,2026-09-27T09:47:35.917Z,36000,-36000,15.409,28.747,140177.81815821922,-75138.27529829199,A20N,71000,HIGH_CONFIDENCE_BUG,~2x surrounding altitude with impossible implied vertical rates,SET_ALTITUDE_NULL
4445201,117458,2026-09-27T09:48:41.469Z,3C6522,LHX6UW,4445115,35000,2026-09-27T09:48:19.003Z,71000,4445287,35000,2026-09-27T09:49:03.053Z,36000,-36000,22.466,21.584,96145.2862102733,-100074.12898443291,A20N,71000,HIGH_CONFIDENCE_BUG,~2x surrounding altitude with impossible implied vertical rates,SET_ALTITUDE_NULL
4445372,117458,2026-09-27T09:49:25.550Z,3C6522,LHX6UW,4445287,35000,2026-09-27T09:49:03.053Z,70175,4445455,35000,2026-09-27T09:49:47.696Z,35175,-35175,22.497,22.146,93812.50833444459,-95299.37686263885,A20N,71000,HIGH_CONFIDENCE_BUG,~2x surrounding altitude with impossible implied vertical rates,SET_ALTITUDE_NULL
4446072,117458,2026-09-27T09:52:16.521Z,3C6522,LHX6UW,4445984,35025,2026-09-27T09:51:54.338Z,71000,4446165,35000,2026-09-27T09:52:37.458Z,35975,-36000,22.183,20.937,97304.24198710723,-103166.64278549937,A20N,71000,HIGH_CONFIDENCE_BUG,~2x surrounding altitude with impossible implied vertical rates,SET_ALTITUDE_NULL
4446909,117458,2026-09-27T09:55:54.098Z,3C6522,LHX6UW,4446824,35000,2026-09-27T09:55:10.789Z,71000,4446997,35000,2026-09-27T09:56:18.187Z,36000,-36000,43.309,24.089,49874.16010528989,-89667.48308356511,A20N,71000,HIGH_CONFIDENCE_BUG,~2x surrounding altitude with impossible implied vertical rates,SET_ALTITUDE_NULL
4447443,117458,2026-09-27T09:58:06.590Z,3C6522,LHX6UW,4447355,35000,2026-09-27T09:57:43.615Z,71000,4447529,35000,2026-09-27T09:58:30.192Z,36000,-36000,22.975,23.602,94015.23394994558,-91517.66799423778,A20N,71000,HIGH_CONFIDENCE_BUG,~2x surrounding altitude with impossible implied vertical rates,SET_ALTITUDE_NULL
4447614,117458,2026-09-27T09:58:46.001Z,3C6522,LHX6UW,4447529,35000,2026-09-27T09:58:30.192Z,71000,4447700,35000,2026-09-27T09:59:11.311Z,36000,-36000,15.809,25.31,136631.03295591119,-85341.76214934808,A20N,71000,HIGH_CONFIDENCE_BUG,~2x surrounding altitude with impossible implied vertical rates,SET_ALTITUDE_NULL
4444239,117459,2026-09-27T09:44:05.191Z,8964A2,UAE93Q,4444163,35000,2026-09-27T09:43:13.637Z,71000,4444323,35000,2026-09-27T09:44:41.078Z,36000,-36000,51.554,35.887,41897.81588237576,-60188.926352160954,B77W,71000,HIGH_CONFIDENCE_BUG,~2x surrounding altitude with impossible implied vertical rates,SET_ALTITUDE_NULL
4444494,117460,2026-09-27T09:45:28.309Z,3C66E1,DLH1UL,4444411,30075,2026-09-27T09:45:06.006Z,61900,4444576,31050,2026-09-27T09:45:47.563Z,31825,-30850,22.303,19.254,85616.2848047348,-96135.86787161109,A320,85900,HIGH_CONFIDENCE_BUG,~2x surrounding altitude with impossible implied vertical rates,SET_ALTITUDE_NULL
4445157,117460,2026-09-27T09:48:21.886Z,3C66E1,DLH1UL,4445075,32000,2026-09-27T09:48:01.886Z,64800,4445243,32000,2026-09-27T09:48:44.098Z,32800,-32800,20,22.212,98400,-88600.75634792005,A320,85900,HIGH_CONFIDENCE_BUG,~2x surrounding altitude with impossible implied vertical rates,SET_ALTITUDE_NULL
4444751,117461,2026-09-27T09:46:40.155Z,AB2AE1,CMB532,4444671,37000,2026-09-27T09:46:17.737Z,74600,4444838,37000,2026-09-27T09:47:02.493Z,37600,-37600,22.418,22.338,100633.41957355697,-100993.82218640881,B772,74600,HIGH_CONFIDENCE_BUG,~2x surrounding altitude with impossible implied vertical rates,SET_ALTITUDE_NULL
4445255,117461,2026-09-27T09:48:51.311Z,AB2AE1,CMB532,4445171,37000,2026-09-27T09:48:28.834Z,74600,4445339,37000,2026-09-27T09:49:13.482Z,37600,-37600,22.477,22.171,100369.2663611692,-101754.54422443733,B772,74600,HIGH_CONFIDENCE_BUG,~2x surrounding altitude with impossible implied vertical rates,SET_ALTITUDE_NULL
4446362,117461,2026-09-27T09:53:36.207Z,AB2AE1,CMB532,4446279,37000,2026-09-27T09:53:14.384Z,74600,4446440,37000,2026-09-27T09:53:59.277Z,37600,-37600,21.823,23.07,103377.17087476514,-97789.3368010403,B772,74600,HIGH_CONFIDENCE_BUG,~2x surrounding altitude with impossible implied vertical rates,SET_ALTITUDE_NULL
4446605,117461,2026-09-27T09:54:42.194Z,AB2AE1,CMB532,4446526,37000,2026-09-27T09:54:17.271Z,74600,4446689,37000,2026-09-27T09:55:04.212Z,37600,-37600,24.923,22.018,90518.79789752438,-102461.62230901989,B772,74600,HIGH_CONFIDENCE_BUG,~2x surrounding altitude with impossible implied vertical rates,SET_ALTITUDE_NULL
4447034,117461,2026-09-27T09:56:30.719Z,AB2AE1,CMB532,4446946,37000,2026-09-27T09:56:09.884Z,74600,4447125,37000,2026-09-27T09:56:52.484Z,37600,-37600,20.835,21.765,108279.33765298776,-103652.65334252239,B772,74600,HIGH_CONFIDENCE_BUG,~2x surrounding altitude with impossible implied vertical rates,SET_ALTITUDE_NULL
4447998,117461,2026-09-27T10:00:32.791Z,AB2AE1,CMB532,4447915,37000,2026-09-27T10:00:10.894Z,74600,4448084,37000,2026-09-27T10:00:54.885Z,37600,-37600,21.897,22.094,103027.81202904508,-102109.1699103829,B772,74600,HIGH_CONFIDENCE_BUG,~2x surrounding altitude with impossible implied vertical rates,SET_ALTITUDE_NULL
4446466,117464,2026-09-27T09:54:00.611Z,4BB86B,PGT26DZ,4446385,36000,2026-09-27T09:53:36.721Z,72800,4446547,36000,2026-09-27T09:54:23.826Z,36800,-36800,23.89,23.215,92423.60820426956,-95110.91966401033,A20N,72825,HIGH_CONFIDENCE_BUG,~2x surrounding altitude with impossible implied vertical rates,SET_ALTITUDE_NULL
4446636,117464,2026-09-27T09:54:45.499Z,4BB86B,PGT26DZ,4446547,36000,2026-09-27T09:54:23.826Z,72800,4446714,36000,2026-09-27T09:55:06.639Z,36800,-36800,21.673,21.14,101877.9126101601,-104446.54683065279,A20N,72825,HIGH_CONFIDENCE_BUG,~2x surrounding altitude with impossible implied vertical rates,SET_ALTITUDE_NULL
4446883,117464,2026-09-27T09:55:47.739Z,4BB86B,PGT26DZ,4446799,36000,2026-09-27T09:55:28.923Z,72800,4446968,36000,2026-09-27T09:56:11.848Z,36800,-36800,18.816,24.109,117346.9387755102,-91584.05574681655,A20N,72825,HIGH_CONFIDENCE_BUG,~2x surrounding altitude with impossible implied vertical rates,SET_ALTITUDE_NULL
4447058,117464,2026-09-27T09:56:30.692Z,4BB86B,PGT26DZ,4446968,36000,2026-09-27T09:56:11.848Z,72800,4447148,36000,2026-09-27T09:56:56.494Z,36800,-36800,18.844,25.802,117172.57482487794,-85574.76164638401,A20N,72825,HIGH_CONFIDENCE_BUG,~2x surrounding altitude with impossible implied vertical rates,SET_ALTITUDE_NULL
4447417,117464,2026-09-27T09:58:03.442Z,4BB86B,PGT26DZ,4447331,36000,2026-09-27T09:57:36.771Z,72800,4447504,36000,2026-09-27T09:58:25.247Z,36800,-36800,26.671,21.805,82786.54718608226,-101261.17862875487,A20N,72825,HIGH_CONFIDENCE_BUG,~2x surrounding altitude with impossible implied vertical rates,SET_ALTITUDE_NULL
4448186,117464,2026-09-27T10:01:19.095Z,4BB86B,PGT26DZ,4448100,36000,2026-09-27T10:00:54.289Z,72800,4448272,36000,2026-09-27T10:01:38.382Z,36800,-36800,24.806,19.287,89010.7232121261,-114481.25680510188,A20N,72825,HIGH_CONFIDENCE_BUG,~2x surrounding altitude with impossible implied vertical rates,SET_ALTITUDE_NULL
4448357,117464,2026-09-27T10:01:44.830Z,4BB86B,PGT26DZ,4448272,36000,2026-09-27T10:01:38.382Z,72800,4448440,36000,2026-09-27T10:02:24.172Z,36800,-36800,6.448,39.342,342431.7617866005,-56123.227085557424,A20N,72825,HIGH_CONFIDENCE_BUG,~2x surrounding altitude with impossible implied vertical rates,SET_ALTITUDE_NULL
4449280,117464,2026-09-27T10:06:03.723Z,4BB86B,PGT26DZ,4449195,36000,2026-09-27T10:05:39.019Z,72800,4449365,36000,2026-09-27T10:06:25.516Z,36800,-36800,24.704,21.793,89378.23834196891,-101316.93663102831,A20N,72825,HIGH_CONFIDENCE_BUG,~2x surrounding altitude with impossible implied vertical rates,SET_ALTITUDE_NULL
4449792,117464,2026-09-27T10:08:10.756Z,4BB86B,PGT26DZ,4449706,36000,2026-09-27T10:07:52.462Z,72800,4449883,36000,2026-09-27T10:08:26.595Z,36800,-36800,18.294,15.839,120695.30993768449,-139402.74007197423,A20N,72825,HIGH_CONFIDENCE_BUG,~2x surrounding altitude with impossible implied vertical rates,SET_ALTITUDE_NULL
4450060,117464,2026-09-27T10:09:19.269Z,4BB86B,PGT26DZ,4449971,36000,2026-09-27T10:08:52.014Z,72800,4450145,36000,2026-09-27T10:09:41.879Z,36800,-36800,27.255,22.61,81012.65822784811,-97655.90446704997,A20N,72825,HIGH_CONFIDENCE_BUG,~2x surrounding altitude with impossible implied vertical rates,SET_ALTITUDE_NULL
4450471,117464,2026-09-27T10:11:08.745Z,4BB86B,PGT26DZ,4450391,36000,2026-09-27T10:10:47.440Z,72800,4450547,36000,2026-09-27T10:11:30.803Z,36800,-36800,21.305,22.058,103637.64374559963,-100099.73705685012,A20N,72825,HIGH_CONFIDENCE_BUG,~2x surrounding altitude with impossible implied vertical rates,SET_ALTITUDE_NULL
4451483,117464,2026-09-27T10:15:31.077Z,4BB86B,PGT26DZ,4451395,36000,2026-09-27T10:15:10.353Z,72800,4451750,36000,2026-09-27T10:15:47.342Z,36800,-36800,20.724,16.265,106543.13839027216,-135751.61389486628,A20N,72825,HIGH_CONFIDENCE_BUG,~2x surrounding altitude with impossible implied vertical rates,SET_ALTITUDE_NULL
4444992,117465,2026-09-27T09:47:41.406Z,740828,RJA264,4444909,40975,2026-09-27T09:47:18.250Z,82600,4445077,40975,2026-09-27T09:48:01.639Z,41625,-41625,23.156,20.233,107855.4154430817,-123436.95942272525,B788,82600,HIGH_CONFIDENCE_BUG,~2x surrounding altitude with impossible implied vertical rates,SET_ALTITUDE_NULL
4445160,117465,2026-09-27T09:48:26.762Z,740828,RJA264,4445077,40975,2026-09-27T09:48:01.639Z,82600,4445246,41000,2026-09-27T09:48:48.631Z,41625,-41600,25.123,21.869,99410.89837997055,-114134.16251314647,B788,82600,HIGH_CONFIDENCE_BUG,~2x surrounding altitude with impossible implied vertical rates,SET_ALTITUDE_NULL
4445330,117465,2026-09-27T09:49:06.681Z,740828,RJA264,4445246,41000,2026-09-27T09:48:48.631Z,82575,4445412,41000,2026-09-27T09:49:30.192Z,41575,-41575,18.05,23.511,138199.4459833795,-106099.27268087279,B788,82600,HIGH_CONFIDENCE_BUG,~2x surrounding altitude with impossible implied vertical rates,SET_ALTITUDE_NULL
4446514,117465,2026-09-27T09:54:16.586Z,740828,RJA264,4446433,40975,2026-09-27T09:53:48.438Z,82600,4446594,41000,2026-09-27T09:54:27.129Z,41625,-41600,28.148,10.543,88727.44067074037,-236744.75955610359,B788,82600,HIGH_CONFIDENCE_BUG,~2x surrounding altitude with impossible implied vertical rates,SET_ALTITUDE_NULL
4446382,117467,2026-09-27T09:53:36.209Z,48E8F9,JDI24W,4446300,40000,2026-09-27T09:53:13.876Z,80800,4446463,40000,2026-09-27T09:54:01.703Z,40800,-40800,22.333,25.494,109613.57632203467,-96022.59355142387,E550,102600,HIGH_CONFIDENCE_BUG,~2x surrounding altitude with impossible implied vertical rates,SET_ALTITUDE_NULL
4446804,117468,2026-09-27T09:55:28.432Z,4AC9EE,SAS7742,4446719,38025,2026-09-27T09:54:57.573Z,76425,4446888,38025,2026-09-27T09:55:50.634Z,38400,-38400,30.859,22.202,74662.17310995172,-103774.43473560941,A20N,114800,HIGH_CONFIDENCE_BUG,~2x surrounding altitude with impossible implied vertical rates,SET_ALTITUDE_NULL
4444596,117469,2026-09-27T09:45:46.240Z,408183,EZY83BM,4444514,37025,2026-09-27T09:45:40.343Z,74625,4444680,37025,2026-09-27T09:46:12.031Z,37600,-37600,5.897,25.791,382567.4071561811,-87472.37408398278,A20N,94675,HIGH_CONFIDENCE_BUG,~2x surrounding altitude with impossible implied vertical rates,SET_ALTITUDE_NULL
4446134,117469,2026-09-27T09:52:31.285Z,408183,EZY83BM,4446046,37000,2026-09-27T09:51:52.558Z,74600,4446216,37000,2026-09-27T09:52:53.166Z,37600,-37600,38.727,21.881,58253.93136571385,-103103.14885060098,A20N,94675,HIGH_CONFIDENCE_BUG,~2x surrounding altitude with impossible implied vertical rates,SET_ALTITUDE_NULL
4447222,117469,2026-09-27T09:57:17.766Z,408183,EZY83BM,4447131,37000,2026-09-27T09:56:46.914Z,74600,4447487,37000,2026-09-27T09:57:33.501Z,37600,-37600,30.852,15.735,73123.29832749903,-143374.64251668256,A20N,94675,HIGH_CONFIDENCE_BUG,~2x surrounding altitude with impossible implied vertical rates,SET_ALTITUDE_NULL
4446557,117470,2026-09-27T09:54:26.689Z,4400F8,AUA27Y,4446475,30000,2026-09-27T09:54:05.527Z,60400,4446640,30000,2026-09-27T09:54:48.754Z,30400,-30400,21.162,22.065,86192.2313580947,-82664.85384092454,A20N,79400,HIGH_CONFIDENCE_BUG,~2x surrounding altitude with impossible implied vertical rates,SET_ALTITUDE_NULL
4444437,117471,2026-09-27T09:45:02.938Z,4D21B1,FHM4762,4444354,36000,2026-09-27T09:45:01.142Z,72800,4444522,36000,2026-09-27T09:45:44.747Z,36800,-36800,1.796,41.809,1229398.6636971047,-52811.595589466386,A320,80675,HIGH_CONFIDENCE_BUG,~2x surrounding altitude with impossible implied vertical rates,SET_ALTITUDE_NULL
4445795,117471,2026-09-27T09:51:11.010Z,4D21B1,FHM4762,4445707,36000,2026-09-27T09:50:49.248Z,72800,4445884,36000,2026-09-27T09:51:28.698Z,36800,-36800,21.762,17.688,101461.26275158532,-124830.3934871099,A320,80675,HIGH_CONFIDENCE_BUG,~2x surrounding altitude with impossible implied vertical rates,SET_ALTITUDE_NULL
4445973,117471,2026-09-27T09:51:41.180Z,4D21B1,FHM4762,4445884,36000,2026-09-27T09:51:28.698Z,72800,4446060,36000,2026-09-27T09:52:16.493Z,36800,-36800,12.482,35.313,176894.72840890885,-62526.54829666128,A320,80675,HIGH_CONFIDENCE_BUG,~2x surrounding altitude with impossible implied vertical rates,SET_ALTITUDE_NULL
4446394,117471,2026-09-27T09:53:39.349Z,4D21B1,FHM4762,4446313,36000,2026-09-27T09:53:20.893Z,72800,4446476,36000,2026-09-27T09:54:05.417Z,36800,-36800,18.456,26.068,119635.89076723017,-84701.54979284947,A320,80675,HIGH_CONFIDENCE_BUG,~2x surrounding altitude with impossible implied vertical rates,SET_ALTITUDE_NULL
4447944,117471,2026-09-27T10:00:17.363Z,4D21B1,FHM4762,4447859,36000,2026-09-27T09:59:55.955Z,72800,4448028,36000,2026-09-27T10:00:37.916Z,36800,-36800,21.408,20.553,103139.01345291479,-107429.57232520799,A320,80675,HIGH_CONFIDENCE_BUG,~2x surrounding altitude with impossible implied vertical rates,SET_ALTITUDE_NULL
4445751,117475,2026-09-27T09:50:55.581Z,471F5D,WMT474,4445663,36000,2026-09-27T09:50:20.295Z,72800,4445839,36000,2026-09-27T09:51:16.915Z,36800,-36800,35.286,21.334,62574.39211018535,-103496.76572607107,A320,72800,HIGH_CONFIDENCE_BUG,~2x surrounding altitude with impossible implied vertical rates,SET_ALTITUDE_NULL
4446014,117475,2026-09-27T09:52:01.284Z,471F5D,WMT474,4445928,36000,2026-09-27T09:51:38.838Z,72800,4446098,36000,2026-09-27T09:52:22.719Z,36800,-36800,22.446,21.435,98369.4199411922,-103009.09727081875,A320,72800,HIGH_CONFIDENCE_BUG,~2x surrounding altitude with impossible implied vertical rates,SET_ALTITUDE_NULL
4446365,117478,2026-09-27T09:53:36.803Z,48AE03,LOT72,4446283,35975,2026-09-27T09:53:13.875Z,72800,4446445,36000,2026-09-27T09:53:59.140Z,36825,-36800,22.928,22.337,96366.8876482903,-98849.44262882213,B788,85800,HIGH_CONFIDENCE_BUG,~2x surrounding altitude with impossible implied vertical rates,SET_ALTITUDE_NULL
4446359,117480,2026-09-27T09:53:36.209Z,86DD4C,JAL42,4446277,34975,2026-09-27T09:53:13.867Z,70175,4446444,35000,2026-09-27T09:53:54.844Z,35200,-35175,22.342,18.635,94530.4807089786,-113254.628387443,B788,71000,HIGH_CONFIDENCE_BUG,~2x surrounding altitude with impossible implied vertical rates,SET_ALTITUDE_NULL
4446771,117480,2026-09-27T09:55:25.044Z,86DD4C,JAL42,4446686,34975,2026-09-27T09:55:02.921Z,70175,4446855,35000,2026-09-27T09:55:47.766Z,35200,-35175,22.123,22.722,95466.2568367762,-92883.54898336415,B788,71000,HIGH_CONFIDENCE_BUG,~2x surrounding altitude with impossible implied vertical rates,SET_ALTITUDE_NULL
4446943,117480,2026-09-27T09:56:05.625Z,86DD4C,JAL42,4446855,35000,2026-09-27T09:55:47.766Z,71000,4447032,35000,2026-09-27T09:56:30.501Z,36000,-36000,17.859,24.876,120947.4214681673,-86830.68017366136,B788,71000,HIGH_CONFIDENCE_BUG,~2x surrounding altitude with impossible implied vertical rates,SET_ALTITUDE_NULL
4447734,117480,2026-09-27T09:59:26.466Z,86DD4C,JAL42,4447647,35000,2026-09-27T09:59:05.904Z,71000,4447822,34975,2026-09-27T09:59:49.729Z,36000,-36025,20.562,23.263,105048.1470674059,-92915.78902119245,B788,71000,HIGH_CONFIDENCE_BUG,~2x surrounding altitude with impossible implied vertical rates,SET_ALTITUDE_NULL
4448079,117480,2026-09-27T10:00:54.287Z,86DD4C,JAL42,4447994,35000,2026-09-27T10:00:33.474Z,71000,4448163,34975,2026-09-27T10:01:16.242Z,36000,-36025,20.813,21.955,103781.29053956662,-98451.37781826463,B788,71000,HIGH_CONFIDENCE_BUG,~2x surrounding altitude with impossible implied vertical rates,SET_ALTITUDE_NULL
4449103,117480,2026-09-27T10:05:16.758Z,86DD4C,JAL42,4449020,35000,2026-09-27T10:04:55.323Z,71000,4449183,35000,2026-09-27T10:05:37.348Z,36000,-36000,21.435,20.59,100769.76906927921,-104905.29383195726,B788,71000,HIGH_CONFIDENCE_BUG,~2x surrounding altitude with impossible implied vertical rates,SET_ALTITUDE_NULL
4447250,117481,2026-09-27T09:57:21.319Z,48C2B7,RYR5XD,4447160,33650,2026-09-27T09:56:59.580Z,68400,4447340,34000,2026-09-27T09:57:41.125Z,34750,-34400,21.739,19.806,95910.57546345278,-104210.84519842472,B38M,99500,HIGH_CONFIDENCE_BUG,~2x surrounding altitude with impossible implied vertical rates,SET_ALTITUDE_NULL
4447428,117481,2026-09-27T09:58:03.426Z,48C2B7,RYR5XD,4447340,34000,2026-09-27T09:57:41.125Z,68400,4447517,34000,2026-09-27T09:58:17.491Z,34400,-34400,22.301,14.065,92551.90350208512,-146747.24493423392,B38M,99500,HIGH_CONFIDENCE_BUG,~2x surrounding altitude with impossible implied vertical rates,SET_ALTITUDE_NULL
4447602,117481,2026-09-27T09:58:40.400Z,48C2B7,RYR5XD,4447517,34000,2026-09-27T09:58:17.491Z,68400,4447689,34000,2026-09-27T09:59:10.705Z,34400,-34400,22.909,30.305,90095.59561744292,-68107.5730077545,B38M,99500,HIGH_CONFIDENCE_BUG,~2x surrounding altitude with impossible implied vertical rates,SET_ALTITUDE_NULL
4448374,117481,2026-09-27T10:02:06.702Z,48C2B7,RYR5XD,4448289,35925,2026-09-27T10:01:44.011Z,72800,4448459,36000,2026-09-27T10:02:28.846Z,36875,-36800,22.691,22.144,97505.61896787272,-99710.98265895955,B38M,99500,HIGH_CONFIDENCE_BUG,~2x surrounding altitude with impossible implied vertical rates,SET_ALTITUDE_NULL
4448548,117481,2026-09-27T10:02:50.254Z,48C2B7,RYR5XD,4448459,36000,2026-09-27T10:02:28.846Z,72850,4448635,36450,2026-09-27T10:03:11.738Z,36850,-36400,21.408,21.484,103279.14798206277,-101657.0471048222,B38M,99500,HIGH_CONFIDENCE_BUG,~2x surrounding altitude with impossible implied vertical rates,SET_ALTITUDE_NULL
4448802,117481,2026-09-27T10:03:54.968Z,48C2B7,RYR5XD,4448716,36800,2026-09-27T10:03:32.623Z,74775,4448887,37450,2026-09-27T10:04:17.740Z,37975,-37325,22.345,22.772,101969.12060863728,-98344.45810644652,B38M,99500,HIGH_CONFIDENCE_BUG,~2x surrounding altitude with impossible implied vertical rates,SET_ALTITUDE_NULL
4446775,117483,2026-09-27T09:55:25.290Z,AA69EE,N770KF,4446690,41000,2026-09-27T09:55:03.828Z,82600,4446859,41000,2026-09-27T09:55:47.576Z,41600,-41600,21.462,22.286,116298.57422421023,-111998.5641209728,GL6T,82675,HIGH_CONFIDENCE_BUG,~2x surrounding altitude with impossible implied vertical rates,SET_ALTITUDE_NULL
4445861,117484,2026-09-27T09:51:26.932Z,471F62,WZZ93QH,4445772,35000,2026-09-27T09:50:26.412Z,71000,4445949,35000,2026-09-27T09:51:47.927Z,36000,-36000,60.52,20.995,35690.6807666887,-102881.63848535366,A321,71000,HIGH_CONFIDENCE_BUG,~2x surrounding altitude with impossible implied vertical rates,SET_ALTITUDE_NULL
4446121,117484,2026-09-27T09:52:31.594Z,471F62,WZZ93QH,4446035,35000,2026-09-27T09:52:09.929Z,71000,4446204,35000,2026-09-27T09:52:51.197Z,36000,-36000,21.665,19.603,99699.97692130164,-110187.21624241187,A321,71000,HIGH_CONFIDENCE_BUG,~2x surrounding altitude with impossible implied vertical rates,SET_ALTITUDE_NULL
4446619,117484,2026-09-27T09:54:45.491Z,471F62,WZZ93QH,4446537,34825,2026-09-27T09:54:22.304Z,69750,4446702,34350,2026-09-27T09:55:05.966Z,34925,-35400,23.187,20.475,90373.91641868289,-103736.26373626373,A321,71000,HIGH_CONFIDENCE_BUG,~2x surrounding altitude with impossible implied vertical rates,SET_ALTITUDE_NULL
4447228,117484,2026-09-27T09:57:17.309Z,471F62,WZZ93QH,4447138,33075,2026-09-27T09:56:55.870Z,66625,4447318,33000,2026-09-27T09:57:37.536Z,33550,-33625,21.439,20.227,93894.30477167778,-99742.91788203886,A321,71000,HIGH_CONFIDENCE_BUG,~2x surrounding altitude with impossible implied vertical rates,SET_ALTITUDE_NULL
4446143,117485,2026-09-27T09:52:34.466Z,502CE7,BTI9KV,4446054,36000,2026-09-27T09:52:13.300Z,72800,4446226,36000,2026-09-27T09:52:53.932Z,36800,-36800,21.166,19.466,104318.24624397619,-113428.54207335867,BCS3,72800,HIGH_CONFIDENCE_BUG,~2x surrounding altitude with impossible implied vertical rates,SET_ALTITUDE_NULL
4446464,117485,2026-09-27T09:54:01.567Z,502CE7,BTI9KV,4446383,36000,2026-09-27T09:53:40.404Z,72800,4446545,36000,2026-09-27T09:54:23.716Z,36800,-36800,21.163,22.149,104333.03406889382,-99688.47352024923,BCS3,72800,HIGH_CONFIDENCE_BUG,~2x surrounding altitude with impossible implied vertical rates,SET_ALTITUDE_NULL
4447236,117485,2026-09-27T09:57:17.358Z,502CE7,BTI9KV,4447146,36000,2026-09-27T09:56:56.634Z,72800,4447326,36000,2026-09-27T09:57:37.454Z,36800,-36800,20.724,20.096,106543.13839027216,-109872.61146496814,BCS3,72800,HIGH_CONFIDENCE_BUG,~2x surrounding altitude with impossible implied vertical rates,SET_ALTITUDE_NULL
4447930,117485,2026-09-27T10:00:13.898Z,502CE7,BTI9KV,4447844,36000,2026-09-27T09:59:52.241Z,72800,4448014,36000,2026-09-27T10:00:36.672Z,36800,-36800,21.657,22.774,101953.17911068015,-96952.66532010188,BCS3,72800,HIGH_CONFIDENCE_BUG,~2x surrounding altitude with impossible implied vertical rates,SET_ALTITUDE_NULL
4448190,117485,2026-09-27T10:01:19.544Z,502CE7,BTI9KV,4448098,36000,2026-09-27T10:00:58.269Z,72800,4448271,36000,2026-09-27T10:01:42.071Z,36800,-36800,21.275,22.527,103783.78378378379,-98015.71447596217,BCS3,72800,HIGH_CONFIDENCE_BUG,~2x surrounding altitude with impossible implied vertical rates,SET_ALTITUDE_NULL
4449194,117485,2026-09-27T10:05:40.192Z,502CE7,BTI9KV,4449112,36000,2026-09-27T10:05:19.458Z,72800,4449277,36000,2026-09-27T10:05:57.526Z,36800,-36800,20.734,17.334,106491.7526767628,-127379.7161647629,BCS3,72800,HIGH_CONFIDENCE_BUG,~2x surrounding altitude with impossible implied vertical rates,SET_ALTITUDE_NULL
4445600,117486,2026-09-27T09:50:21.423Z,4CAD92,SAS7996,4445517,38000,2026-09-27T09:49:59.093Z,71700,4445687,38000,2026-09-27T09:50:40.262Z,33700,-33700,22.33,18.839,90550.82848186298,-107330.53771431604,A20N,118700,HIGH_CONFIDENCE_BUG,~2x surrounding altitude with impossible implied vertical rates,SET_ALTITUDE_NULL
4446384,117486,2026-09-27T09:53:40.240Z,4CAD92,SAS7996,4446302,38000,2026-09-27T09:53:13.875Z,76400,4446465,37975,2026-09-27T09:54:01.267Z,38400,-38425,26.365,21.027,87388.58334913712,-109644.74247396205,A20N,118700,HIGH_CONFIDENCE_BUG,~2x surrounding altitude with impossible implied vertical rates,SET_ALTITUDE_NULL
4449199,117486,2026-09-27T10:05:40.192Z,4CAD92,SAS7996,4449118,38000,2026-09-27T10:04:16.696Z,76425,4449283,38025,2026-09-27T10:05:50.888Z,38425,-38400,83.496,10.696,27612.10117849957,-215407.62902019446,A20N,118700,HIGH_CONFIDENCE_BUG,~2x surrounding altitude with impossible implied vertical rates,SET_ALTITUDE_NULL
4447783,117493,2026-09-27T09:59:26.928Z,48AF01,LOT2KT,4447692,37000,2026-09-27T09:58:52.521Z,74600,4447871,37000,2026-09-27T09:59:57.866Z,37600,-37600,34.407,30.938,65568.05301246839,-72920.03361561833,B38M,74700,HIGH_CONFIDENCE_BUG,~2x surrounding altitude with impossible implied vertical rates,SET_ALTITUDE_NULL
4448041,117493,2026-09-27T10:00:42.053Z,48AF01,LOT2KT,4447958,37000,2026-09-27T10:00:17.499Z,74600,4448126,37000,2026-09-27T10:00:54.374Z,37600,-37600,24.554,12.321,91879.12356438869,-183102.02093985878,B38M,74700,HIGH_CONFIDENCE_BUG,~2x surrounding altitude with impossible implied vertical rates,SET_ALTITUDE_NULL
4449139,117493,2026-09-27T10:05:26.206Z,48AF01,LOT2KT,4449057,37000,2026-09-27T10:05:04.112Z,74600,4449224,37000,2026-09-27T10:05:46.959Z,37600,-37600,22.094,20.753,102109.1699103829,-108707.1748662844,B38M,74700,HIGH_CONFIDENCE_BUG,~2x surrounding altitude with impossible implied vertical rates,SET_ALTITUDE_NULL
4450987,117493,2026-09-27T10:13:29.087Z,48AF01,LOT2KT,4450901,37000,2026-09-27T10:13:04.856Z,74600,4451074,37000,2026-09-27T10:13:51.215Z,37600,-37600,24.231,22.128,93103.87520118857,-101952.27765726681,B38M,74700,HIGH_CONFIDENCE_BUG,~2x surrounding altitude with impossible implied vertical rates,SET_ALTITUDE_NULL
4451433,117493,2026-09-27T10:15:19.284Z,48AF01,LOT2KT,4451341,37000,2026-09-27T10:14:56.779Z,74600,4451522,37000,2026-09-27T10:15:41.562Z,37600,-37600,22.505,22.278,100244.39013552543,-101265.82278481012,B38M,74700,HIGH_CONFIDENCE_BUG,~2x surrounding altitude with impossible implied vertical rates,SET_ALTITUDE_NULL
4451611,117493,2026-09-27T10:15:55.568Z,48AF01,LOT2KT,4451522,37000,2026-09-27T10:15:41.562Z,74600,4451703,37000,2026-09-27T10:16:24.436Z,37600,-37600,14.006,28.868,161073.8255033557,-78148.81529721491,B38M,74700,HIGH_CONFIDENCE_BUG,~2x surrounding altitude with impossible implied vertical rates,SET_ALTITUDE_NULL
4451969,117493,2026-09-27T10:17:29.564Z,48AF01,LOT2KT,4451881,37000,2026-09-27T10:17:08.697Z,74600,4452056,37000,2026-09-27T10:17:51.924Z,37600,-37600,20.867,22.36,108113.28892509705,-100894.45438282649,B38M,74700,HIGH_CONFIDENCE_BUG,~2x surrounding altitude with impossible implied vertical rates,SET_ALTITUDE_NULL
4453652,117493,2026-09-27T10:24:47.944Z,48AF01,LOT2KT,4453580,35000,2026-09-27T10:24:44.476Z,71000,4453728,35000,2026-09-27T10:25:27.542Z,36000,-36000,3.468,39.598,622837.3702422145,-54548.209505530576,B38M,74700,HIGH_CONFIDENCE_BUG,~2x surrounding altitude with impossible implied vertical rates,SET_ALTITUDE_NULL
4445439,117495,2026-09-27T09:49:38.414Z,4BAA87,THY4RG,4445356,35000,2026-09-27T09:49:06.981Z,71000,4445522,35000,2026-09-27T09:49:59.602Z,36000,-36000,31.433,21.188,68717.58979416537,-101944.49688502925,A321,71025,HIGH_CONFIDENCE_BUG,~2x surrounding altitude with impossible implied vertical rates,SET_ALTITUDE_NULL
4445873,117495,2026-09-27T09:51:29.445Z,4BAA87,THY4RG,4445788,35000,2026-09-27T09:50:56.156Z,71000,4445960,35000,2026-09-27T09:51:42.661Z,36000,-36000,33.289,13.216,64886.298777373915,-163438.25665859564,A321,71025,HIGH_CONFIDENCE_BUG,~2x surrounding altitude with impossible implied vertical rates,SET_ALTITUDE_NULL
4446137,117495,2026-09-27T09:52:34.360Z,4BAA87,THY4RG,4446047,35000,2026-09-27T09:51:57.392Z,71000,4446221,35000,2026-09-27T09:52:51.416Z,36000,-36000,36.968,17.056,58428.911491019266,-126641.65103189493,A321,71025,HIGH_CONFIDENCE_BUG,~2x surrounding altitude with impossible implied vertical rates,SET_ALTITUDE_NULL
4446698,117495,2026-09-27T09:55:05.964Z,4BAA87,THY4RG,4446615,35000,2026-09-27T09:54:42.157Z,71000,4446783,35000,2026-09-27T09:55:29.361Z,36000,-36000,23.807,23.397,90729.61733943799,-92319.52814463392,A321,71025,HIGH_CONFIDENCE_BUG,~2x surrounding altitude with impossible implied vertical rates,SET_ALTITUDE_NULL
4447224,117495,2026-09-27T09:57:18.097Z,4BAA87,THY4RG,4447133,35000,2026-09-27T09:56:56.549Z,71000,4447313,35000,2026-09-27T09:57:37.104Z,36000,-36000,21.548,19.007,100241.32170038982,-113642.34229494398,A321,71025,HIGH_CONFIDENCE_BUG,~2x surrounding altitude with impossible implied vertical rates,SET_ALTITUDE_NULL
4448262,117495,2026-09-27T10:01:41.936Z,4BAA87,THY4RG,4448177,35000,2026-09-27T10:01:19.161Z,71000,4448343,35000,2026-09-27T10:02:04.190Z,36000,-36000,22.775,22.254,94840.83424807903,-97061.20248045295,A321,71025,HIGH_CONFIDENCE_BUG,~2x surrounding altitude with impossible implied vertical rates,SET_ALTITUDE_NULL
4448430,117495,2026-09-27T10:02:24.173Z,4BAA87,THY4RG,4448343,35000,2026-09-27T10:02:04.190Z,71000,4448521,35000,2026-09-27T10:02:47.141Z,36000,-36000,19.983,22.968,108091.87809638192,-94043.88714733542,A321,71025,HIGH_CONFIDENCE_BUG,~2x surrounding altitude with impossible implied vertical rates,SET_ALTITUDE_NULL
4449108,117495,2026-09-27T10:05:20.387Z,4BAA87,THY4RG,4449027,35000,2026-09-27T10:04:14.554Z,71000,4449191,35000,2026-09-27T10:05:41.170Z,36000,-36000,65.833,20.783,32810.29271034284,-103931.09753163643,A321,71025,HIGH_CONFIDENCE_BUG,~2x surrounding altitude with impossible implied vertical rates,SET_ALTITUDE_NULL
4446348,117496,2026-09-27T09:53:27.727Z,4CAC8E,SAS7754,4446268,35975,2026-09-27T09:53:06.693Z,72800,4446430,36000,2026-09-27T09:53:49.882Z,36825,-36800,21.034,22.155,105044.2141295046,-99661.4759647935,A20N,80775,HIGH_CONFIDENCE_BUG,~2x surrounding altitude with impossible implied vertical rates,SET_ALTITUDE_NULL
4447375,117496,2026-09-27T09:57:50.647Z,4CAC8E,SAS7754,4447285,36000,2026-09-27T09:57:28.064Z,72800,4447461,36000,2026-09-27T09:58:12.930Z,36800,-36800,22.583,22.283,97772.66085108266,-99088.99160795225,A20N,80775,HIGH_CONFIDENCE_BUG,~2x surrounding altitude with impossible implied vertical rates,SET_ALTITUDE_NULL
4448229,117496,2026-09-27T10:01:24.903Z,4CAC8E,SAS7754,4448144,36000,2026-09-27T10:01:07.498Z,72800,4448310,36000,2026-09-27T10:01:51.411Z,36800,-36800,17.405,26.508,126860.09767308243,-83295.60887279312,A20N,80775,HIGH_CONFIDENCE_BUG,~2x surrounding altitude with impossible implied vertical rates,SET_ALTITUDE_NULL
4450350,117496,2026-09-27T10:10:33.681Z,4CAC8E,SAS7754,4450273,36000,2026-09-27T10:10:12.023Z,72825,4450427,36025,2026-09-27T10:10:46.075Z,36825,-36800,21.658,12.394,102017.73016899067,-178150.71808939808,A20N,80775,HIGH_CONFIDENCE_BUG,~2x surrounding altitude with impossible implied vertical rates,SET_ALTITUDE_NULL
4445855,117497,2026-09-27T09:51:24.201Z,06A11F,QTR16A,4445766,36000,2026-09-27T09:50:58.412Z,72800,4445943,36000,2026-09-27T09:51:46.070Z,36800,-36800,25.789,21.869,85617.89910426927,-100964.83606932187,A35K,72800,HIGH_CONFIDENCE_BUG,~2x surrounding altitude with impossible implied vertical rates,SET_ALTITUDE_NULL
4446200,117497,2026-09-27T09:52:49.824Z,06A11F,QTR16A,4446117,36000,2026-09-27T09:52:29.656Z,72800,4446282,36000,2026-09-27T09:53:13.875Z,36800,-36800,20.168,24.051,109480.36493454978,-91804.9145565673,A35K,72800,HIGH_CONFIDENCE_BUG,~2x surrounding altitude with impossible implied vertical rates,SET_ALTITUDE_NULL
4447304,117497,2026-09-27T09:57:36.417Z,06A11F,QTR16A,4447218,36000,2026-09-27T09:57:12.169Z,72800,4447397,36000,2026-09-27T09:57:56.629Z,36800,-36800,24.248,20.212,91059.05641702408,-109242.03443498912,A35K,72800,HIGH_CONFIDENCE_BUG,~2x surrounding altitude with impossible implied vertical rates,SET_ALTITUDE_NULL
4446952,117498,2026-09-27T09:56:05.570Z,89631B,UAE74W,4446864,35000,2026-09-27T09:55:34.412Z,71000,4447039,35000,2026-09-27T09:56:14.745Z,36000,-36000,31.158,9.175,69324.09012131716,-235422.34332425066,B77W,71000,HIGH_CONFIDENCE_BUG,~2x surrounding altitude with impossible implied vertical rates,SET_ALTITUDE_NULL
4447130,117498,2026-09-27T09:56:56.494Z,89631B,UAE74W,4447039,35000,2026-09-27T09:56:14.745Z,71000,4447221,35000,2026-09-27T09:57:18.835Z,36000,-36000,41.749,22.341,51737.7661740401,-96683.22814556197,B77W,71000,HIGH_CONFIDENCE_BUG,~2x surrounding altitude with impossible implied vertical rates,SET_ALTITUDE_NULL
4448174,117498,2026-09-27T10:01:19.516Z,89631B,UAE74W,4448086,35000,2026-09-27T10:00:57.675Z,71000,4448259,35000,2026-09-27T10:01:40.732Z,36000,-36000,21.841,21.216,98896.57066984112,-101809.95475113121,B77W,71000,HIGH_CONFIDENCE_BUG,~2x surrounding altitude with impossible implied vertical rates,SET_ALTITUDE_NULL
4446027,117499,2026-09-27T09:52:06.962Z,471D6B,WZZ53,4445941,30725,2026-09-27T09:51:42.443Z,63125,4446116,31450,2026-09-27T09:52:26.597Z,32400,-31675,24.519,19.635,79285.45209837268,-96791.44385026739,A21N,85900,HIGH_CONFIDENCE_BUG,~2x surrounding altitude with impossible implied vertical rates,SET_ALTITUDE_NULL
4447563,117499,2026-09-27T09:58:40.291Z,471D6B,WZZ53,4447483,34000,2026-09-27T09:58:11.487Z,68400,4447646,34000,2026-09-27T09:59:01.455Z,34400,-34400,28.804,21.164,71656.71434522983,-97524.09752409752,A21N,85900,HIGH_CONFIDENCE_BUG,~2x surrounding altitude with impossible implied vertical rates,SET_ALTITUDE_NULL
4449094,117499,2026-09-27T10:05:17.195Z,471D6B,WZZ53,4449016,34000,2026-09-27T10:04:45.898Z,68400,4449178,34000,2026-09-27T10:05:37.042Z,34400,-34400,31.297,19.847,65948.81298527015,-103995.56608051596,A21N,85900,HIGH_CONFIDENCE_BUG,~2x surrounding altitude with impossible implied vertical rates,SET_ALTITUDE_NULL
4449347,117499,2026-09-27T10:06:14.986Z,471D6B,WZZ53,4449257,34000,2026-09-27T10:05:57.062Z,68400,4449431,34000,2026-09-27T10:06:37.422Z,34400,-34400,17.924,22.436,115152.86766346797,-91995.00802282046,A21N,85900,HIGH_CONFIDENCE_BUG,~2x surrounding altitude with impossible implied vertical rates,SET_ALTITUDE_NULL
4445947,117500,2026-09-27T09:51:48.965Z,4BA954,THY6,4445859,35000,2026-09-27T09:51:22.594Z,71000,4446034,35000,2026-09-27T09:52:09.939Z,36000,-36000,26.371,20.974,81908.15668727011,-102984.64765900638,B77W,71000,HIGH_CONFIDENCE_BUG,~2x surrounding altitude with impossible implied vertical rates,SET_ALTITUDE_NULL
4446784,117500,2026-09-27T09:55:16.360Z,4BA954,THY6,4446699,35000,2026-09-27T09:55:05.966Z,71000,4446868,35000,2026-09-27T09:55:51.231Z,36000,-36000,10.394,34.871,207812.19934577643,-61942.58839723552,B77W,71000,HIGH_CONFIDENCE_BUG,~2x surrounding altitude with impossible implied vertical rates,SET_ALTITUDE_NULL
4447225,117500,2026-09-27T09:57:10.779Z,4BA954,THY6,4447134,35000,2026-09-27T09:56:56.358Z,71000,4447314,35000,2026-09-27T09:57:38.059Z,36000,-36000,14.421,27.28,149781.5685458706,-79178.88563049854,B77W,71000,HIGH_CONFIDENCE_BUG,~2x surrounding altitude with impossible implied vertical rates,SET_ALTITUDE_NULL
4447404,117500,2026-09-27T09:58:03.440Z,4BA954,THY6,4447314,35000,2026-09-27T09:57:38.059Z,71000,4447491,35000,2026-09-27T09:58:24.859Z,36000,-36000,25.381,21.419,85103.02982545999,-100845.0441197068,B77W,71000,HIGH_CONFIDENCE_BUG,~2x surrounding altitude with impossible implied vertical rates,SET_ALTITUDE_NULL
4449028,117500,2026-09-27T10:04:56.948Z,4BA954,THY6,4448947,35000,2026-09-27T10:04:35.442Z,71000,4449110,35000,2026-09-27T10:05:20.141Z,36000,-36000,21.506,23.193,100437.08732446759,-93131.54831199069,B77W,71000,HIGH_CONFIDENCE_BUG,~2x surrounding altitude with impossible implied vertical rates,SET_ALTITUDE_NULL
4449536,117500,2026-09-27T10:07:08.688Z,4BA954,THY6,4449452,35000,2026-09-27T10:06:47.523Z,71000,4449620,35000,2026-09-27T10:07:30.148Z,36000,-36000,21.165,21.46,102055.27994330262,-100652.37651444548,B77W,71000,HIGH_CONFIDENCE_BUG,~2x surrounding altitude with impossible implied vertical rates,SET_ALTITUDE_NULL
4446468,117501,2026-09-27T09:54:01.953Z,48C127,RYR45BN,4446388,28750,2026-09-27T09:53:40.378Z,60025,4446549,30000,2026-09-27T09:54:23.962Z,31275,-30025,21.575,22.009,86975.66628041715,-81852.87836794039,B738,86200,HIGH_CONFIDENCE_BUG,~2x surrounding altitude with impossible implied vertical rates,SET_ALTITUDE_NULL
4447150,117501,2026-09-27T09:56:56.633Z,48C127,RYR45BN,4447059,30000,2026-09-27T09:56:34.952Z,60400,4447240,30000,2026-09-27T09:57:18.753Z,30400,-30400,21.681,22.12,84128.9608412896,-82459.31283905968,B738,86200,HIGH_CONFIDENCE_BUG,~2x surrounding altitude with impossible implied vertical rates,SET_ALTITUDE_NULL
4447421,117501,2026-09-27T09:58:03.435Z,48C127,RYR45BN,4447328,30000,2026-09-27T09:57:38.059Z,60400,4447506,30000,2026-09-27T09:58:25.409Z,30400,-30400,25.376,21.974,71878.94073139975,-83007.19031582779,B738,86200,HIGH_CONFIDENCE_BUG,~2x surrounding altitude with impossible implied vertical rates,SET_ALTITUDE_NULL
4448021,117501,2026-09-27T10:00:36.021Z,48C127,RYR45BN,4447937,30000,2026-09-27T10:00:14.389Z,60400,4448101,30000,2026-09-27T10:00:58.296Z,30400,-30400,21.632,22.275,84319.52662721893,-81885.52188552188,B738,86200,HIGH_CONFIDENCE_BUG,~2x surrounding altitude with impossible implied vertical rates,SET_ALTITUDE_NULL
4448187,117501,2026-09-27T10:01:20.064Z,48C127,RYR45BN,4448101,30000,2026-09-27T10:00:58.296Z,60400,4448273,30000,2026-09-27T10:01:42.319Z,30400,-30400,21.768,22.255,83792.72326350606,-81959.11031228937,B738,86200,HIGH_CONFIDENCE_BUG,~2x surrounding altitude with impossible implied vertical rates,SET_ALTITUDE_NULL
4449281,117501,2026-09-27T10:06:03.586Z,48C127,RYR45BN,4449196,30000,2026-09-27T10:05:38.737Z,60400,4449366,30000,2026-09-27T10:06:24.258Z,30400,-30400,24.849,20.672,73403.35627188216,-88235.29411764705,B738,86200,HIGH_CONFIDENCE_BUG,~2x surrounding altitude with impossible implied vertical rates,SET_ALTITUDE_NULL
4449790,117501,2026-09-27T10:08:12.724Z,48C127,RYR45BN,4449705,30000,2026-09-27T10:07:52.925Z,60400,4449879,30000,2026-09-27T10:08:36.477Z,30400,-30400,19.799,23.753,92125.86494267387,-76790.30017260979,B738,86200,HIGH_CONFIDENCE_BUG,~2x surrounding altitude with impossible implied vertical rates,SET_ALTITUDE_NULL
4450059,117501,2026-09-27T10:09:20.004Z,48C127,RYR45BN,4449970,30000,2026-09-27T10:08:58.326Z,60400,4450144,30000,2026-09-27T10:09:41.170Z,30400,-30400,21.678,21.166,84140.60337669526,-86175.94254937163,B738,86200,HIGH_CONFIDENCE_BUG,~2x surrounding altitude with impossible implied vertical rates,SET_ALTITUDE_NULL
4450629,117501,2026-09-27T10:11:52.625Z,48C127,RYR45BN,4450550,30000,2026-09-27T10:11:30.830Z,60400,4450710,30000,2026-09-27T10:12:14.525Z,30400,-30400,21.795,21.9,83688.91947694425,-83287.67123287672,B738,86200,HIGH_CONFIDENCE_BUG,~2x surrounding altitude with impossible implied vertical rates,SET_ALTITUDE_NULL
4446074,117503,2026-09-27T09:52:19.271Z,4BB873,PGT81G,4445987,36000,2026-09-27T09:51:04.689Z,72800,4446160,36000,2026-09-27T09:52:37.463Z,36800,-36800,74.582,18.192,29604.998525113297,-121372.03166226912,A20N,72825,HIGH_CONFIDENCE_BUG,~2x surrounding altitude with impossible implied vertical rates,SET_ALTITUDE_NULL
4447170,117503,2026-09-27T09:57:01.737Z,4BB873,PGT81G,4447081,36000,2026-09-27T09:56:30.025Z,72825,4447259,36000,2026-09-27T09:57:18.534Z,36825,-36825,31.712,16.797,69673.9404641776,-131541.34666904804,A20N,72825,HIGH_CONFIDENCE_BUG,~2x surrounding altitude with impossible implied vertical rates,SET_ALTITUDE_NULL
4445840,117504,2026-09-27T09:51:20.123Z,4BCE43,SXS6WA,4445756,37000,2026-09-27T09:50:58.407Z,74600,4445933,37000,2026-09-27T09:51:41.177Z,37600,-37600,21.716,21.054,103886.53527353104,-107153.03505272158,B738,74600,HIGH_CONFIDENCE_BUG,~2x surrounding altitude with impossible implied vertical rates,SET_ALTITUDE_NULL
4446193,117504,2026-09-27T09:52:46.910Z,4BCE43,SXS6WA,4446105,37000,2026-09-27T09:52:23.047Z,74600,4446274,37000,2026-09-27T09:53:06.740Z,37600,-37600,23.863,19.83,94539.66391484726,-113767.01966717094,B738,74600,HIGH_CONFIDENCE_BUG,~2x surrounding altitude with impossible implied vertical rates,SET_ALTITUDE_NULL
4446684,117504,2026-09-27T09:54:57.568Z,4BCE43,SXS6WA,4446599,37000,2026-09-27T09:54:39.253Z,74600,4446767,37000,2026-09-27T09:55:22.836Z,37600,-37600,18.315,25.268,123177.72317772316,-89282.88744657273,B738,74600,HIGH_CONFIDENCE_BUG,~2x surrounding altitude with impossible implied vertical rates,SET_ALTITUDE_NULL
4447297,117504,2026-09-27T09:57:34.045Z,4BCE43,SXS6WA,4447205,37000,2026-09-27T09:57:12.387Z,74600,4447386,37000,2026-09-27T09:57:57.388Z,37600,-37600,21.658,23.343,104164.742820205,-96645.67536306387,B738,74600,HIGH_CONFIDENCE_BUG,~2x surrounding altitude with impossible implied vertical rates,SET_ALTITUDE_NULL
4447727,117504,2026-09-27T09:59:24.579Z,4BCE43,SXS6WA,4447643,37000,2026-09-27T09:59:02.979Z,74600,4447814,37000,2026-09-27T09:59:46.452Z,37600,-37600,21.6,21.873,104444.44444444445,-103140.85859278563,B738,74600,HIGH_CONFIDENCE_BUG,~2x surrounding altitude with impossible implied vertical rates,SET_ALTITUDE_NULL
4448498,117504,2026-09-27T10:02:41.438Z,4BCE43,SXS6WA,4448411,37000,2026-09-27T10:02:19.510Z,74600,4448586,37000,2026-09-27T10:03:03.388Z,37600,-37600,21.928,21.95,102882.159795695,-102779.04328018223,B738,74600,HIGH_CONFIDENCE_BUG,~2x surrounding altitude with impossible implied vertical rates,SET_ALTITUDE_NULL
4448925,117504,2026-09-27T10:04:29.160Z,4BCE43,SXS6WA,4448842,37000,2026-09-27T10:04:02.073Z,74600,4449007,37000,2026-09-27T10:04:52.069Z,37600,-37600,27.087,22.909,83287.18573485436,-98476.58125627482,B738,74600,HIGH_CONFIDENCE_BUG,~2x surrounding altitude with impossible implied vertical rates,SET_ALTITUDE_NULL
4449167,117504,2026-09-27T10:05:32.793Z,4BCE43,SXS6WA,4449088,37000,2026-09-27T10:05:12.425Z,74600,4449255,37000,2026-09-27T10:05:57.690Z,37600,-37600,20.368,24.897,110761.97957580518,-90613.32690685625,B738,74600,HIGH_CONFIDENCE_BUG,~2x surrounding altitude with impossible implied vertical rates,SET_ALTITUDE_NULL
4449340,117504,2026-09-27T10:06:17.941Z,4BCE43,SXS6WA,4449255,37000,2026-09-27T10:05:57.690Z,74600,4449422,37000,2026-09-27T10:06:40.290Z,37600,-37600,20.251,22.349,111401.90607871216,-100944.11383059644,B738,74600,HIGH_CONFIDENCE_BUG,~2x surrounding altitude with impossible implied vertical rates,SET_ALTITUDE_NULL
4449684,117504,2026-09-27T10:07:46.478Z,4BCE43,SXS6WA,4449595,37000,2026-09-27T10:07:24.582Z,74600,4449769,37000,2026-09-27T10:08:03.765Z,37600,-37600,21.896,17.287,103032.51735476799,-130502.6898825707,B738,74600,HIGH_CONFIDENCE_BUG,~2x surrounding altitude with impossible implied vertical rates,SET_ALTITUDE_NULL
4449858,117504,2026-09-27T10:08:29.161Z,4BCE43,SXS6WA,4449769,37000,2026-09-27T10:08:03.765Z,74600,4449949,37000,2026-09-27T10:08:51.987Z,37600,-37600,25.396,22.826,88832.88706882973,-98834.66222728467,B738,74600,HIGH_CONFIDENCE_BUG,~2x surrounding altitude with impossible implied vertical rates,SET_ALTITUDE_NULL
4447413,117505,2026-09-27T09:58:03.433Z,471F68,WMT2FK,4447323,35000,2026-09-27T09:57:31.235Z,71000,4447500,35000,2026-09-27T09:58:24.586Z,36000,-36000,32.198,21.153,67084.91210634202,-102113.17543610836,A321,71025,HIGH_CONFIDENCE_BUG,~2x surrounding altitude with impossible implied vertical rates,SET_ALTITUDE_NULL
4447932,117505,2026-09-27T10:00:14.445Z,471F68,WMT2FK,4447846,35000,2026-09-27T09:59:52.241Z,71000,4448017,35000,2026-09-27T10:00:36.482Z,36000,-36000,22.204,22.037,97279.76941091695,-98016.97145709489,A321,71025,HIGH_CONFIDENCE_BUG,~2x surrounding altitude with impossible implied vertical rates,SET_ALTITUDE_NULL
4448707,117505,2026-09-27T10:03:26.562Z,471F68,WMT2FK,4448621,35000,2026-09-27T10:03:09.787Z,71000,4448791,35000,2026-09-27T10:03:53.278Z,36000,-36000,16.775,26.716,128763.04023845006,-80850.42671058542,A321,71025,HIGH_CONFIDENCE_BUG,~2x surrounding altitude with impossible implied vertical rates,SET_ALTITUDE_NULL
4449122,117505,2026-09-27T10:05:18.529Z,471F68,WMT2FK,4449040,35025,2026-09-27T10:04:57.779Z,71000,4449204,35000,2026-09-27T10:05:40.269Z,35975,-36000,20.75,21.74,104024.09638554217,-99356.02575896964,A321,71025,HIGH_CONFIDENCE_BUG,~2x surrounding altitude with impossible implied vertical rates,SET_ALTITUDE_NULL
4449542,117505,2026-09-27T10:07:08.166Z,471F68,WMT2FK,4449458,35000,2026-09-27T10:06:47.278Z,71000,4449627,35000,2026-09-27T10:07:30.943Z,36000,-36000,20.888,22.777,103408.65568747606,-94832.50647583089,A321,71025,HIGH_CONFIDENCE_BUG,~2x surrounding altitude with impossible implied vertical rates,SET_ALTITUDE_NULL
4447269,117506,2026-09-27T09:57:24.542Z,76CEF0,SIA323,4447179,31000,2026-09-27T09:57:02.201Z,63000,4447359,31000,2026-09-27T09:57:44.091Z,32000,-32000,22.341,19.549,85940.64724049953,-98214.74244206866,B77W,126700,HIGH_CONFIDENCE_BUG,~2x surrounding altitude with impossible implied vertical rates,SET_ALTITUDE_NULL
4449400,117506,2026-09-27T10:06:27.347Z,76CEF0,SIA323,4449313,31000,2026-09-27T10:06:05.704Z,63000,4449486,31000,2026-09-27T10:06:43.754Z,32000,-32000,21.643,16.407,88712.28572748695,-117023.22179557505,B77W,126700,HIGH_CONFIDENCE_BUG,~2x surrounding altitude with impossible implied vertical rates,SET_ALTITUDE_NULL
4448244,117507,2026-09-27T10:01:34.917Z,489223,ENT7559,4448160,33000,2026-09-27T10:01:13.099Z,66600,4448326,33000,2026-09-27T10:01:57.852Z,33600,-33600,21.818,22.935,92400.77000641673,-87900.58862001309,B738,110700,HIGH_CONFIDENCE_BUG,~2x surrounding altitude with impossible implied vertical rates,SET_ALTITUDE_NULL
4449950,117507,2026-09-27T10:08:51.259Z,489223,ENT7559,4449859,34725,2026-09-27T10:08:06.585Z,71000,4450038,35025,2026-09-27T10:09:00.841Z,36275,-35975,44.674,9.582,48719.61319783319,-225266.1239824671,B738,110700,HIGH_CONFIDENCE_BUG,~2x surrounding altitude with impossible implied vertical rates,SET_ALTITUDE_NULL
4448318,117508,2026-09-27T10:01:54.715Z,48AD08,LOT1KJ,4448236,35000,2026-09-27T10:01:34.590Z,71000,4448404,35000,2026-09-27T10:02:18.740Z,36000,-36000,20.125,24.025,107329.19254658386,-89906.3475546306,E75S,71000,HIGH_CONFIDENCE_BUG,~2x surrounding altitude with impossible implied vertical rates,SET_ALTITUDE_NULL
4449423,117508,2026-09-27T10:06:39.930Z,48AD08,LOT1KJ,4449336,35000,2026-09-27T10:06:19.233Z,71000,4449507,35000,2026-09-27T10:07:02.763Z,36000,-36000,20.697,22.833,104362.95115234093,-94599.92116673235,E75S,71000,HIGH_CONFIDENCE_BUG,~2x surrounding altitude with impossible implied vertical rates,SET_ALTITUDE_NULL
4452084,117508,2026-09-27T10:17:58.041Z,48AD08,LOT1KJ,4451995,35000,2026-09-27T10:17:36.408Z,71000,4452170,35000,2026-09-27T10:18:20.108Z,36000,-36000,21.633,22.067,99847.45527666066,-97883.71776861376,E75S,71000,HIGH_CONFIDENCE_BUG,~2x surrounding altitude with impossible implied vertical rates,SET_ALTITUDE_NULL
4452911,117508,2026-09-27T10:21:35.878Z,48AD08,LOT1KJ,4452834,35000,2026-09-27T10:21:14.380Z,71000,4452988,35000,2026-09-27T10:21:57.393Z,36000,-36000,21.498,21.515,100474.46274072006,-100395.07320474088,E75S,71000,HIGH_CONFIDENCE_BUG,~2x surrounding altitude with impossible implied vertical rates,SET_ALTITUDE_NULL
4447234,117509,2026-09-27T09:57:18.808Z,4CA6A9,RYR6ZU,4447144,35175,2026-09-27T09:56:56.797Z,70000,4447324,34425,2026-09-27T09:57:38.060Z,34825,-35575,22.011,19.252,94929.80782336104,-110871.59775607729,B738,74600,HIGH_CONFIDENCE_BUG,~2x surrounding altitude with impossible implied vertical rates,SET_ALTITUDE_NULL
4448445,117509,2026-09-27T10:02:24.999Z,4CA6A9,RYR6ZU,4448362,31000,2026-09-27T10:02:03.832Z,61525,4448535,29700,2026-09-27T10:02:47.906Z,30525,-31825,21.167,22.907,86526.19643785137,-83358.79862050903,B738,74600,HIGH_CONFIDENCE_BUG,~2x surrounding altitude with impossible implied vertical rates,SET_ALTITUDE_NULL
4447402,117511,2026-09-27T09:58:03.431Z,4067F3,TOM6BY,4447312,37000,2026-09-27T09:57:36.444Z,74600,4447489,37000,2026-09-27T09:58:09.247Z,37600,-37600,26.987,5.816,83595.8053877793,-387895.46079779917,B738,74600,HIGH_CONFIDENCE_BUG,~2x surrounding altitude with impossible implied vertical rates,SET_ALTITUDE_NULL
4446718,117512,2026-09-27T09:55:06.885Z,3C4591,BOX529,4446634,36000,2026-09-27T09:54:45.498Z,72800,4446802,36000,2026-09-27T09:55:19.067Z,36800,-36800,21.387,12.182,103240.28615514097,-181251.026104088,B77L,72800,HIGH_CONFIDENCE_BUG,~2x surrounding altitude with impossible implied vertical rates,SET_ALTITUDE_NULL
4446886,117512,2026-09-27T09:55:49.709Z,3C4591,BOX529,4446802,36000,2026-09-27T09:55:19.067Z,72800,4446974,36000,2026-09-27T09:56:12.753Z,36800,-36800,30.642,23.044,72057.95966320735,-95816.69848984551,B77L,72800,HIGH_CONFIDENCE_BUG,~2x surrounding altitude with impossible implied vertical rates,SET_ALTITUDE_NULL
4449119,117512,2026-09-27T10:05:20.005Z,3C4591,BOX529,4449037,36000,2026-09-27T10:04:58.596Z,72800,4449201,36000,2026-09-27T10:05:41.334Z,36800,-36800,21.409,21.329,103134.19589892101,-103521.02770875335,B77L,72800,HIGH_CONFIDENCE_BUG,~2x surrounding altitude with impossible implied vertical rates,SET_ALTITUDE_NULL
4446593,117513,2026-09-27T09:54:19.169Z,4BB286,THY5AW,4446513,32975,2026-09-27T09:54:11.452Z,66575,4446676,32975,2026-09-27T09:54:57.581Z,33600,-33600,7.717,38.412,261241.4150576649,-52483.598875351454,A21N,110700,HIGH_CONFIDENCE_BUG,~2x surrounding altitude with impossible implied vertical rates,SET_ALTITUDE_NULL
4449210,117514,2026-09-27T10:05:44.417Z,738056,ELY238,4449129,33000,2026-09-27T10:05:15.382Z,66600,4449295,33000,2026-09-27T10:06:06.617Z,33600,-33600,29.035,22.2,69433.44239710693,-90810.81081081081,B739,79700,HIGH_CONFIDENCE_BUG,~2x surrounding altitude with impossible implied vertical rates,SET_ALTITUDE_NULL
4447287,117515,2026-09-27T09:57:26.791Z,4892C0,ENT7088,4447198,36000,2026-09-27T09:57:02.997Z,72800,4447376,36000,2026-09-27T09:57:48.109Z,36800,-36800,23.794,21.318,92796.50332016475,-103574.44413171968,B38M,72800,HIGH_CONFIDENCE_BUG,~2x surrounding altitude with impossible implied vertical rates,SET_ALTITUDE_NULL
4447463,117515,2026-09-27T09:58:10.114Z,4892C0,ENT7088,4447376,36000,2026-09-27T09:57:48.109Z,72800,4447549,36000,2026-09-27T09:58:34.665Z,36800,-36800,22.005,24.551,100340.83162917518,-89935.23685389597,B38M,72800,HIGH_CONFIDENCE_BUG,~2x surrounding altitude with impossible implied vertical rates,SET_ALTITUDE_NULL
4447976,117515,2026-09-27T10:00:20.944Z,4892C0,ENT7088,4447892,36000,2026-09-27T10:00:02.262Z,72800,4448056,36000,2026-09-27T10:00:45.110Z,36800,-36800,18.682,24.166,118188.63076758376,-91368.03773897211,B38M,72800,HIGH_CONFIDENCE_BUG,~2x surrounding altitude with impossible implied vertical rates,SET_ALTITUDE_NULL
4448146,117515,2026-09-27T10:01:06.833Z,4892C0,ENT7088,4448056,36000,2026-09-27T10:00:45.110Z,72800,4448231,36000,2026-09-27T10:01:29.454Z,36800,-36800,21.723,22.621,101643.41941720757,-97608.41695769418,B38M,72800,HIGH_CONFIDENCE_BUG,~2x surrounding altitude with impossible implied vertical rates,SET_ALTITUDE_NULL
4447562,117516,2026-09-27T09:58:40.237Z,3C658D,DLH8VK,4447482,35000,2026-09-27T09:58:18.637Z,71000,4447645,35000,2026-09-27T09:58:59.270Z,36000,-36000,21.6,19.033,100000,-113487.10135028635,A319,71025,HIGH_CONFIDENCE_BUG,~2x surrounding altitude with impossible implied vertical rates,SET_ALTITUDE_NULL
4448332,117516,2026-09-27T10:02:00.335Z,3C658D,DLH8VK,4448249,35025,2026-09-27T10:01:28.497Z,71000,4448417,35000,2026-09-27T10:02:22.514Z,35975,-36000,31.838,22.179,67796.34399145676,-97389.42242661979,A319,71025,HIGH_CONFIDENCE_BUG,~2x surrounding altitude with impossible implied vertical rates,SET_ALTITUDE_NULL
4448935,117516,2026-09-27T10:04:33.583Z,3C658D,DLH8VK,4448852,35000,2026-09-27T10:04:11.819Z,71000,4449018,35000,2026-09-27T10:04:53.789Z,36000,-36000,21.764,20.206,99246.46204741775,-106898.940908641,A319,71025,HIGH_CONFIDENCE_BUG,~2x surrounding altitude with impossible implied vertical rates,SET_ALTITUDE_NULL
4449780,117516,2026-09-27T10:08:09.689Z,3C658D,DLH8VK,4449694,35000,2026-09-27T10:07:49.047Z,71000,4449871,35000,2026-09-27T10:08:33.421Z,36000,-36000,20.642,23.732,104641.02315667085,-91016.34923310298,A319,71025,HIGH_CONFIDENCE_BUG,~2x surrounding altitude with impossible implied vertical rates,SET_ALTITUDE_NULL
4449961,117516,2026-09-27T10:08:54.590Z,3C658D,DLH8VK,4449871,35000,2026-09-27T10:08:33.421Z,71000,4450049,35000,2026-09-27T10:09:16.239Z,36000,-36000,21.169,21.649,102035.9960319335,-99773.66160099773,A319,71025,HIGH_CONFIDENCE_BUG,~2x surrounding altitude with impossible implied vertical rates,SET_ALTITUDE_NULL
4450136,117516,2026-09-27T10:09:38.138Z,3C658D,DLH8VK,4450049,35000,2026-09-27T10:09:16.239Z,71000,4450221,35000,2026-09-27T10:09:59.926Z,36000,-36000,21.899,21.788,98634.64085118042,-99137.13970993207,A319,71025,HIGH_CONFIDENCE_BUG,~2x surrounding altitude with impossible implied vertical rates,SET_ALTITUDE_NULL
4450620,117516,2026-09-27T10:11:45.904Z,3C658D,DLH8VK,4450542,35000,2026-09-27T10:11:26.789Z,71000,4450704,35000,2026-09-27T10:12:11.545Z,36000,-36000,19.115,25.641,113000.26157467958,-84240.08424008424,A319,71025,HIGH_CONFIDENCE_BUG,~2x surrounding altitude with impossible implied vertical rates,SET_ALTITUDE_NULL
4447735,117517,2026-09-27T09:59:19.985Z,06A0BB,QTR8K,4447648,40000,2026-09-27T09:59:04.349Z,80800,4447823,39975,2026-09-27T09:59:45.777Z,40800,-40825,15.636,25.792,156561.7805065234,-94971.30893300248,B788,87600,HIGH_CONFIDENCE_BUG,~2x surrounding altitude with impossible implied vertical rates,SET_ALTITUDE_NULL
4448595,117517,2026-09-27T10:03:03.252Z,06A0BB,QTR8K,4448507,40000,2026-09-27T10:02:39.907Z,80775,4448681,40000,2026-09-27T10:03:15.731Z,40775,-40775,23.345,12.479,104797.6011994003,-196049.36292972194,B788,87600,HIGH_CONFIDENCE_BUG,~2x surrounding altitude with impossible implied vertical rates,SET_ALTITUDE_NULL
4447484,117518,2026-09-27T09:58:17.492Z,4B8E04,PGT21PC,4447399,36000,2026-09-27T09:58:00.095Z,72800,4447570,36000,2026-09-27T09:58:43.038Z,36800,-36800,17.397,25.546,126918.43421279531,-86432.31817114225,B738,72800,HIGH_CONFIDENCE_BUG,~2x surrounding altitude with impossible implied vertical rates,SET_ALTITUDE_NULL
4448423,117518,2026-09-27T10:02:22.461Z,4B8E04,PGT21PC,4448337,36000,2026-09-27T10:02:00.804Z,72800,4448511,36000,2026-09-27T10:02:43.618Z,36800,-36800,21.657,21.157,101953.17911068015,-104362.622299948,B738,72800,HIGH_CONFIDENCE_BUG,~2x surrounding altitude with impossible implied vertical rates,SET_ALTITUDE_NULL
4448660,117520,2026-09-27T10:03:12.075Z,4BB863,PGT357X,4448575,35000,2026-09-27T10:02:59.591Z,71000,4448747,35000,2026-09-27T10:03:43.475Z,36000,-36000,12.484,31.4,173021.4674783723,-68789.80891719746,A20N,72800,HIGH_CONFIDENCE_BUG,~2x surrounding altitude with impossible implied vertical rates,SET_ALTITUDE_NULL
4448833,117520,2026-09-27T10:04:05.159Z,4BB863,PGT357X,4448747,35000,2026-09-27T10:03:43.475Z,71000,4448916,35000,2026-09-27T10:04:13.340Z,36000,-36000,21.684,8.181,99612.6175982291,-264026.402640264,A20N,72800,HIGH_CONFIDENCE_BUG,~2x surrounding altitude with impossible implied vertical rates,SET_ALTITUDE_NULL
4449080,117520,2026-09-27T10:05:09.251Z,4BB863,PGT357X,4448999,35000,2026-09-27T10:04:49.093Z,71000,4449162,34975,2026-09-27T10:05:22.571Z,36000,-36025,20.158,13.32,107153.4874491517,-162274.77477477476,A20N,72800,HIGH_CONFIDENCE_BUG,~2x surrounding altitude with impossible implied vertical rates,SET_ALTITUDE_NULL
4449330,117520,2026-09-27T10:06:14.987Z,4BB863,PGT357X,4449245,34975,2026-09-27T10:05:53.783Z,71000,4449416,35000,2026-09-27T10:06:33.702Z,36025,-36000,21.204,18.715,101938.31352574987,-115415.44215869623,A20N,72800,HIGH_CONFIDENCE_BUG,~2x surrounding altitude with impossible implied vertical rates,SET_ALTITUDE_NULL
4450592,117520,2026-09-27T10:11:42.152Z,4BB863,PGT357X,4450513,35025,2026-09-27T10:11:20.208Z,71000,4450673,35000,2026-09-27T10:12:04.916Z,35975,-36000,21.944,22.764,98364.01749908859,-94886.6631523458,A20N,72800,HIGH_CONFIDENCE_BUG,~2x surrounding altitude with impossible implied vertical rates,SET_ALTITUDE_NULL
4450754,117520,2026-09-27T10:12:27.113Z,4BB863,PGT357X,4450673,35000,2026-09-27T10:12:04.916Z,71000,4450834,35000,2026-09-27T10:12:49.119Z,36000,-36000,22.197,22.006,97310.44735775105,-98155.04862310279,A20N,72800,HIGH_CONFIDENCE_BUG,~2x surrounding altitude with impossible implied vertical rates,SET_ALTITUDE_NULL
4448039,117521,2026-09-27T10:00:41.833Z,45A9A8,OYJMH,4447956,41000,2026-09-27T10:00:16.803Z,82600,4448124,41000,2026-09-27T10:01:04.782Z,41600,-41600,25.03,22.949,99720.33559728325,-108762.90905921826,C25C,82600,HIGH_CONFIDENCE_BUG,~2x surrounding altitude with impossible implied vertical rates,SET_ALTITUDE_NULL
4449390,117521,2026-09-27T10:06:31.933Z,45A9A8,OYJMH,4449303,41000,2026-09-27T10:06:10.225Z,82600,4449474,41000,2026-09-27T10:06:53.314Z,41600,-41600,21.708,21.381,114980.65229408513,-116739.16093728076,C25C,82600,HIGH_CONFIDENCE_BUG,~2x surrounding altitude with impossible implied vertical rates,SET_ALTITUDE_NULL
4448839,117524,2026-09-27T10:04:08.629Z,48418B,KLM64A,4448753,36000,2026-09-27T10:03:43.504Z,72800,4448921,36000,2026-09-27T10:04:28.998Z,36800,-36800,25.125,20.369,87880.59701492537,-108400.0196376847,B739,93175,HIGH_CONFIDENCE_BUG,~2x surrounding altitude with impossible implied vertical rates,SET_ALTITUDE_NULL
4449421,117524,2026-09-27T10:06:40.426Z,48418B,KLM64A,4449335,36000,2026-09-27T10:06:15.027Z,72800,4449506,36000,2026-09-27T10:07:01.363Z,36800,-36800,25.399,20.937,86932.55639985827,-105459.23484739935,B739,93175,HIGH_CONFIDENCE_BUG,~2x surrounding altitude with impossible implied vertical rates,SET_ALTITUDE_NULL
4450679,117524,2026-09-27T10:12:07.590Z,48418B,KLM64A,4450597,36000,2026-09-27T10:11:36.142Z,72800,4450759,36000,2026-09-27T10:12:30.469Z,36800,-36800,31.448,22.879,70211.14220300179,-96507.71449801126,B739,93175,HIGH_CONFIDENCE_BUG,~2x surrounding altitude with impossible implied vertical rates,SET_ALTITUDE_NULL
4451007,117524,2026-09-27T10:13:36.851Z,48418B,KLM64A,4450924,36000,2026-09-27T10:13:10.554Z,72800,4451094,36000,2026-09-27T10:13:58.564Z,36800,-36800,26.297,21.713,83963.95026048599,-101690.23165845346,B739,93175,HIGH_CONFIDENCE_BUG,~2x surrounding altitude with impossible implied vertical rates,SET_ALTITUDE_NULL
4447441,117527,2026-09-27T09:58:09.252Z,49D38C,TVS2QZ,4447352,29550,2026-09-27T09:57:43.496Z,61400,4447527,30650,2026-09-27T09:58:31.741Z,31850,-30750,25.756,22.489,74196.30377387792,-82040.10849748766,B739,85900,HIGH_CONFIDENCE_BUG,~2x surrounding altitude with impossible implied vertical rates,SET_ALTITUDE_NULL
4450421,117530,2026-09-27T10:10:49.488Z,471F8E,WZZ292,4450343,33000,2026-09-27T10:10:27.727Z,66600,4450499,33000,2026-09-27T10:11:14.992Z,33600,-33600,21.761,25.504,92642.80134185009,-79046.42409033877,A320,110700,HIGH_CONFIDENCE_BUG,~2x surrounding altitude with impossible implied vertical rates,SET_ALTITUDE_NULL
4450812,117531,2026-09-27T10:12:41.778Z,4D2383,RYR8CN,4450731,34000,2026-09-27T10:12:20.023Z,68400,4450898,34000,2026-09-27T10:13:05.071Z,34400,-34400,21.755,23.293,94874.74143874971,-88610.31211093462,B38M,85900,HIGH_CONFIDENCE_BUG,~2x surrounding altitude with impossible implied vertical rates,SET_ALTITUDE_NULL
4451963,117531,2026-09-27T10:17:30.132Z,4D2383,RYR8CN,4451875,34750,2026-09-27T10:17:08.343Z,71000,4452050,35000,2026-09-27T10:17:51.924Z,36250,-36000,21.789,21.792,99821.01060167975,-99118.94273127752,B38M,85900,HIGH_CONFIDENCE_BUG,~2x surrounding altitude with impossible implied vertical rates,SET_ALTITUDE_NULL
4452136,117531,2026-09-27T10:18:13.691Z,4D2383,RYR8CN,4452050,35000,2026-09-27T10:17:51.924Z,71000,4452214,35000,2026-09-27T10:18:35.264Z,36000,-36000,21.767,21.573,99232.78357146138,-100125.15644555695,B38M,85900,HIGH_CONFIDENCE_BUG,~2x surrounding altitude with impossible implied vertical rates,SET_ALTITUDE_NULL
4452306,117531,2026-09-27T10:18:56.564Z,4D2383,RYR8CN,4452214,35000,2026-09-27T10:18:35.264Z,71000,4452386,35000,2026-09-27T10:19:18.819Z,36000,-36000,21.3,22.255,101408.45070422535,-97056.84115929005,B38M,85900,HIGH_CONFIDENCE_BUG,~2x surrounding altitude with impossible implied vertical rates,SET_ALTITUDE_NULL
4452470,117531,2026-09-27T10:19:40.118Z,4D2383,RYR8CN,4452386,35000,2026-09-27T10:19:18.819Z,71000,4452555,35000,2026-09-27T10:20:00.994Z,36000,-36000,21.299,20.876,101413.21188788206,-103468.09733665454,B38M,85900,HIGH_CONFIDENCE_BUG,~2x surrounding altitude with impossible implied vertical rates,SET_ALTITUDE_NULL
4452724,117531,2026-09-27T10:20:45.633Z,4D2383,RYR8CN,4452641,35000,2026-09-27T10:20:24.791Z,71000,4452802,35000,2026-09-27T10:21:08.369Z,36000,-36000,20.842,22.736,103636.88705498513,-95003.51864883884,B38M,85900,HIGH_CONFIDENCE_BUG,~2x surrounding altitude with impossible implied vertical rates,SET_ALTITUDE_NULL
4453192,117531,2026-09-27T10:22:54.947Z,4D2383,RYR8CN,4453117,35000,2026-09-27T10:22:35.290Z,71000,4453269,35000,2026-09-27T10:23:18.541Z,36000,-36000,19.657,23.594,109884.51950958946,-91548.69882173435,B38M,85900,HIGH_CONFIDENCE_BUG,~2x surrounding altitude with impossible implied vertical rates,SET_ALTITUDE_NULL
4447790,117532,2026-09-27T09:59:37.222Z,4BD152,CAI7PC,4447703,36000,2026-09-27T09:59:15.459Z,72800,4447878,36000,2026-09-27T09:59:58.935Z,36800,-36800,21.763,21.713,101456.60065248357,-101690.23165845346,B738,72800,HIGH_CONFIDENCE_BUG,~2x surrounding altitude with impossible implied vertical rates,SET_ALTITUDE_NULL
4448220,117532,2026-09-27T10:01:24.902Z,4BD152,CAI7PC,4448131,36000,2026-09-27T10:01:04.333Z,72800,4448302,36000,2026-09-27T10:01:48.022Z,36800,-36800,20.569,23.12,107346.00612572317,-95501.73010380623,B738,72800,HIGH_CONFIDENCE_BUG,~2x surrounding altitude with impossible implied vertical rates,SET_ALTITUDE_NULL
4448557,117532,2026-09-27T10:02:53.255Z,4BD152,CAI7PC,4448469,36000,2026-09-27T10:02:31.524Z,72800,4448644,36000,2026-09-27T10:03:15.786Z,36800,-36800,21.731,22.531,101606.00064424094,-97998.31343482314,B738,72800,HIGH_CONFIDENCE_BUG,~2x surrounding altitude with impossible implied vertical rates,SET_ALTITUDE_NULL
4449561,117532,2026-09-27T10:07:15.130Z,4BD152,CAI7PC,4449479,36000,2026-09-27T10:06:53.588Z,72800,4449646,36000,2026-09-27T10:07:34.081Z,36800,-36800,21.542,18.951,102497.44684801783,-116511.0020579389,B738,72800,HIGH_CONFIDENCE_BUG,~2x surrounding altitude with impossible implied vertical rates,SET_ALTITUDE_NULL
4450980,117532,2026-09-27T10:13:29.089Z,4BD152,CAI7PC,4450890,36000,2026-09-27T10:13:04.843Z,72800,4451067,36000,2026-09-27T10:13:47.802Z,36800,-36800,24.246,18.713,91066.56768126701,-117992.83920269331,B738,72800,HIGH_CONFIDENCE_BUG,~2x surrounding altitude with impossible implied vertical rates,SET_ALTITUDE_NULL
4451247,117532,2026-09-27T10:14:34.638Z,4BD152,CAI7PC,4451156,36000,2026-09-27T10:14:08.258Z,72800,4451335,36000,2026-09-27T10:14:58.038Z,36800,-36800,26.38,23.4,83699.7725549659,-94358.97435897436,B738,72800,HIGH_CONFIDENCE_BUG,~2x surrounding altitude with impossible implied vertical rates,SET_ALTITUDE_NULL
4451425,117532,2026-09-27T10:15:11.881Z,4BD152,CAI7PC,4451335,36000,2026-09-27T10:14:58.038Z,72800,4451513,36000,2026-09-27T10:15:40.770Z,36800,-36800,13.843,28.889,159502.9979050784,-76430.47526740281,B738,72800,HIGH_CONFIDENCE_BUG,~2x surrounding altitude with impossible implied vertical rates,SET_ALTITUDE_NULL
4451602,117532,2026-09-27T10:15:59.887Z,4BD152,CAI7PC,4451513,36000,2026-09-27T10:15:40.770Z,72800,4451697,36000,2026-09-27T10:16:21.952Z,36800,-36800,19.117,22.065,115499.29382225245,-100067.9809653297,B738,72800,HIGH_CONFIDENCE_BUG,~2x surrounding altitude with impossible implied vertical rates,SET_ALTITUDE_NULL
4452548,117532,2026-09-27T10:19:54.925Z,4BD152,CAI7PC,4452465,36000,2026-09-27T10:19:39.566Z,72800,4452637,36000,2026-09-27T10:20:23.891Z,36800,-36800,15.359,28.966,143759.35933328993,-76227.3009735552,B738,72800,HIGH_CONFIDENCE_BUG,~2x surrounding altitude with impossible implied vertical rates,SET_ALTITUDE_NULL
4452959,117532,2026-09-27T10:21:44.783Z,4BD152,CAI7PC,4452881,36000,2026-09-27T10:21:25.333Z,72800,4453191,36000,2026-09-27T10:22:04.957Z,36800,-36800,19.45,20.174,113521.85089974293,-109447.80410429265,B738,72800,HIGH_CONFIDENCE_BUG,~2x surrounding altitude with impossible implied vertical rates,SET_ALTITUDE_NULL
4447972,117534,2026-09-27T10:00:23.948Z,48C2A1,RYR4VA,4447887,37000,2026-09-27T10:00:02.235Z,74600,4448061,37000,2026-09-27T10:00:45.712Z,37600,-37600,21.713,21.764,103900.88886841985,-103657.41591619187,B38M,85800,HIGH_CONFIDENCE_BUG,~2x surrounding altitude with impossible implied vertical rates,SET_ALTITUDE_NULL
4448394,117534,2026-09-27T10:02:13.089Z,48C2A1,RYR4VA,4448311,37000,2026-09-27T10:01:51.572Z,74600,4448479,37000,2026-09-27T10:02:34.720Z,37600,-37600,21.517,21.631,104847.33001812521,-104294.76214691877,B38M,85800,HIGH_CONFIDENCE_BUG,~2x surrounding altitude with impossible implied vertical rates,SET_ALTITUDE_NULL
4447433,117535,2026-09-27T09:58:06.379Z,3C6743,DLH1454,4447346,31000,2026-09-27T09:57:43.493Z,63000,4447518,31000,2026-09-27T09:58:15.715Z,32000,-32000,22.886,9.336,83894.08371930437,-205655.52699228792,A320,63700,HIGH_CONFIDENCE_BUG,~2x surrounding altitude with impossible implied vertical rates,SET_ALTITUDE_NULL
4448094,117538,2026-09-27T10:00:57.887Z,896354,ETD3XA,4448011,35000,2026-09-27T10:00:36.238Z,71000,4448183,35000,2026-09-27T10:01:20.145Z,36000,-36000,21.649,22.258,99773.66160099773,-97043.75954712913,B77W,71000,HIGH_CONFIDENCE_BUG,~2x surrounding altitude with impossible implied vertical rates,SET_ALTITUDE_NULL
4448614,117538,2026-09-27T10:03:09.372Z,896354,ETD3XA,4448527,35000,2026-09-27T10:02:46.516Z,71000,4448699,35000,2026-09-27T10:03:24.305Z,36000,-36000,22.856,14.933,94504.72523626182,-144646.08585013056,B77W,71000,HIGH_CONFIDENCE_BUG,~2x surrounding altitude with impossible implied vertical rates,SET_ALTITUDE_NULL
4449285,117538,2026-09-27T10:06:03.453Z,896354,ETD3XA,4449200,35000,2026-09-27T10:05:41.689Z,71000,4449371,35000,2026-09-27T10:06:25.326Z,36000,-36000,21.764,21.873,99246.46204741775,-98751.88588670964,B77W,71000,HIGH_CONFIDENCE_BUG,~2x surrounding altitude with impossible implied vertical rates,SET_ALTITUDE_NULL
4450066,117538,2026-09-27T10:09:19.297Z,896354,ETD3XA,4449978,35000,2026-09-27T10:08:58.270Z,71000,4450151,35000,2026-09-27T10:09:40.187Z,36000,-36000,21.027,20.89,102725.06777000999,-103398.75538535183,B77W,71000,HIGH_CONFIDENCE_BUG,~2x surrounding altitude with impossible implied vertical rates,SET_ALTITUDE_NULL
4450556,117538,2026-09-27T10:11:29.825Z,896354,ETD3XA,4450476,35000,2026-09-27T10:11:07.938Z,71000,4450635,35000,2026-09-27T10:11:52.733Z,36000,-36000,21.887,22.908,98688.71933110978,-94290.20429544264,B77W,71000,HIGH_CONFIDENCE_BUG,~2x surrounding altitude with impossible implied vertical rates,SET_ALTITUDE_NULL
4450796,117538,2026-09-27T10:12:36.395Z,896354,ETD3XA,4450717,35000,2026-09-27T10:12:14.826Z,71000,4450878,35000,2026-09-27T10:12:58.409Z,36000,-36000,21.569,22.014,100143.72479020817,-98119.378577269,B77W,71000,HIGH_CONFIDENCE_BUG,~2x surrounding altitude with impossible implied vertical rates,SET_ALTITUDE_NULL
4451224,117538,2026-09-27T10:14:25.308Z,896354,ETD3XA,4451136,35000,2026-09-27T10:14:05.171Z,71000,4451312,35000,2026-09-27T10:14:41.858Z,36000,-36000,20.137,16.55,107265.23315290261,-130513.59516616316,B77W,71000,HIGH_CONFIDENCE_BUG,~2x surrounding altitude with impossible implied vertical rates,SET_ALTITUDE_NULL
4452021,117538,2026-09-27T10:17:41.399Z,896354,ETD3XA,4451933,35000,2026-09-27T10:16:57.925Z,71000,4452110,35000,2026-09-27T10:17:47.658Z,36000,-36000,43.474,6.259,49684.86911717348,-345103.0516056878,B77W,71000,HIGH_CONFIDENCE_BUG,~2x surrounding altitude with impossible implied vertical rates,SET_ALTITUDE_NULL
4451456,117542,2026-09-27T10:15:25.892Z,471E60,WMT9ZR,4451364,34025,2026-09-27T10:15:03.745Z,68425,4451543,34000,2026-09-27T10:15:47.163Z,34400,-34425,22.147,21.271,93195.46665462591,-97104.03836208924,,102900,HIGH_CONFIDENCE_BUG,~2x surrounding altitude with impossible implied vertical rates,SET_ALTITUDE_NULL
4447631,117543,2026-09-27T09:58:55.047Z,4BB4F0,MGH876,4447548,37000,2026-09-27T09:58:34.692Z,74600,4447716,37000,2026-09-27T09:59:18.520Z,37600,-37600,20.355,23.473,110832.71923360354,-96110.42474332212,B738,74600,HIGH_CONFIDENCE_BUG,~2x surrounding altitude with impossible implied vertical rates,SET_ALTITUDE_NULL
4448145,117543,2026-09-27T10:01:06.900Z,4BB4F0,MGH876,4448057,37000,2026-09-27T10:00:27.084Z,74600,4448230,37000,2026-09-27T10:01:29.184Z,37600,-37600,39.816,22.284,56660.638939119955,-101238.55681206247,B738,74600,HIGH_CONFIDENCE_BUG,~2x surrounding altitude with impossible implied vertical rates,SET_ALTITUDE_NULL
4448742,117543,2026-09-27T10:03:39.297Z,4BB4F0,MGH876,4448656,37000,2026-09-27T10:03:18.954Z,74600,4448829,37000,2026-09-27T10:03:52.978Z,37600,-37600,20.343,13.681,110898.09762571892,-164900.22659162342,B738,74600,HIGH_CONFIDENCE_BUG,~2x surrounding altitude with impossible implied vertical rates,SET_ALTITUDE_NULL
4449153,117543,2026-09-27T10:05:26.803Z,4BB4F0,MGH876,4449074,37000,2026-09-27T10:05:06.406Z,74600,4449239,37000,2026-09-27T10:05:46.768Z,37600,-37600,20.397,19.965,110604.50066186205,-112997.7460555973,B738,74600,HIGH_CONFIDENCE_BUG,~2x surrounding altitude with impossible implied vertical rates,SET_ALTITUDE_NULL
4447978,117545,2026-09-27T10:00:25.571Z,86D5B6,ANA222,4447894,37000,2026-09-27T10:00:02.181Z,74575,4448063,36975,2026-09-27T10:00:48.245Z,37575,-37600,23.39,22.674,96387.345019239,-99497.22148716591,B788,94700,HIGH_CONFIDENCE_BUG,~2x surrounding altitude with impossible implied vertical rates,SET_ALTITUDE_NULL
4451147,117549,2026-09-27T10:14:07.685Z,502CCF,BTI9RG,4451059,34000,2026-09-27T10:13:45.726Z,68400,4451235,34000,2026-09-27T10:14:28.597Z,34400,-34400,21.959,20.912,93993.35124550298,-98699.31140015303,BCS3,102900,HIGH_CONFIDENCE_BUG,~2x surrounding altitude with impossible implied vertical rates,SET_ALTITUDE_NULL
4451855,117549,2026-09-27T10:17:01.285Z,502CCF,BTI9RG,4451766,34000,2026-09-27T10:16:32.583Z,68400,4451945,34000,2026-09-27T10:17:20.961Z,34400,-34400,28.702,19.676,71911.36506166818,-104899.36979060785,BCS3,102900,HIGH_CONFIDENCE_BUG,~2x surrounding altitude with impossible implied vertical rates,SET_ALTITUDE_NULL
4447904,117550,2026-09-27T09:59:52.651Z,48E9F4,RYR6FL,4447816,36000,2026-09-27T09:59:45.562Z,72800,4447988,36000,2026-09-27T10:00:25.570Z,36800,-36800,7.089,32.919,311468.4722809987,-67073.72641939306,B738,72800,HIGH_CONFIDENCE_BUG,~2x surrounding altitude with impossible implied vertical rates,SET_ALTITUDE_NULL
4448243,117550,2026-09-27T10:01:35.082Z,48E9F4,RYR6FL,4448159,36000,2026-09-27T10:01:09.899Z,72800,4448324,36000,2026-09-27T10:01:57.879Z,36800,-36800,25.183,22.797,87678.19560814835,-96854.84932227925,B738,72800,HIGH_CONFIDENCE_BUG,~2x surrounding altitude with impossible implied vertical rates,SET_ALTITUDE_NULL
4448585,117550,2026-09-27T10:03:02.682Z,48E9F4,RYR6FL,4448497,36000,2026-09-27T10:02:41.573Z,72800,4448670,36000,2026-09-27T10:03:25.346Z,36800,-36800,21.109,22.664,104599.93367757829,-97423.22626191317,B738,72800,HIGH_CONFIDENCE_BUG,~2x surrounding altitude with impossible implied vertical rates,SET_ALTITUDE_NULL
4448841,117550,2026-09-27T10:04:08.408Z,48E9F4,RYR6FL,4448755,36000,2026-09-27T10:03:45.823Z,72800,4448924,36000,2026-09-27T10:04:30.282Z,36800,-36800,22.585,21.874,97764.0026566305,-100941.7573374783,B738,72800,HIGH_CONFIDENCE_BUG,~2x surrounding altitude with impossible implied vertical rates,SET_ALTITUDE_NULL
4451101,117550,2026-09-27T10:13:57.744Z,48E9F4,RYR6FL,4451013,36000,2026-09-27T10:13:04.841Z,72800,4451190,36000,2026-09-27T10:14:20.515Z,36800,-36800,52.903,22.771,41736.763510575955,-96965.43849633305,B738,72800,HIGH_CONFIDENCE_BUG,~2x surrounding altitude with impossible implied vertical rates,SET_ALTITUDE_NULL
4447990,117551,2026-09-27T10:00:31.746Z,3C64F0,DLH758,4447910,35000,2026-09-27T09:59:26.195Z,71000,4448075,35000,2026-09-27T10:00:39.594Z,36000,-36000,65.551,7.848,32951.44238836937,-275229.3577981651,A343,71000,HIGH_CONFIDENCE_BUG,~2x surrounding altitude with impossible implied vertical rates,SET_ALTITUDE_NULL
4448591,117551,2026-09-27T10:03:06.288Z,3C64F0,DLH758,4448503,35000,2026-09-27T10:02:44.413Z,71000,4448677,35000,2026-09-27T10:03:28.429Z,36000,-36000,21.875,22.141,98742.85714285714,-97556.56926064767,A343,71000,HIGH_CONFIDENCE_BUG,~2x surrounding altitude with impossible implied vertical rates,SET_ALTITUDE_NULL
4448762,117551,2026-09-27T10:03:48.295Z,3C64F0,DLH758,4448677,35000,2026-09-27T10:03:28.429Z,71000,4448848,35000,2026-09-27T10:04:11.358Z,36000,-36000,19.866,23.063,108728.48082150407,-93656.50609200884,A343,71000,HIGH_CONFIDENCE_BUG,~2x surrounding altitude with impossible implied vertical rates,SET_ALTITUDE_NULL
4448931,117551,2026-09-27T10:04:32.382Z,3C64F0,DLH758,4448848,35000,2026-09-27T10:04:11.358Z,71000,4449017,35000,2026-09-27T10:04:51.226Z,36000,-36000,21.024,18.844,102739.72602739726,-114625.3449373806,A343,71000,HIGH_CONFIDENCE_BUG,~2x surrounding altitude with impossible implied vertical rates,SET_ALTITUDE_NULL
4449348,117551,2026-09-27T10:06:22.348Z,3C64F0,DLH758,4449258,35000,2026-09-27T10:06:00.421Z,71000,4449434,35000,2026-09-27T10:06:44.218Z,36000,-36000,21.927,21.87,98508.68791900396,-98765.43209876544,A343,71000,HIGH_CONFIDENCE_BUG,~2x surrounding altitude with impossible implied vertical rates,SET_ALTITUDE_NULL
4450947,117551,2026-09-27T10:13:17.029Z,3C64F0,DLH758,4450861,35000,2026-09-27T10:12:54.869Z,71000,4451030,35000,2026-09-27T10:13:40.183Z,36000,-36000,22.16,23.154,97472.92418772563,-93288.4166882612,A343,71000,HIGH_CONFIDENCE_BUG,~2x surrounding altitude with impossible implied vertical rates,SET_ALTITUDE_NULL
4451206,117551,2026-09-27T10:14:23.140Z,3C64F0,DLH758,4451117,35000,2026-09-27T10:14:00.050Z,71000,4451293,35000,2026-09-27T10:14:45.476Z,36000,-36000,23.09,22.336,93546.9900389779,-96704.8710601719,A343,71000,HIGH_CONFIDENCE_BUG,~2x surrounding altitude with impossible implied vertical rates,SET_ALTITUDE_NULL
4451650,117551,2026-09-27T10:16:11.708Z,3C64F0,DLH758,4451562,35000,2026-09-27T10:15:49.656Z,71000,4451741,35000,2026-09-27T10:16:34.268Z,36000,-36000,22.052,22.56,97950.29929258117,-95744.68085106384,A343,71000,HIGH_CONFIDENCE_BUG,~2x surrounding altitude with impossible implied vertical rates,SET_ALTITUDE_NULL
4451832,117551,2026-09-27T10:16:55.976Z,3C64F0,DLH758,4451741,35000,2026-09-27T10:16:34.268Z,71000,4451920,35000,2026-09-27T10:17:18.014Z,36000,-36000,21.708,22.038,99502.48756218905,-98012.52382248842,A343,71000,HIGH_CONFIDENCE_BUG,~2x surrounding altitude with impossible implied vertical rates,SET_ALTITUDE_NULL
4452432,117551,2026-09-27T10:19:28.563Z,3C64F0,DLH758,4452349,35000,2026-09-27T10:19:06.019Z,71000,4452516,35000,2026-09-27T10:19:33.452Z,36000,-36000,22.544,4.889,95812.6330731015,-441808.14072407444,A343,71000,HIGH_CONFIDENCE_BUG,~2x surrounding altitude with impossible implied vertical rates,SET_ALTITUDE_NULL
4450340,117552,2026-09-27T10:10:30.516Z,8964A7,UAE5WR,4450263,35000,2026-09-27T10:10:09.459Z,71000,4450417,35000,2026-09-27T10:10:52.164Z,36000,-36000,21.057,21.648,102578.7149166548,-99778.27050997782,B77W,71000,HIGH_CONFIDENCE_BUG,~2x surrounding altitude with impossible implied vertical rates,SET_ALTITUDE_NULL
4450817,117552,2026-09-27T10:12:42.132Z,8964A7,UAE5WR,4450737,35000,2026-09-27T10:12:20.806Z,71000,4450904,35000,2026-09-27T10:13:04.854Z,36000,-36000,21.326,22.722,101284.81665572542,-95062.05439662002,B77W,71000,HIGH_CONFIDENCE_BUG,~2x surrounding altitude with impossible implied vertical rates,SET_ALTITUDE_NULL
4451912,117554,2026-09-27T10:17:17.763Z,3CF8BE,PTN19K,4451823,42975,2026-09-27T10:16:56.359Z,86175,4452175,42975,2026-09-27T10:17:28.236Z,43200,-43200,21.404,10.473,121098.86002616333,-247493.55485534229,PC24,93975,HIGH_CONFIDENCE_BUG,~2x surrounding altitude with impossible implied vertical rates,SET_ALTITUDE_NULL
4451701,117555,2026-09-27T10:16:24.356Z,06A11E,QTR35P,4451610,39000,2026-09-27T10:16:02.615Z,79000,4451790,39000,2026-09-27T10:16:35.932Z,40000,-40000,21.741,11.576,110390.50641644819,-207325.50103662748,A35K,94800,HIGH_CONFIDENCE_BUG,~2x surrounding altitude with impossible implied vertical rates,SET_ALTITUDE_NULL
4448354,117556,2026-09-27T10:02:01.077Z,471F55,WMT4UH,4448269,34000,2026-09-27T10:01:38.110Z,68400,4448437,34000,2026-09-27T10:02:22.783Z,34400,-34400,22.967,21.706,89868.071580964,-95088.91550723302,A320,85900,HIGH_CONFIDENCE_BUG,~2x surrounding altitude with impossible implied vertical rates,SET_ALTITUDE_NULL
4448526,117556,2026-09-27T10:02:46.218Z,471F55,WMT4UH,4448437,34000,2026-09-27T10:02:22.783Z,68400,4448613,34000,2026-09-27T10:02:59.589Z,34400,-34400,23.435,13.371,88073.39449541284,-154363.9219205744,A320,85900,HIGH_CONFIDENCE_BUG,~2x surrounding altitude with impossible implied vertical rates,SET_ALTITUDE_NULL
4449530,117556,2026-09-27T10:07:04.076Z,471F55,WMT4UH,4449446,34000,2026-09-27T10:06:36.694Z,68400,4449614,34000,2026-09-27T10:07:28.236Z,34400,-34400,27.382,24.16,75377.98553794464,-85430.46357615895,A320,85900,HIGH_CONFIDENCE_BUG,~2x surrounding altitude with impossible implied vertical rates,SET_ALTITUDE_NULL
4449703,117556,2026-09-27T10:07:51.860Z,471F55,WMT4UH,4449614,34000,2026-09-27T10:07:28.236Z,68400,4449789,34000,2026-09-27T10:08:12.807Z,34400,-34400,23.624,20.947,87368.77751439215,-98534.39633360386,A320,85900,HIGH_CONFIDENCE_BUG,~2x surrounding altitude with impossible implied vertical rates,SET_ALTITUDE_NULL
4450230,117556,2026-09-27T10:09:55.764Z,471F55,WMT4UH,4450143,34000,2026-09-27T10:09:30.741Z,68400,4450312,34000,2026-09-27T10:10:23.991Z,34400,-34400,25.023,28.227,82484.11461455461,-73121.47943458392,A320,85900,HIGH_CONFIDENCE_BUG,~2x surrounding altitude with impossible implied vertical rates,SET_ALTITUDE_NULL
4451213,117556,2026-09-27T10:14:07.548Z,471F55,WMT4UH,4451125,34025,2026-09-27T10:14:04.622Z,68400,4451301,34000,2026-09-27T10:14:37.590Z,34375,-34400,2.926,30.042,704887.2180451128,-68703.81465947673,A320,85900,HIGH_CONFIDENCE_BUG,~2x surrounding altitude with impossible implied vertical rates,SET_ALTITUDE_NULL
4450497,117558,2026-09-27T10:11:14.311Z,48C22F,RYR7AK,4450419,32000,2026-09-27T10:10:42.673Z,65000,4450576,32525,2026-09-27T10:11:36.297Z,33000,-32475,31.638,21.986,62582.969846387256,-88624.5792777222,B738,114900,HIGH_CONFIDENCE_BUG,~2x surrounding altitude with impossible implied vertical rates,SET_ALTITUDE_NULL
4448544,117559,2026-09-27T10:02:49.793Z,4BAAD2,THY60S,4448457,36000,2026-09-27T10:02:25.162Z,72800,4448633,36000,2026-09-27T10:03:12.837Z,36800,-36800,24.631,23.044,89643.13263773294,-95816.69848984551,B738,72800,HIGH_CONFIDENCE_BUG,~2x surrounding altitude with impossible implied vertical rates,SET_ALTITUDE_NULL
4449812,117559,2026-09-27T10:08:15.853Z,4BAAD2,THY60S,4449724,36000,2026-09-27T10:07:54.355Z,72800,4449897,36000,2026-09-27T10:08:39.375Z,36800,-36800,21.498,23.522,102707.22857940273,-93869.56891420798,B738,72800,HIGH_CONFIDENCE_BUG,~2x surrounding altitude with impossible implied vertical rates,SET_ALTITUDE_NULL
4449987,117559,2026-09-27T10:09:00.920Z,4BAAD2,THY60S,4449897,36000,2026-09-27T10:08:39.375Z,72800,4450074,36000,2026-09-27T10:09:23.229Z,36800,-36800,21.545,22.309,102483.17475052217,-98973.50844950468,B738,72800,HIGH_CONFIDENCE_BUG,~2x surrounding altitude with impossible implied vertical rates,SET_ALTITUDE_NULL
4451585,117559,2026-09-27T10:15:57.290Z,4BAAD2,THY60S,4451497,36000,2026-09-27T10:15:24.776Z,72800,4451670,36000,2026-09-27T10:16:18.675Z,36800,-36800,32.514,21.385,67909.20834102233,-103249.94154781388,B738,72800,HIGH_CONFIDENCE_BUG,~2x surrounding altitude with impossible implied vertical rates,SET_ALTITUDE_NULL
4452114,117559,2026-09-27T10:18:06.450Z,4BAAD2,THY60S,4452026,36000,2026-09-27T10:17:44.483Z,72800,4452204,36000,2026-09-27T10:18:29.417Z,36800,-36800,21.967,22.967,100514.40797559977,-96137.93704010102,B738,72800,HIGH_CONFIDENCE_BUG,~2x surrounding altitude with impossible implied vertical rates,SET_ALTITUDE_NULL
4452863,117559,2026-09-27T10:21:22.088Z,4BAAD2,THY60S,4452784,36000,2026-09-27T10:20:57.775Z,72800,4452941,36000,2026-09-27T10:21:45.179Z,36800,-36800,24.313,23.091,90815.61304651832,-95621.6707808237,B738,72800,HIGH_CONFIDENCE_BUG,~2x surrounding altitude with impossible implied vertical rates,SET_ALTITUDE_NULL
4450814,117561,2026-09-27T10:12:42.682Z,8966A9,ETD44,4450734,33000,2026-09-27T10:12:20.720Z,66600,4450906,33000,2026-09-27T10:13:04.947Z,33600,-33600,21.962,22.265,91794.91849558329,-90545.69952840781,A21N,110700,HIGH_CONFIDENCE_BUG,~2x surrounding altitude with impossible implied vertical rates,SET_ALTITUDE_NULL
4450539,117567,2026-09-27T10:11:27.394Z,406D78,BAW136,4450458,41875,2026-09-27T10:11:05.658Z,80800,4450617,41800,2026-09-27T10:11:49.866Z,38925,-39000,21.736,22.472,107448.47258005153,-104129.58348166608,B789,87600,HIGH_CONFIDENCE_BUG,~2x surrounding altitude with impossible implied vertical rates,SET_ALTITUDE_NULL
4451470,117567,2026-09-27T10:15:28.154Z,406D78,BAW136,4451380,40000,2026-09-27T10:15:06.856Z,80800,4451559,40000,2026-09-27T10:15:50.300Z,40800,-40800,21.298,22.146,114940.36998779229,-110539.1492820374,B789,87600,HIGH_CONFIDENCE_BUG,~2x surrounding altitude with impossible implied vertical rates,SET_ALTITUDE_NULL
4451885,117569,2026-09-27T10:16:54.929Z,4CAD97,SAS7654,4451794,37975,2026-09-27T10:16:46.282Z,76375,4451967,37975,2026-09-27T10:17:13.418Z,38400,-38400,8.647,18.489,266450.7921822597,-124614.6357293526,A20N,118700,HIGH_CONFIDENCE_BUG,~2x surrounding altitude with impossible implied vertical rates,SET_ALTITUDE_NULL
4451378,117571,2026-09-27T10:15:06.009Z,4867EB,TRA7N,4451287,35000,2026-09-27T10:14:44.194Z,71000,4451467,35000,2026-09-27T10:15:24.778Z,36000,-36000,21.815,18.769,99014.43960577584,-115083.38217273162,A21N,71000,HIGH_CONFIDENCE_BUG,~2x surrounding altitude with impossible implied vertical rates,SET_ALTITUDE_NULL
4449306,117573,2026-09-27T10:06:10.062Z,501C38,CTN4487,4449222,36000,2026-09-27T10:05:48.458Z,72800,4449394,36000,2026-09-27T10:06:31.742Z,36800,-36800,21.604,21.68,102203.29568598408,-101845.0184501845,BCS3,72800,HIGH_CONFIDENCE_BUG,~2x surrounding altitude with impossible implied vertical rates,SET_ALTITUDE_NULL
4449560,117573,2026-09-27T10:07:14.501Z,501C38,CTN4487,4449477,36000,2026-09-27T10:06:53.615Z,72800,4449645,36000,2026-09-27T10:07:37.525Z,36800,-36800,20.886,23.024,105716.74806090203,-95899.93050729674,BCS3,72800,HIGH_CONFIDENCE_BUG,~2x surrounding altitude with impossible implied vertical rates,SET_ALTITUDE_NULL
4449732,117573,2026-09-27T10:07:58.769Z,501C38,CTN4487,4449645,36000,2026-09-27T10:07:37.525Z,72800,4449820,36000,2026-09-27T10:08:21.023Z,36800,-36800,21.244,22.254,103935.22877047637,-99218.11809112968,BCS3,72800,HIGH_CONFIDENCE_BUG,~2x surrounding altitude with impossible implied vertical rates,SET_ALTITUDE_NULL
4450981,117573,2026-09-27T10:13:29.424Z,501C38,CTN4487,4450891,36000,2026-09-27T10:13:04.852Z,72800,4451069,36000,2026-09-27T10:13:52.475Z,36800,-36800,24.572,23.051,89858.3753866189,-95787.60140557894,BCS3,72800,HIGH_CONFIDENCE_BUG,~2x surrounding altitude with impossible implied vertical rates,SET_ALTITUDE_NULL
4451605,117573,2026-09-27T10:16:01.612Z,501C38,CTN4487,4451516,36000,2026-09-27T10:15:41.479Z,72800,4451693,36000,2026-09-27T10:16:09.226Z,36800,-36800,20.133,7.614,109670.68991208464,-289992.1197793538,BCS3,72800,HIGH_CONFIDENCE_BUG,~2x surrounding altitude with impossible implied vertical rates,SET_ALTITUDE_NULL
4452304,117573,2026-09-27T10:18:54.485Z,501C38,CTN4487,4452221,36000,2026-09-27T10:18:34.089Z,72800,4452384,36000,2026-09-27T10:19:18.538Z,36800,-36800,20.396,24.053,108256.52088644833,-91797.28100444851,BCS3,72800,HIGH_CONFIDENCE_BUG,~2x surrounding altitude with impossible implied vertical rates,SET_ALTITUDE_NULL
4452640,117573,2026-09-27T10:20:23.504Z,501C38,CTN4487,4452550,36000,2026-09-27T10:19:24.466Z,72800,4452723,36000,2026-09-27T10:20:29.042Z,36800,-36800,59.038,5.538,37399.640909244896,-398699.8916576382,BCS3,72800,HIGH_CONFIDENCE_BUG,~2x surrounding altitude with impossible implied vertical rates,SET_ALTITUDE_NULL
4452800,117573,2026-09-27T10:20:54.647Z,501C38,CTN4487,4452723,36000,2026-09-27T10:20:29.042Z,72800,4452885,36000,2026-09-27T10:21:28.412Z,36800,-36800,25.605,33.765,86233.1575864089,-65393.15859617948,BCS3,72800,HIGH_CONFIDENCE_BUG,~2x surrounding altitude with impossible implied vertical rates,SET_ALTITUDE_NULL
4452963,117573,2026-09-27T10:21:32.514Z,501C38,CTN4487,4452885,36000,2026-09-27T10:21:28.412Z,72800,4453040,36000,2026-09-27T10:22:12.895Z,36800,-36800,4.102,40.381,538274.012676743,-54679.180802852825,BCS3,72800,HIGH_CONFIDENCE_BUG,~2x surrounding altitude with impossible implied vertical rates,SET_ALTITUDE_NULL
4452973,117574,2026-09-27T10:21:51.080Z,49D04D,TVP7707,4452894,36000,2026-09-27T10:21:29.235Z,68400,4453051,36000,2026-09-27T10:22:13.362Z,32400,-32400,21.845,22.282,88990.61570153353,-87245.31011578852,B738,92700,HIGH_CONFIDENCE_BUG,~2x surrounding altitude with impossible implied vertical rates,SET_ALTITUDE_NULL
4453503,117574,2026-09-27T10:24:21.950Z,49D04D,TVP7707,4453428,36000,2026-09-27T10:23:57.701Z,72800,4453583,36000,2026-09-27T10:24:29.897Z,36800,-36800,24.249,7.947,91055.30124953606,-277840.6946017365,B738,92700,HIGH_CONFIDENCE_BUG,~2x surrounding altitude with impossible implied vertical rates,SET_ALTITUDE_NULL
4449093,117575,2026-09-27T10:05:15.382Z,3C4B45,EWG1CZ,4449014,36000,2026-09-27T10:04:26.348Z,72800,4449174,36000,2026-09-27T10:05:26.288Z,36800,-36800,49.034,10.906,45029.97919810743,-202457.36291949387,A320,72800,HIGH_CONFIDENCE_BUG,~2x surrounding altitude with impossible implied vertical rates,SET_ALTITUDE_NULL
4450638,117577,2026-09-27T10:11:55.601Z,06A2E9,QTR64P,4450559,39000,2026-09-27T10:11:33.346Z,79000,4450720,39000,2026-09-27T10:12:17.966Z,40000,-40000,22.255,22.365,107840.93462143338,-107310.52984574111,B789,95700,HIGH_CONFIDENCE_BUG,~2x surrounding altitude with impossible implied vertical rates,SET_ALTITUDE_NULL
4450424,117578,2026-09-27T10:10:55.267Z,C02EC1,ACA943,4450349,34450,2026-09-27T10:10:34.254Z,70125,4450504,35125,2026-09-27T10:11:04.858Z,35675,-35000,21.013,9.591,101865.51182601247,-218955.27056615578,B789,93800,HIGH_CONFIDENCE_BUG,~2x surrounding altitude with impossible implied vertical rates,SET_ALTITUDE_NULL
4450983,117578,2026-09-27T10:13:30.110Z,C02EC1,ACA943,4450896,36000,2026-09-27T10:13:04.856Z,72800,4451068,36000,2026-09-27T10:13:52.198Z,36800,-36800,25.254,22.088,87431.69398907103,-99963.78123868164,B789,93800,HIGH_CONFIDENCE_BUG,~2x surrounding altitude with impossible implied vertical rates,SET_ALTITUDE_NULL
4449582,117579,2026-09-27T10:07:13.583Z,471EFE,WZZ61TX,4449499,34000,2026-09-27T10:06:52.686Z,68400,4449667,34025,2026-09-27T10:07:42.437Z,34400,-34375,20.897,28.854,98770.158395942,-71480.55728841755,A321,118800,HIGH_CONFIDENCE_BUG,~2x surrounding altitude with impossible implied vertical rates,SET_ALTITUDE_NULL
4450021,117579,2026-09-27T10:09:07.282Z,471EFE,WZZ61TX,4449933,34000,2026-09-27T10:08:39.048Z,68400,4450107,34000,2026-09-27T10:09:17.141Z,34400,-34400,28.234,9.859,73103.35057023447,-209351.86124353381,A321,118800,HIGH_CONFIDENCE_BUG,~2x surrounding altitude with impossible implied vertical rates,SET_ALTITUDE_NULL
4449634,117581,2026-09-27T10:07:26.244Z,49D00D,TVP7707,4449548,36000,2026-09-27T10:07:11.038Z,72800,4449721,36000,2026-09-27T10:07:43.501Z,36800,-36800,15.206,17.257,145205.83980007892,-127948.07904038939,B738,102900,HIGH_CONFIDENCE_BUG,~2x surrounding altitude with impossible implied vertical rates,SET_ALTITUDE_NULL
4449809,117581,2026-09-27T10:08:12.724Z,49D00D,TVP7707,4449721,36000,2026-09-27T10:07:43.501Z,72800,4449896,36000,2026-09-27T10:08:36.288Z,36800,-36800,29.223,23.564,75556.9243404168,-93702.25768120862,B738,102900,HIGH_CONFIDENCE_BUG,~2x surrounding altitude with impossible implied vertical rates,SET_ALTITUDE_NULL
4449986,117581,2026-09-27T10:08:57.943Z,49D00D,TVP7707,4449896,36000,2026-09-27T10:08:36.288Z,72800,4450073,36000,2026-09-27T10:09:09.164Z,36800,-36800,21.655,11.221,101962.5952435927,-196773.9060689778,B738,102900,HIGH_CONFIDENCE_BUG,~2x surrounding altitude with impossible implied vertical rates,SET_ALTITUDE_NULL
4450323,117581,2026-09-27T10:10:28.003Z,49D00D,TVP7707,4450245,36000,2026-09-27T10:10:05.120Z,72800,4450401,36000,2026-09-27T10:10:49.880Z,36800,-36800,22.883,21.877,96490.84473189704,-100927.91516204234,B738,102900,HIGH_CONFIDENCE_BUG,~2x surrounding altitude with impossible implied vertical rates,SET_ALTITUDE_NULL
4450807,117582,2026-09-27T10:12:39.565Z,503CFE,CAI17QT,4450727,35000,2026-09-27T10:12:17.173Z,66300,4450889,35000,2026-09-27T10:13:01.603Z,31300,-31300,22.392,22.038,83869.23901393355,-85216.44432344132,A320,71025,HIGH_CONFIDENCE_BUG,~2x surrounding altitude with impossible implied vertical rates,SET_ALTITUDE_NULL
4451238,117582,2026-09-27T10:14:29.717Z,503CFE,CAI17QT,4451149,35000,2026-09-27T10:14:07.711Z,71000,4451325,35000,2026-09-27T10:14:51.099Z,36000,-36000,22.006,21.382,98155.04862310279,-101019.54915349359,A320,71025,HIGH_CONFIDENCE_BUG,~2x surrounding altitude with impossible implied vertical rates,SET_ALTITUDE_NULL
4451417,117582,2026-09-27T10:15:11.936Z,503CFE,CAI17QT,4451325,35000,2026-09-27T10:14:51.099Z,71000,4451506,35000,2026-09-27T10:15:34.071Z,36000,-36000,20.837,22.135,103661.75553102655,-97583.01332730969,A320,71025,HIGH_CONFIDENCE_BUG,~2x surrounding altitude with impossible implied vertical rates,SET_ALTITUDE_NULL
4451594,117582,2026-09-27T10:15:55.568Z,503CFE,CAI17QT,4451506,35000,2026-09-27T10:15:34.071Z,71000,4451680,35000,2026-09-27T10:16:17.175Z,36000,-36000,21.497,21.607,100479.13662371493,-99967.60309159069,A320,71025,HIGH_CONFIDENCE_BUG,~2x surrounding altitude with impossible implied vertical rates,SET_ALTITUDE_NULL
4452208,117582,2026-09-27T10:18:28.412Z,503CFE,CAI17QT,4452123,35000,2026-09-27T10:18:06.663Z,71000,4452291,35000,2026-09-27T10:18:51.180Z,36000,-36000,21.749,22.768,99314.9110303922,-94869.99297259311,A320,71025,HIGH_CONFIDENCE_BUG,~2x surrounding altitude with impossible implied vertical rates,SET_ALTITUDE_NULL
4452373,117582,2026-09-27T10:19:12.047Z,503CFE,CAI17QT,4452291,35000,2026-09-27T10:18:51.180Z,71000,4452454,35000,2026-09-27T10:19:34.738Z,36000,-36000,20.867,22.691,103512.7234389227,-95191.92631439779,A320,71025,HIGH_CONFIDENCE_BUG,~2x surrounding altitude with impossible implied vertical rates,SET_ALTITUDE_NULL
4449469,117585,2026-09-27T10:06:49.172Z,4BAB2F,THY6RP,4449385,34000,2026-09-27T10:06:24.098Z,68400,4449552,34000,2026-09-27T10:07:09.068Z,34400,-34400,25.074,19.896,82316.34362287629,-103739.4451145959,B739,85900,HIGH_CONFIDENCE_BUG,~2x surrounding altitude with impossible implied vertical rates,SET_ALTITUDE_NULL
4450161,117585,2026-09-27T10:09:44.882Z,4BAB2F,THY6RP,4450075,34000,2026-09-27T10:09:21.551Z,68400,4450247,34000,2026-09-27T10:10:05.852Z,34400,-34400,23.331,20.97,88465.98945608847,-98426.32331902719,B739,85900,HIGH_CONFIDENCE_BUG,~2x surrounding altitude with impossible implied vertical rates,SET_ALTITUDE_NULL
4450019,117590,2026-09-27T10:09:07.309Z,89649D,ETD81C,4449931,37000,2026-09-27T10:08:48.468Z,74600,4450105,37000,2026-09-27T10:09:17.207Z,37600,-37600,18.841,9.898,119738.86736372804,-227924.8332996565,A388,74600,HIGH_CONFIDENCE_BUG,~2x surrounding altitude with impossible implied vertical rates,SET_ALTITUDE_NULL
4452736,117594,2026-09-27T10:20:43.196Z,400A25,BAW863Z,4452654,36000,2026-09-27T10:20:27.112Z,72800,4452817,36000,2026-09-27T10:21:10.775Z,36800,-36800,16.084,27.579,137279.28376025864,-80060.91591428261,A320,91600,HIGH_CONFIDENCE_BUG,~2x surrounding altitude with impossible implied vertical rates,SET_ALTITUDE_NULL
4452897,117594,2026-09-27T10:21:32.406Z,400A25,BAW863Z,4452817,36000,2026-09-27T10:21:10.775Z,72800,4452974,36000,2026-09-27T10:21:54.509Z,36800,-36800,21.631,22.103,102075.72465443115,-99895.94172736732,A320,91600,HIGH_CONFIDENCE_BUG,~2x surrounding altitude with impossible implied vertical rates,SET_ALTITUDE_NULL
4453053,117594,2026-09-27T10:22:15.310Z,400A25,BAW863Z,4452974,36000,2026-09-27T10:21:54.509Z,72800,4453132,36000,2026-09-27T10:22:38.045Z,36800,-36800,20.801,22.735,106148.74284890149,-97118.97954695403,A320,91600,HIGH_CONFIDENCE_BUG,~2x surrounding altitude with impossible implied vertical rates,SET_ALTITUDE_NULL
4454022,117594,2026-09-27T10:26:55.057Z,400A25,BAW863Z,4453956,36000,2026-09-27T10:26:07.984Z,72775,4454228,35975,2026-09-27T10:27:15.794Z,36775,-36800,47.073,20.737,46874.00420623287,-106476.34662680233,A320,91600,HIGH_CONFIDENCE_BUG,~2x surrounding altitude with impossible implied vertical rates,SET_ALTITUDE_NULL
4451121,117595,2026-09-27T10:14:02.028Z,4D24B6,HYS408,4451034,39000,2026-09-27T10:13:38.458Z,79000,4451208,39000,2026-09-27T10:14:20.487Z,40000,-40000,23.57,18.459,101824.35299109037,-130017.8774581505,B738,94800,HIGH_CONFIDENCE_BUG,~2x surrounding altitude with impossible implied vertical rates,SET_ALTITUDE_NULL
4450357,117596,2026-09-27T10:10:37.831Z,48C2AE,RYR76DR,4450280,36000,2026-09-27T10:10:16.341Z,72800,4450430,36000,2026-09-27T10:10:59.678Z,36800,-36800,21.49,21.847,102745.46300604932,-101066.5079873667,B38M,72800,HIGH_CONFIDENCE_BUG,~2x surrounding altitude with impossible implied vertical rates,SET_ALTITUDE_NULL
4450514,117596,2026-09-27T10:11:21.522Z,48C2AE,RYR76DR,4450430,36000,2026-09-27T10:10:59.678Z,72800,4450593,36000,2026-09-27T10:11:42.467Z,36800,-36800,21.844,20.945,101080.38820728805,-105418.95440439245,B38M,72800,HIGH_CONFIDENCE_BUG,~2x surrounding altitude with impossible implied vertical rates,SET_ALTITUDE_NULL
4451805,117596,2026-09-27T10:16:49.505Z,48C2AE,RYR76DR,4451713,36000,2026-09-27T10:16:28.177Z,72800,4451892,36000,2026-09-27T10:17:11.701Z,36800,-36800,21.328,22.196,103525.88147036759,-99477.38331230852,B38M,72800,HIGH_CONFIDENCE_BUG,~2x surrounding altitude with impossible implied vertical rates,SET_ALTITUDE_NULL
4452406,117596,2026-09-27T10:19:21.329Z,48C2AE,RYR76DR,4452325,36000,2026-09-27T10:19:00.437Z,72800,4452490,36000,2026-09-27T10:19:42.500Z,36800,-36800,20.892,21.171,105686.38713383113,-104293.6091823721,B38M,72800,HIGH_CONFIDENCE_BUG,~2x surrounding altitude with impossible implied vertical rates,SET_ALTITUDE_NULL
4450115,117597,2026-09-27T10:09:32.483Z,3C66AC,DLH6NJ,4450029,37000,2026-09-27T10:09:13.398Z,74600,4450200,37000,2026-09-27T10:09:57.417Z,37600,-37600,19.085,24.934,118208.01676709458,-90478.86420149195,A320,102800,HIGH_CONFIDENCE_BUG,~2x surrounding altitude with impossible implied vertical rates,SET_ALTITUDE_NULL
4450680,117597,2026-09-27T10:12:08.244Z,3C66AC,DLH6NJ,4450596,36850,2026-09-27T10:11:46.669Z,73225,4450760,36075,2026-09-27T10:12:30.198Z,36375,-37150,21.575,21.954,101158.74855156432,-101530.4728067778,A320,102800,HIGH_CONFIDENCE_BUG,~2x surrounding altitude with impossible implied vertical rates,SET_ALTITUDE_NULL
4450843,117597,2026-09-27T10:12:52.049Z,3C66AC,DLH6NJ,4450760,36075,2026-09-27T10:12:30.198Z,71675,4450926,35300,2026-09-27T10:13:11.020Z,35600,-36375,21.851,18.971,97752.96325110979,-115044.01454852143,A320,102800,HIGH_CONFIDENCE_BUG,~2x surrounding altitude with impossible implied vertical rates,SET_ALTITUDE_NULL
4450618,117598,2026-09-27T10:11:49.676Z,4D2146,WMT8585,4450540,34000,2026-09-27T10:11:23.707Z,68400,4450701,34000,2026-09-27T10:11:57.804Z,34400,-34400,25.969,8.128,79479.37925988679,-253937.00787401572,CL61,85900,HIGH_CONFIDENCE_BUG,~2x surrounding altitude with impossible implied vertical rates,SET_ALTITUDE_NULL
4450862,117598,2026-09-27T10:12:54.866Z,4D2146,WMT8585,4450781,34000,2026-09-27T10:12:32.566Z,68400,4450946,34000,2026-09-27T10:13:16.848Z,34400,-34400,22.3,21.982,92556.05381165919,-93895.00500409426,CL61,85900,HIGH_CONFIDENCE_BUG,~2x surrounding altitude with impossible implied vertical rates,SET_ALTITUDE_NULL
4451205,117598,2026-09-27T10:14:16.856Z,4D2146,WMT8585,4451116,34000,2026-09-27T10:14:01.237Z,68400,4451294,34025,2026-09-27T10:14:44.791Z,34400,-34375,15.619,27.935,132146.74434983035,-73832.11025595131,CL61,85900,HIGH_CONFIDENCE_BUG,~2x surrounding altitude with impossible implied vertical rates,SET_ALTITUDE_NULL
4450307,117599,2026-09-27T10:10:11.972Z,AB7ECE,TWY303,4450227,40000,2026-09-27T10:10:02.496Z,80800,4450385,40000,2026-09-27T10:10:40.395Z,40800,-40800,9.476,28.423,258336.85099197974,-86127.43200928826,F2LX,101900,HIGH_CONFIDENCE_BUG,~2x surrounding altitude with impossible implied vertical rates,SET_ALTITUDE_NULL
4452935,117599,2026-09-27T10:21:41.937Z,AB7ECE,TWY303,4452852,40000,2026-09-27T10:21:19.048Z,80800,4453006,40000,2026-09-27T10:21:50.860Z,40800,-40800,22.889,8.923,106950.93713137315,-274347.1926482125,F2LX,101900,HIGH_CONFIDENCE_BUG,~2x surrounding altitude with impossible implied vertical rates,SET_ALTITUDE_NULL
4454330,117600,2026-09-27T10:28:36.533Z,4BD183,CAI5A,4454261,32050,2026-09-27T10:28:14.451Z,64850,4454423,32050,2026-09-27T10:28:52.531Z,32800,-32800,22.082,15.998,89122.3621048818,-123015.37692211526,B734,67600,HIGH_CONFIDENCE_BUG,~2x surrounding altitude with impossible implied vertical rates,SET_ALTITUDE_NULL
4450034,117602,2026-09-27T10:09:12.118Z,4D2303,RYR1PY,4449947,36000,2026-09-27T10:08:51.607Z,72800,4450120,36000,2026-09-27T10:09:35.760Z,36800,-36800,20.511,23.642,107649.55389790844,-93393.11394975045,B38M,72800,HIGH_CONFIDENCE_BUG,~2x surrounding altitude with impossible implied vertical rates,SET_ALTITUDE_NULL
4452410,117602,2026-09-27T10:19:24.462Z,4D2303,RYR1PY,4452334,36000,2026-09-27T10:19:03.826Z,72800,4452499,36000,2026-09-27T10:19:47.105Z,36800,-36800,20.636,22.643,106997.4801318085,-97513.5803559599,B38M,72800,HIGH_CONFIDENCE_BUG,~2x surrounding altitude with impossible implied vertical rates,SET_ALTITUDE_NULL
4452907,117602,2026-09-27T10:21:36.035Z,4D2303,RYR1PY,4452829,36000,2026-09-27T10:21:14.243Z,72800,4452983,36000,2026-09-27T10:21:57.396Z,36800,-36800,21.792,21.361,101321.58590308369,-103365.94728711204,B38M,72800,HIGH_CONFIDENCE_BUG,~2x surrounding altitude with impossible implied vertical rates,SET_ALTITUDE_NULL
4453884,117602,2026-09-27T10:26:18.086Z,4D2303,RYR1PY,4453810,36000,2026-09-27T10:25:56.730Z,72800,4453959,36000,2026-09-27T10:26:38.792Z,36800,-36800,21.356,20.706,103390.14796778423,-106635.75775137641,B38M,72800,HIGH_CONFIDENCE_BUG,~2x surrounding altitude with impossible implied vertical rates,SET_ALTITUDE_NULL
4454165,117602,2026-09-27T10:27:43.479Z,4D2303,RYR1PY,4454095,36000,2026-09-27T10:27:24.356Z,72800,4454232,36000,2026-09-27T10:28:08.542Z,36800,-36800,19.123,25.063,115463.05495999582,-88097.99305749511,B38M,72800,HIGH_CONFIDENCE_BUG,~2x surrounding altitude with impossible implied vertical rates,SET_ALTITUDE_NULL
4452013,117605,2026-09-27T10:17:29.969Z,4BB853,PGT63SA,4451924,36000,2026-09-27T10:16:58.003Z,72825,4452102,36000,2026-09-27T10:18:03.327Z,36825,-36825,31.966,33.358,69120.31533504347,-66235.98537082558,A20N,80775,HIGH_CONFIDENCE_BUG,~2x surrounding altitude with impossible implied vertical rates,SET_ALTITUDE_NULL
4452271,117605,2026-09-27T10:18:46.428Z,4BB853,PGT63SA,4452186,36000,2026-09-27T10:18:25.624Z,72800,4452353,36000,2026-09-27T10:19:06.019Z,36800,-36800,20.804,19.591,106133.43587771582,-112704.81343474044,A20N,80775,HIGH_CONFIDENCE_BUG,~2x surrounding altitude with impossible implied vertical rates,SET_ALTITUDE_NULL
4453460,117605,2026-09-27T10:24:12.423Z,4BB853,PGT63SA,4453386,36025,2026-09-27T10:23:46.096Z,72800,4453536,36000,2026-09-27T10:24:34.426Z,36775,-36800,26.327,22.003,83811.29638773882,-100349.95227923464,A20N,80775,HIGH_CONFIDENCE_BUG,~2x surrounding altitude with impossible implied vertical rates,SET_ALTITUDE_NULL
4450042,117606,2026-09-27T10:09:16.430Z,471FAA,WZZ341,4449952,35000,2026-09-27T10:08:54.597Z,66375,4450128,35000,2026-09-27T10:09:38.439Z,31375,-31375,21.833,22.009,86222.69042275455,-85533.19096733154,A321,110700,HIGH_CONFIDENCE_BUG,~2x surrounding altitude with impossible implied vertical rates,SET_ALTITUDE_NULL
4451005,117606,2026-09-27T10:13:33.961Z,471FAA,WZZ341,4450922,34975,2026-09-27T10:13:10.554Z,70175,4451093,35000,2026-09-27T10:13:58.427Z,35200,-35175,23.407,24.466,90229.4185500064,-86262.56846235592,A321,110700,HIGH_CONFIDENCE_BUG,~2x surrounding altitude with impossible implied vertical rates,SET_ALTITUDE_NULL
4451628,117606,2026-09-27T10:16:05.514Z,471FAA,WZZ341,4451540,35000,2026-09-27T10:15:47.163Z,71000,4451721,35000,2026-09-27T10:16:14.498Z,36000,-36000,18.351,8.984,117704.7572339382,-240427.42653606413,A321,110700,HIGH_CONFIDENCE_BUG,~2x surrounding altitude with impossible implied vertical rates,SET_ALTITUDE_NULL
4451987,117606,2026-09-27T10:17:29.100Z,471FAA,WZZ341,4451899,35000,2026-09-27T10:17:13.834Z,70175,4452073,35000,2026-09-27T10:17:51.979Z,35175,-35175,15.266,22.879,138248.39512642473,-92246.16460509638,A321,110700,HIGH_CONFIDENCE_BUG,~2x surrounding altitude with impossible implied vertical rates,SET_ALTITUDE_NULL
4453241,117607,2026-09-27T10:23:07.979Z,48C2B3,RYR7PD,4453165,35550,2026-09-27T10:22:46.428Z,72675,4453316,36150,2026-09-27T10:23:28.943Z,37125,-36525,21.551,20.964,103359.47287828871,-104536.34802518603,B38M,98700,HIGH_CONFIDENCE_BUG,~2x surrounding altitude with impossible implied vertical rates,SET_ALTITUDE_NULL
4454327,117607,2026-09-27T10:28:36.533Z,48C2B3,RYR7PD,4454260,38000,2026-09-27T10:28:14.874Z,76400,4454408,38000,2026-09-27T10:28:51.277Z,38400,-38400,21.659,14.744,106376.10231312619,-156266.9560499186,B38M,98700,HIGH_CONFIDENCE_BUG,~2x surrounding altitude with impossible implied vertical rates,SET_ALTITUDE_NULL
4453230,117609,2026-09-27T10:23:03.168Z,485343,KLM865,4453155,35000,2026-09-27T10:22:44.577Z,71000,4453305,34975,2026-09-27T10:23:26.491Z,36000,-36025,18.591,23.323,116185.25092786831,-92676.7568494619,B789,71000,HIGH_CONFIDENCE_BUG,~2x surrounding altitude with impossible implied vertical rates,SET_ALTITUDE_NULL
4453311,117610,2026-09-27T10:23:30.201Z,49D0E0,ABP751,4453236,36500,2026-09-27T10:23:07.813Z,74500,4453387,37225,2026-09-27T10:23:52.429Z,38000,-37275,22.388,22.228,101840.27157405754,-100616.33975166456,E35L,93900,HIGH_CONFIDENCE_BUG,~2x surrounding altitude with impossible implied vertical rates,SET_ALTITUDE_NULL
4453909,117610,2026-09-27T10:26:24.455Z,49D0E0,ABP751,4453834,39000,2026-09-27T10:26:02.985Z,79225,4453979,39425,2026-09-27T10:26:42.042Z,40225,-39800,21.47,17.587,112412.6688402422,-135782.1117871155,E35L,93900,HIGH_CONFIDENCE_BUG,~2x surrounding altitude with impossible implied vertical rates,SET_ALTITUDE_NULL
4450376,117611,2026-09-27T10:10:43.717Z,4BCD82,SXS5BV,4450298,37000,2026-09-27T10:10:22.595Z,74600,4450456,37000,2026-09-27T10:11:05.682Z,37600,-37600,21.122,21.965,106808.06741785817,-102708.85499658548,B38M,74600,HIGH_CONFIDENCE_BUG,~2x surrounding altitude with impossible implied vertical rates,SET_ALTITUDE_NULL
4450536,117611,2026-09-27T10:11:26.953Z,4BCD82,SXS5BV,4450456,37000,2026-09-27T10:11:05.682Z,74600,4450614,37000,2026-09-27T10:11:49.812Z,37600,-37600,21.271,22.859,106059.8937520568,-98691.98127652128,B38M,74600,HIGH_CONFIDENCE_BUG,~2x surrounding altitude with impossible implied vertical rates,SET_ALTITUDE_NULL
4451027,117611,2026-09-27T10:13:39.231Z,4BCD82,SXS5BV,4450943,37000,2026-09-27T10:13:18.341Z,74600,4451115,37000,2026-09-27T10:14:01.973Z,37600,-37600,20.89,22.742,107994.2556247008,-99199.71858235863,B38M,74600,HIGH_CONFIDENCE_BUG,~2x surrounding altitude with impossible implied vertical rates,SET_ALTITUDE_NULL
4451918,117611,2026-09-27T10:17:14.845Z,4BCD82,SXS5BV,4451830,37000,2026-09-27T10:16:48.271Z,74600,4452007,37000,2026-09-27T10:17:38.338Z,37600,-37600,26.574,23.493,84895.01016030707,-96028.60426510024,B38M,74600,HIGH_CONFIDENCE_BUG,~2x surrounding altitude with impossible implied vertical rates,SET_ALTITUDE_NULL
4453001,117611,2026-09-27T10:22:00.747Z,4BCD82,SXS5BV,4452924,37000,2026-09-27T10:21:38.871Z,74600,4453079,37000,2026-09-27T10:22:22.890Z,37600,-37600,21.876,22.143,103126.71420735052,-101883.21365668609,B38M,74600,HIGH_CONFIDENCE_BUG,~2x surrounding altitude with impossible implied vertical rates,SET_ALTITUDE_NULL
4453153,117611,2026-09-27T10:22:39.520Z,4BCD82,SXS5BV,4453079,37000,2026-09-27T10:22:22.890Z,74600,4453229,37000,2026-09-27T10:23:06.093Z,37600,-37600,16.63,26.573,135658.44858689114,-84898.20494486885,B38M,74600,HIGH_CONFIDENCE_BUG,~2x surrounding altitude with impossible implied vertical rates,SET_ALTITUDE_NULL
4451179,117612,2026-09-27T10:14:10.087Z,4D200E,WMT886,4451091,37000,2026-09-27T10:13:55.256Z,74600,4451267,36975,2026-09-27T10:14:31.419Z,37600,-37625,14.831,21.332,152113.8156563954,-105826.92668291769,A21N,98300,HIGH_CONFIDENCE_BUG,~2x surrounding altitude with impossible implied vertical rates,SET_ALTITUDE_NULL
4450851,117620,2026-09-27T10:12:54.853Z,3C66A7,DLH7YW,4450769,33000,2026-09-27T10:12:32.569Z,66600,4450937,33000,2026-09-27T10:13:15.270Z,33600,-33600,22.284,20.417,90468.49757673667,-98741.2450408973,A320,98675,HIGH_CONFIDENCE_BUG,~2x surrounding altitude with impossible implied vertical rates,SET_ALTITUDE_NULL
4452104,117621,2026-09-27T10:18:03.324Z,471F00,WMT481,4452017,34000,2026-09-27T10:17:39.748Z,68400,4452192,34000,2026-09-27T10:18:09.618Z,34400,-34400,23.576,6.294,87546.65761791651,-327931.36320305057,A321,85900,HIGH_CONFIDENCE_BUG,~2x surrounding altitude with impossible implied vertical rates,SET_ALTITUDE_NULL
4450985,117623,2026-09-27T10:13:30.544Z,4CAD3A,RYR46QC,4450899,36000,2026-09-27T10:13:04.854Z,72800,4451072,36000,2026-09-27T10:13:52.556Z,36800,-36800,25.69,22.012,85947.83962631374,-100308.92240596039,B38M,72800,HIGH_CONFIDENCE_BUG,~2x surrounding altitude with impossible implied vertical rates,SET_ALTITUDE_NULL
4451161,117623,2026-09-27T10:14:13.637Z,4CAD3A,RYR46QC,4451072,36000,2026-09-27T10:13:52.556Z,72800,4451250,36000,2026-09-27T10:14:36.244Z,36800,-36800,21.081,22.607,104738.86438024761,-97668.86362631043,B38M,72800,HIGH_CONFIDENCE_BUG,~2x surrounding altitude with impossible implied vertical rates,SET_ALTITUDE_NULL
4451608,117623,2026-09-27T10:16:03.029Z,4CAD3A,RYR46QC,4451519,36000,2026-09-27T10:15:41.616Z,72800,4451699,36000,2026-09-27T10:16:25.228Z,36800,-36800,21.413,22.199,103114.93018259936,-99463.93981710888,B38M,72800,HIGH_CONFIDENCE_BUG,~2x surrounding altitude with impossible implied vertical rates,SET_ALTITUDE_NULL
4451788,117623,2026-09-27T10:16:46.770Z,4CAD3A,RYR46QC,4451699,36000,2026-09-27T10:16:25.228Z,72800,4451876,36000,2026-09-27T10:17:08.588Z,36800,-36800,21.542,21.818,102497.44684801783,-101200.84334036117,B38M,72800,HIGH_CONFIDENCE_BUG,~2x surrounding altitude with impossible implied vertical rates,SET_ALTITUDE_NULL
4453494,117623,2026-09-27T10:24:22.796Z,4CAD3A,RYR46QC,4453419,36000,2026-09-27T10:24:01.770Z,72800,4453570,36000,2026-09-27T10:24:42.185Z,36800,-36800,21.026,19.389,105012.84124417389,-113879.00355871886,B38M,72800,HIGH_CONFIDENCE_BUG,~2x surrounding altitude with impossible implied vertical rates,SET_ALTITUDE_NULL
4451999,117625,2026-09-27T10:17:36.741Z,46B838,AEE2WD,4451913,37000,2026-09-27T10:17:17.600Z,74600,4452090,37000,2026-09-27T10:18:01.077Z,37600,-37600,19.141,24.336,117862.18065931769,-92702.16962524655,A21N,98200,HIGH_CONFIDENCE_BUG,~2x surrounding altitude with impossible implied vertical rates,SET_ALTITUDE_NULL
4453379,117625,2026-09-27T10:23:48.908Z,46B838,AEE2WD,4453301,37000,2026-09-27T10:23:27.912Z,74600,4453449,37000,2026-09-27T10:24:10.919Z,37600,-37600,20.996,22.011,107449.03791198324,-102494.20744173367,A21N,98200,HIGH_CONFIDENCE_BUG,~2x surrounding altitude with impossible implied vertical rates,SET_ALTITUDE_NULL
4453900,117625,2026-09-27T10:26:20.442Z,46B838,AEE2WD,4453824,37000,2026-09-27T10:25:59.159Z,74600,4453976,37000,2026-09-27T10:26:42.041Z,37600,-37600,21.283,21.599,106000.09397171451,-104449.280059262,A21N,98200,HIGH_CONFIDENCE_BUG,~2x surrounding altitude with impossible implied vertical rates,SET_ALTITUDE_NULL
4454040,117625,2026-09-27T10:27:01.941Z,46B838,AEE2WD,4453976,37000,2026-09-27T10:26:42.041Z,74600,4454109,37000,2026-09-27T10:27:27.203Z,37600,-37600,19.9,25.262,113366.83417085427,-89304.09310426729,A21N,98200,HIGH_CONFIDENCE_BUG,~2x surrounding altitude with impossible implied vertical rates,SET_ALTITUDE_NULL
4454177,117625,2026-09-27T10:27:46.481Z,46B838,AEE2WD,4454109,37000,2026-09-27T10:27:27.203Z,74600,4454247,37000,2026-09-27T10:28:11.381Z,37600,-37600,19.278,24.9,117024.58761282291,-90602.40963855422,A21N,98200,HIGH_CONFIDENCE_BUG,~2x surrounding altitude with impossible implied vertical rates,SET_ALTITUDE_NULL
4454320,117625,2026-09-27T10:28:23.589Z,46B838,AEE2WD,4454247,37000,2026-09-27T10:28:11.381Z,74600,4454402,37000,2026-09-27T10:28:44.207Z,37600,-37600,12.208,20.618,184796.85452162518,-109418.95431176641,A21N,98200,HIGH_CONFIDENCE_BUG,~2x surrounding altitude with impossible implied vertical rates,SET_ALTITUDE_NULL
4452258,117626,2026-09-27T10:18:43.375Z,493293,NJE5MY,4452174,40000,2026-09-27T10:17:38.954Z,80800,4452340,40000,2026-09-27T10:19:02.680Z,40800,-40800,64.421,19.305,38000.031045776996,-126806.52680652682,C68A,87600,HIGH_CONFIDENCE_BUG,~2x surrounding altitude with impossible implied vertical rates,SET_ALTITUDE_NULL
4451243,117631,2026-09-27T10:14:35.045Z,896169,UAE2VL,4451153,37000,2026-09-27T10:13:57.799Z,74600,4451330,37000,2026-09-27T10:14:47.060Z,37600,-37600,37.246,12.015,60570.26257853192,-187765.2933832709,B77L,74600,HIGH_CONFIDENCE_BUG,~2x surrounding altitude with impossible implied vertical rates,SET_ALTITUDE_NULL
4451512,117631,2026-09-27T10:15:38.706Z,896169,UAE2VL,4451424,37000,2026-09-27T10:15:19.256Z,74600,4451601,37000,2026-09-27T10:15:59.095Z,37600,-37600,19.45,20.389,115989.71722365038,-110647.89837657561,B77L,74600,HIGH_CONFIDENCE_BUG,~2x surrounding altitude with impossible implied vertical rates,SET_ALTITUDE_NULL
4452287,117636,2026-09-27T10:18:49.542Z,706074,KAC171,4452203,34000,2026-09-27T10:18:28.439Z,68400,4452370,34000,2026-09-27T10:19:12.784Z,34400,-34400,21.103,23.242,97805.9991470407,-88804.75002151277,A21N,85900,HIGH_CONFIDENCE_BUG,~2x surrounding altitude with impossible implied vertical rates,SET_ALTITUDE_NULL
4453778,117638,2026-09-27T10:25:39.153Z,4C31E1,MPC003,4453703,34000,2026-09-27T10:25:09.328Z,68400,4453855,34000,2026-09-27T10:26:05.716Z,34400,-34400,29.825,26.563,69203.68818105616,-77702.06678462523,C56X,102900,HIGH_CONFIDENCE_BUG,~2x surrounding altitude with impossible implied vertical rates,SET_ALTITUDE_NULL
4453574,117640,2026-09-27T10:24:44.916Z,452138,AMQ776,4453497,32000,2026-09-27T10:24:22.769Z,64800,4453645,32000,2026-09-27T10:25:06.976Z,32800,-32800,22.147,22.06,88860.79378696889,-89211.24206708976,A321,118900,HIGH_CONFIDENCE_BUG,~2x surrounding altitude with impossible implied vertical rates,SET_ALTITUDE_NULL
4451911,117642,2026-09-27T10:17:17.683Z,407CD1,BAW7,4451822,35000,2026-09-27T10:16:55.839Z,71000,4452001,35000,2026-09-27T10:17:38.628Z,36000,-36000,21.844,20.945,98882.98846365135,-103127.23800429696,A35K,71000,HIGH_CONFIDENCE_BUG,~2x surrounding altitude with impossible implied vertical rates,SET_ALTITUDE_NULL
4452176,117642,2026-09-27T10:18:22.062Z,407CD1,BAW7,4452089,35000,2026-09-27T10:18:01.454Z,71000,4452259,35000,2026-09-27T10:18:44.599Z,36000,-36000,20.608,22.537,104813.6645962733,-95842.39251009452,A35K,71000,HIGH_CONFIDENCE_BUG,~2x surrounding altitude with impossible implied vertical rates,SET_ALTITUDE_NULL
4452761,117642,2026-09-27T10:20:55.619Z,407CD1,BAW7,4452680,35000,2026-09-27T10:20:33.389Z,71000,4452841,35000,2026-09-27T10:21:17.244Z,36000,-36000,22.23,21.625,97165.99190283401,-99884.39306358382,A35K,71000,HIGH_CONFIDENCE_BUG,~2x surrounding altitude with impossible implied vertical rates,SET_ALTITUDE_NULL
4453450,117642,2026-09-27T10:24:10.644Z,407CD1,BAW7,4453378,35000,2026-09-27T10:23:49.370Z,71000,4453529,35000,2026-09-27T10:24:32.736Z,36000,-36000,21.274,22.092,101532.38695120806,-97772.94948397609,A35K,71000,HIGH_CONFIDENCE_BUG,~2x surrounding altitude with impossible implied vertical rates,SET_ALTITUDE_NULL
4453902,117642,2026-09-27T10:26:21.141Z,407CD1,BAW7,4453828,35000,2026-09-27T10:25:59.159Z,71000,4453972,35000,2026-09-27T10:26:43.046Z,36000,-36000,21.982,21.905,98262.2145391684,-98607.62383017577,A35K,71000,HIGH_CONFIDENCE_BUG,~2x surrounding altitude with impossible implied vertical rates,SET_ALTITUDE_NULL
4451419,117644,2026-09-27T10:15:08.634Z,4891AB,ENT4181,4451327,34875,2026-09-27T10:14:51.099Z,71000,4451508,35000,2026-09-27T10:15:34.076Z,36125,-36000,17.535,25.442,123609.92301112061,-84898.98592877919,B738,71000,HIGH_CONFIDENCE_BUG,~2x surrounding altitude with impossible implied vertical rates,SET_ALTITUDE_NULL
4453123,117645,2026-09-27T10:22:30.528Z,48AF0B,LOT6648,4453047,38000,2026-09-27T10:21:48.136Z,76400,4453200,38000,2026-09-27T10:22:50.636Z,38400,-38400,42.392,20.108,54349.87733534629,-114581.26118957628,B38M,76400,HIGH_CONFIDENCE_BUG,~2x surrounding altitude with impossible implied vertical rates,SET_ALTITUDE_NULL
4454364,117645,2026-09-27T10:28:45.758Z,48AF0B,LOT6648,4454291,38000,2026-09-27T10:28:23.451Z,76400,4454438,38000,2026-09-27T10:28:52.030Z,38400,-38400,22.307,6.272,103285.96404716007,-367346.9387755102,B38M,76400,HIGH_CONFIDENCE_BUG,~2x surrounding altitude with impossible implied vertical rates,SET_ALTITUDE_NULL
4452155,117646,2026-09-27T10:18:15.905Z,4BCDEB,SXS2YJ,4452069,37000,2026-09-27T10:17:53.894Z,74600,4452242,37000,2026-09-27T10:18:37.011Z,37600,-37600,22.011,21.106,102494.20744173367,-106889.03629299725,B38M,74600,HIGH_CONFIDENCE_BUG,~2x surrounding altitude with impossible implied vertical rates,SET_ALTITUDE_NULL
4452823,117646,2026-09-27T10:21:03.571Z,4BCDEB,SXS2YJ,4452741,37000,2026-09-27T10:20:39.234Z,74600,4452901,37000,2026-09-27T10:21:28.157Z,37600,-37600,24.337,24.586,92698.36052101738,-91759.53794842593,B38M,74600,HIGH_CONFIDENCE_BUG,~2x surrounding altitude with impossible implied vertical rates,SET_ALTITUDE_NULL
4453056,117646,2026-09-27T10:22:16.230Z,4BCDEB,SXS2YJ,4452978,37000,2026-09-27T10:21:44.791Z,74600,4453130,37000,2026-09-27T10:22:37.225Z,37600,-37600,31.439,20.995,71758.00757021534,-107454.15575136938,B38M,74600,HIGH_CONFIDENCE_BUG,~2x surrounding altitude with impossible implied vertical rates,SET_ALTITUDE_NULL
4452615,117647,2026-09-27T10:20:17.606Z,4BCDAA,SXS4RN,4452530,37000,2026-09-27T10:19:55.572Z,74600,4452702,37000,2026-09-27T10:20:40.412Z,37600,-37600,22.034,22.806,102387.21975129345,-98921.33649039727,B38M,74600,HIGH_CONFIDENCE_BUG,~2x surrounding altitude with impossible implied vertical rates,SET_ALTITUDE_NULL
4452210,117650,2026-09-27T10:18:28.297Z,4BB28A,THY7WF,4452126,35000,2026-09-27T10:17:57.371Z,71000,4452294,35000,2026-09-27T10:18:43.225Z,36000,-36000,30.926,14.928,69844.14408588244,-144694.5337620579,A21N,71000,HIGH_CONFIDENCE_BUG,~2x surrounding altitude with impossible implied vertical rates,SET_ALTITUDE_NULL
4452952,117650,2026-09-27T10:21:44.790Z,4BB28A,THY7WF,4452874,35000,2026-09-27T10:21:09.875Z,71000,4453030,35000,2026-09-27T10:22:10.578Z,36000,-36000,34.915,25.788,61864.52813976801,-83759.88832014891,A21N,71000,HIGH_CONFIDENCE_BUG,~2x surrounding altitude with impossible implied vertical rates,SET_ALTITUDE_NULL
4452414,117657,2026-09-27T10:19:21.332Z,4D252A,WZZ3BU,4452331,35000,2026-09-27T10:19:03.745Z,71000,4452496,35000,2026-09-27T10:19:47.159Z,36000,-36000,17.587,25.827,122817.99056120997,-83633.40689975607,A21N,71025,HIGH_CONFIDENCE_BUG,~2x surrounding altitude with impossible implied vertical rates,SET_ALTITUDE_NULL
4452412,117658,2026-09-27T10:19:24.457Z,3C6427,CFG4DP,4452329,36000,2026-09-27T10:19:00.128Z,72800,4452494,36000,2026-09-27T10:19:30.504Z,36800,-36800,24.329,6.047,90755.88803485552,-365139.7387134116,A321,80675,HIGH_CONFIDENCE_BUG,~2x surrounding altitude with impossible implied vertical rates,SET_ALTITUDE_NULL
4452417,117659,2026-09-27T10:19:25.013Z,76CD41,SIA305,4452335,35000,2026-09-27T10:19:03.908Z,71000,4452500,35000,2026-09-27T10:19:47.405Z,36000,-36000,21.105,22.392,102345.4157782516,-96463.02250803859,A359,71000,HIGH_CONFIDENCE_BUG,~2x surrounding altitude with impossible implied vertical rates,SET_ALTITUDE_NULL
4453787,117661,2026-09-27T10:25:29.941Z,39C422,AFR284,4453712,34975,2026-09-27T10:24:38.904Z,70175,4453864,35000,2026-09-27T10:26:07.839Z,35200,-35175,51.037,37.898,41381.74265728785,-55688.95456224603,B789,71000,HIGH_CONFIDENCE_BUG,~2x surrounding altitude with impossible implied vertical rates,SET_ALTITUDE_NULL
4452231,117662,2026-09-27T10:18:33.845Z,4BB567,CAI7MF,4452147,37000,2026-09-27T10:18:09.617Z,74600,4452317,37000,2026-09-27T10:18:37.854Z,37600,-37600,24.228,4.009,93115.40366518078,-562733.8488401098,B38M,74600,HIGH_CONFIDENCE_BUG,~2x surrounding altitude with impossible implied vertical rates,SET_ALTITUDE_NULL
4452352,117663,2026-09-27T10:19:09.807Z,458665,CAT318,4452270,36000,2026-09-27T10:18:47.958Z,72800,4452435,36000,2026-09-27T10:19:18.534Z,36800,-36800,21.849,8.727,101057.25662501717,-253007.90649707805,B738,76400,HIGH_CONFIDENCE_BUG,~2x surrounding altitude with impossible implied vertical rates,SET_ALTITUDE_NULL
4454215,117664,2026-09-27T10:27:55.322Z,4BC89A,PGT64N,4454147,35000,2026-09-27T10:27:37.167Z,71000,4454283,35000,2026-09-27T10:28:23.132Z,36000,-36000,18.155,27.81,118975.48884604793,-77669.90291262136,A21N,71025,HIGH_CONFIDENCE_BUG,~2x surrounding altitude with impossible implied vertical rates,SET_ALTITUDE_NULL
4453690,117674,2026-09-27T10:25:19.048Z,4CAE61,RYR4163,4453617,36000,2026-09-27T10:24:57.585Z,72800,4453765,36000,2026-09-27T10:25:41.137Z,36800,-36800,21.463,22.089,102874.7146251689,-99959.25573815021,B38M,72800,HIGH_CONFIDENCE_BUG,~2x surrounding altitude with impossible implied vertical rates,SET_ALTITUDE_NULL
4453841,117674,2026-09-27T10:25:58.595Z,4CAE61,RYR4163,4453765,36000,2026-09-27T10:25:41.137Z,72800,4453918,36000,2026-09-27T10:26:21.277Z,36800,-36800,17.458,22.682,126474.96849581854,-97345.91305881315,B38M,72800,HIGH_CONFIDENCE_BUG,~2x surrounding altitude with impossible implied vertical rates,SET_ALTITUDE_NULL
4454190,117674,2026-09-27T10:27:52.458Z,4CAE61,RYR4163,4454124,36000,2026-09-27T10:27:30.310Z,72800,4454259,36000,2026-09-27T10:28:14.277Z,36800,-36800,22.148,21.819,99692.97453494673,-101196.20514230717,B38M,72800,HIGH_CONFIDENCE_BUG,~2x surrounding altitude with impossible implied vertical rates,SET_ALTITUDE_NULL
4454333,117674,2026-09-27T10:28:36.315Z,4CAE61,RYR4163,4454259,36000,2026-09-27T10:28:14.277Z,72800,4454413,36000,2026-09-27T10:28:52.533Z,36800,-36800,22.038,16.218,100190.5799074326,-136145.0240473548,B38M,72800,HIGH_CONFIDENCE_BUG,~2x surrounding altitude with impossible implied vertical rates,SET_ALTITUDE_NULL
4453033,117675,2026-09-27T10:22:10.113Z,8963EA,UAE69R,4452955,36000,2026-09-27T10:21:48.539Z,72800,4453110,36000,2026-09-27T10:22:31.739Z,36800,-36800,21.574,21.626,102345.41577825161,-102099.32488671044,A388,72800,HIGH_CONFIDENCE_BUG,~2x surrounding altitude with impossible implied vertical rates,SET_ALTITUDE_NULL
4453708,117675,2026-09-27T10:25:23.504Z,8963EA,UAE69R,4453636,36000,2026-09-27T10:25:02.785Z,72800,4453784,36000,2026-09-27T10:25:46.258Z,36800,-36800,20.719,22.754,106568.84984796564,-97037.88344906391,A388,72800,HIGH_CONFIDENCE_BUG,~2x surrounding altitude with impossible implied vertical rates,SET_ALTITUDE_NULL
4453936,117675,2026-09-27T10:26:30.098Z,8963EA,UAE69R,4453861,36000,2026-09-27T10:26:08.584Z,72800,4454004,36000,2026-09-27T10:26:50.807Z,36800,-36800,21.514,20.709,102630.84503114251,-106620.31001014051,A388,72800,HIGH_CONFIDENCE_BUG,~2x surrounding altitude with impossible implied vertical rates,SET_ALTITUDE_NULL
4454139,117675,2026-09-27T10:27:33.634Z,8963EA,UAE69R,4454074,36000,2026-09-27T10:27:13.645Z,72800,4454210,36000,2026-09-27T10:27:49.807Z,36800,-36800,19.989,16.173,110460.7534143779,-136523.8360230013,A388,72800,HIGH_CONFIDENCE_BUG,~2x surrounding altitude with impossible implied vertical rates,SET_ALTITUDE_NULL
4453050,117676,2026-09-27T10:22:07.218Z,48C12E,RYR4155,4452970,36000,2026-09-27T10:21:11.322Z,72825,4453126,36350,2026-09-27T10:22:34.853Z,36825,-36475,55.896,27.635,39528.76771146415,-79193.05228876424,B738,118700,HIGH_CONFIDENCE_BUG,~2x surrounding altitude with impossible implied vertical rates,SET_ALTITUDE_NULL
4453560,117680,2026-09-27T10:24:41.730Z,4BC84C,PGT9GP,4453485,34025,2026-09-27T10:24:07.213Z,68425,4453633,34025,2026-09-27T10:24:59.589Z,34400,-34400,34.517,17.859,59796.62195439928,-115571.98051402654,A21N,85900,HIGH_CONFIDENCE_BUG,~2x surrounding altitude with impossible implied vertical rates,SET_ALTITUDE_NULL
4454122,117681,2026-09-27T10:27:27.312Z,45C86B,FLI7121,4454055,37975,2026-09-27T10:27:04.313Z,76400,4454188,38000,2026-09-27T10:27:51.574Z,38425,-38400,22.999,24.262,100243.48884734118,-94963.31712142445,A20N,76425,HIGH_CONFIDENCE_BUG,~2x surrounding altitude with impossible implied vertical rates,SET_ALTITUDE_NULL
4453620,117682,2026-09-27T10:24:57.640Z,4BCE46,SXS9RW,4453546,36000,2026-09-27T10:24:34.426Z,72800,4453692,36000,2026-09-27T10:25:17.684Z,36800,-36800,23.214,20.044,95115.01680020677,-110157.65316304131,B738,72800,HIGH_CONFIDENCE_BUG,~2x surrounding altitude with impossible implied vertical rates,SET_ALTITUDE_NULL
4453783,117683,2026-09-27T10:25:46.256Z,4ACB5A,SAS7396,4453707,38025,2026-09-27T10:25:24.780Z,76400,4453860,38000,2026-09-27T10:26:08.311Z,38375,-38400,21.476,22.055,107212.70255168561,-104466.10745862617,A320,76400,HIGH_CONFIDENCE_BUG,~2x surrounding altitude with impossible implied vertical rates,SET_ALTITUDE_NULL
4453237,117685,2026-09-27T10:23:08.137Z,4BA94A,THY8,4453166,37000,2026-09-27T10:22:47.275Z,74600,4453312,37000,2026-09-27T10:23:31.032Z,37600,-37600,20.862,22.895,108139.2004601668,-98536.79842760428,B77W,74600,HIGH_CONFIDENCE_BUG,~2x surrounding altitude with impossible implied vertical rates,SET_ALTITUDE_NULL
4454187,117685,2026-09-27T10:27:52.704Z,4BA94A,THY8,4454121,37000,2026-09-27T10:27:30.698Z,74600,4454257,37000,2026-09-27T10:28:15.038Z,37600,-37600,22.006,22.334,102517.49522857401,-101011.91009223605,B77W,74600,HIGH_CONFIDENCE_BUG,~2x surrounding altitude with impossible implied vertical rates,SET_ALTITUDE_NULL
4454328,117685,2026-09-27T10:28:36.406Z,4BA94A,THY8,4454257,37000,2026-09-27T10:28:15.038Z,74600,4454406,37000,2026-09-27T10:28:51.166Z,37600,-37600,21.368,14.76,105578.43504305503,-152845.52845528454,B77W,74600,HIGH_CONFIDENCE_BUG,~2x surrounding altitude with impossible implied vertical rates,SET_ALTITUDE_NULL
4454265,117686,2026-09-27T10:28:16.682Z,86E7BC,ANA218,4454195,29375,2026-09-27T10:27:49.015Z,60300,4454335,30325,2026-09-27T10:28:39.587Z,30925,-29975,27.667,22.905,67065.45704268623,-78519.97380484611,B789,73175,HIGH_CONFIDENCE_BUG,~2x surrounding altitude with impossible implied vertical rates,SET_ALTITUDE_NULL
4454349,117688,2026-09-27T10:28:42.208Z,4CADE0,RYR4QV,4454274,36000,2026-09-27T10:28:21.022Z,72800,4454436,36000,2026-09-27T10:28:52.690Z,36800,-36800,21.186,10.482,104219.76777116963,-210646.82312535777,B38M,72800,HIGH_CONFIDENCE_BUG,~2x surrounding altitude with impossible implied vertical rates,SET_ALTITUDE_NULL
4454366,117693,2026-09-27T10:28:32.380Z,471FA3,WZZ909,4454293,35900,2026-09-27T10:28:26.476Z,71375,4454376,35325,2026-09-27T10:28:51.648Z,35475,-36050,5.904,19.268,360518.2926829268,-112258.66722026157,A21N,71375,HIGH_CONFIDENCE_BUG,~2x surrounding altitude with impossible implied vertical rates,SET_ALTITUDE_NULL
4453927,117704,2026-09-27T10:26:24.613Z,486648,CND3W,4453854,36000,2026-09-27T10:26:04.623Z,72800,4453997,36000,2026-09-27T10:26:45.611Z,36800,-36800,19.99,20.998,110455.2276138069,-105152.87170206687,B39M,72800,HIGH_CONFIDENCE_BUG,~2x surrounding altitude with impossible implied vertical rates,SET_ALTITUDE_NULL
4454311,117708,2026-09-27T10:28:29.073Z,47875A,NOZ1561,4454244,34000,2026-09-27T10:28:07.241Z,68400,4454449,34000,2026-09-27T10:28:43.999Z,34400,-34400,21.832,14.926,94540.12458776108,-138282.19214792977,B738,68400,HIGH_CONFIDENCE_BUG,~2x surrounding altitude with impossible implied vertical rates,SET_ALTITUDE_NULL
